season,week,position,player_id,player_display_name,actual,baseline_pred,ensemble_pred,model_pred,q10,q50,q90,baseline_error,model_error,ensemble_error,model_advantage,ensemble_advantage
2023,1,RB,00-0029239,Brandon Bolden,0.0,0.8,0.083,0.229,-0.194,0.237,2.979,0.8,0.229,0.083,0.571,0.717
2023,1,RB,00-0030513,Latavius Murray,2.7,14.55,11.835,11.67,3.475,10.808,22.736,11.85,8.97,9.135,2.88,2.715
2023,1,RB,00-0031376,Jerick McKinnon,2.0,19.55,12.111,13.621,2.52,9.707,21.207,17.55,11.621,10.111,5.929,7.439
2023,1,RB,00-0031687,Raheem Mostert,13.0,13.175,10.697,11.37,2.513,9.566,21.589,0.175,1.63,2.303,-1.455,-2.128
2023,1,RB,00-0032104,Ameer Abdullah,0.0,3.45,4.06,4.166,0.191,3.427,10.349,3.45,4.166,4.06,-0.716,-0.61
2023,1,RB,00-0032764,Derrick Henry,13.9,19.8,14.879,12.271,5.275,12.678,24.167,5.9,1.629,0.979,4.271,4.921
2023,1,RB,00-0033045,Ezekiel Elliott,7.3,9.725,9.609,8.752,2.123,6.719,20.361,2.425,1.452,2.309,0.973,0.116
2023,1,RB,00-0033280,Christian McCaffrey,25.9,21.95,16.865,16.679,5.712,13.786,25.726,3.95,9.221,9.035,-5.271,-5.085
2023,1,RB,00-0033293,Aaron Jones,26.7,11.775,11.6,12.267,3.336,11.183,22.389,14.925,14.433,15.1,0.492,-0.175
2023,1,RB,00-0033308,Matt Breida,1.6,5.45,6.286,7.108,0.793,5.32,16.355,3.85,5.508,4.686,-1.658,-0.836
2023,1,RB,00-0033526,Samaje Perine,11.8,5.3,9.215,8.266,1.317,6.867,17.349,6.5,3.534,2.585,2.966,3.915
2023,1,RB,00-0033553,James Conner,12.0,20.125,14.887,13.703,5.515,10.547,22.488,8.125,1.703,2.887,6.422,5.238
2023,1,RB,00-0033699,Austin Ekeler,26.4,20.0,13.724,13.865,6.189,11.807,23.981,6.4,12.535,12.676,-6.135,-6.276
2023,1,RB,00-0033893,Dalvin Cook,8.9,11.7,11.123,11.126,3.217,10.415,22.81,2.8,2.226,2.223,0.574,0.577
2023,1,RB,00-0033897,Joe Mixon,10.3,14.65,11.716,11.006,3.437,9.826,23.186,4.35,0.706,1.416,3.644,2.934
2023,1,RB,00-0033925,D'Onta Foreman,4.4,8.425,8.603,8.701,1.487,7.29,19.246,4.025,4.301,4.203,-0.276,-0.178
2023,1,RB,00-0033948,Jamaal Williams,7.2,12.15,10.015,9.795,1.992,8.937,21.514,4.95,2.595,2.815,2.355,2.135
2023,1,RB,00-0034184,Gus Edwards,5.2,4.3,6.346,6.234,0.394,4.92,15.808,0.9,1.034,1.146,-0.134,-0.246
2023,1,RB,00-0034208,Mike Boone,4.8,3.05,5.448,4.826,0.31,3.677,13.506,1.75,0.026,0.648,1.724,1.102
2023,1,RB,00-0034414,Boston Scott,2.0,3.0,4.793,4.631,0.56,3.681,14.16,1.0,2.631,2.793,-1.631,-1.793
2023,1,RB,00-0034681,Chase Edmonds,0.8,5.675,7.801,8.036,0.796,6.29,17.673,4.875,7.236,7.001,-2.361,-2.126
2023,1,RB,00-0034791,Nick Chubb,16.7,14.225,14.011,14.372,4.212,11.697,25.235,2.475,2.328,2.689,0.147,-0.214
2023,1,RB,00-0034844,Saquon Barkley,9.3,16.1,14.225,14.184,4.773,14.085,24.235,6.8,4.884,4.925,1.916,1.875
2023,1,RB,00-0034972,Alexander Mattison,13.4,6.575,6.478,6.541,0.786,5.066,18.034,6.825,6.859,6.922,-0.034,-0.097
2023,1,RB,00-0034975,Justice Hill,12.9,1.9,5.321,5.211,0.247,3.081,13.397,11.0,7.689,7.579,3.311,3.421
2023,1,RB,00-0035243,Miles Sanders,11.8,4.35,8.934,9.144,1.933,8.51,18.561,7.45,2.656,2.866,4.794,4.584
2023,1,RB,00-0035250,Devin Singletary,1.5,9.5,10.598,10.839,2.033,9.008,20.18,8.0,9.339,9.098,-1.339,-1.098
2023,1,RB,00-0035261,Tony Pollard,22.2,13.175,11.126,10.501,2.123,8.851,21.969,9.025,11.699,11.074,-2.674,-2.049
2023,1,RB,00-0035291,Trayveon Williams,0.7,0.45,2.686,3.227,0.091,1.809,9.951,0.25,2.527,1.986,-2.277,-1.736
2023,1,RB,00-0035594,Travis Homer,0.0,5.925,0.505,-0.066,-0.16,-0.03,4.239,5.925,0.066,0.505,5.859,5.42
2023,1,RB,00-0035628,D'Ernest Johnson,-0.4,0.0,2.269,3.361,0.111,1.603,10.674,0.4,3.761,2.669,-3.361,-2.269
2023,1,RB,00-0035657,Damien Harris,3.9,6.75,8.222,7.901,1.035,6.5,17.834,2.85,4.001,4.322,-1.151,-1.472
2023,1,RB,00-0035685,David Montgomery,13.4,10.55,10.135,10.132,2.274,9.411,21.293,2.85,3.268,3.265,-0.418,-0.415
2023,1,RB,00-0035700,Josh Jacobs,9.1,11.375,13.606,13.759,5.678,12.344,24.044,2.275,4.659,4.506,-2.384,-2.231
2023,1,RB,00-0035860,Tony Jones,0.5,3.15,4.235,5.16,0.301,3.558,13.721,2.65,4.66,3.735,-2.01,-1.085
2023,1,RB,00-0035973,Patrick Taylor,2.2,1.45,3.589,3.211,0.124,2.566,11.856,0.75,1.011,1.389,-0.261,-0.639
2023,1,RB,00-0036020,Salvon Ahmed,1.1,3.225,3.969,4.645,0.289,3.218,11.612,2.125,3.545,2.869,-1.42,-0.744
2023,1,RB,00-0036139,Rico Dowdle,2.4,0.0,3.389,3.362,0.109,2.067,12.543,2.4,0.962,0.989,1.438,1.411
2023,1,RB,00-0036158,J.K. Dobbins,11.7,11.75,13.499,13.955,3.47,9.91,21.831,0.05,2.255,1.799,-2.205,-1.749
2023,1,RB,00-0036265,AJ Dillon,5.6,12.075,11.745,12.174,3.651,9.67,22.593,6.475,6.574,6.145,-0.099,0.33
2023,1,RB,00-0036275,D'Andre Swift,1.3,14.825,12.906,12.992,2.909,11.22,22.174,13.525,11.692,11.606,1.833,1.919
2023,1,RB,00-0036328,Antonio Gibson,0.9,6.525,9.891,9.637,1.652,8.593,19.204,5.625,8.737,8.991,-3.112,-3.366
2023,1,RB,00-0036336,Anthony McFarland,3.1,2.55,4.214,4.957,0.279,3.83,12.407,0.55,1.857,1.114,-1.307,-0.564
2023,1,RB,00-0036360,Clyde Edwards-Helaire,3.9,3.25,4.574,4.738,0.291,3.273,12.873,0.65,0.838,0.674,-0.188,-0.024
2023,1,RB,00-0036370,Joshua Kelley,15.1,6.075,7.892,7.756,1.012,6.151,17.676,9.025,7.344,7.208,1.681,1.817
2023,1,RB,00-0036414,Cam Akers,8.9,19.45,16.798,16.254,5.623,14.487,24.78,10.55,7.354,7.898,3.196,2.652
2023,1,RB,00-0036425,DeeJay Dallas,2.8,7.575,7.959,8.129,0.918,5.957,17.915,4.775,5.329,5.159,-0.554,-0.384
2023,1,RB,00-0036493,Deon Jackson,3.8,8.125,6.23,6.044,0.613,5.334,14.163,4.325,2.244,2.43,2.081,1.895
2023,1,RB,00-0036555,Chuba Hubbard,8.9,9.65,10.224,10.21,2.886,8.97,20.408,0.75,1.31,1.324,-0.56,-0.574
2023,1,RB,00-0036567,Elijah Mitchell,1.0,9.875,7.381,7.683,0.763,6.625,17.534,8.875,6.683,6.381,2.192,2.494
2023,1,RB,00-0036569,Gary Brightwell,3.1,2.025,4.968,5.568,0.331,3.623,14.283,1.075,2.468,1.868,-1.393,-0.793
2023,1,RB,00-0036857,Chris Evans,2.1,1.95,2.794,2.52,-0.0,1.75,8.643,0.15,0.42,0.694,-0.27,-0.544
2023,1,RB,00-0036860,Jake Funk,3.2,0.125,2.266,3.198,0.095,1.367,10.459,3.075,0.002,0.934,3.073,2.141
2023,1,RB,00-0036875,Rhamondre Stevenson,14.9,12.1,12.638,12.011,2.882,10.097,24.017,2.8,2.889,2.262,-0.089,0.538
2023,1,RB,00-0036893,Najee Harris,5.3,16.1,12.238,10.907,5.017,12.362,24.151,10.8,5.607,6.938,5.193,3.862
2023,1,RB,00-0036906,Khalil Herbert,11.4,4.25,6.575,7.134,0.706,5.726,16.663,7.15,4.266,4.825,2.884,2.325
2023,1,RB,00-0036919,Kenny Gainwell,11.4,5.525,7.745,7.714,1.291,5.819,16.768,5.875,3.686,3.655,2.189,2.22
2023,1,RB,00-0036924,Michael Carter,3.8,4.775,5.983,6.42,0.789,5.35,14.224,0.975,2.62,2.183,-1.645,-1.208
2023,1,RB,00-0036973,Travis Etienne,21.4,13.825,12.662,13.034,3.632,11.062,23.452,7.575,8.366,8.738,-0.791,-1.163
2023,1,RB,00-0036997,Javonte Williams,9.7,10.5,12.58,12.179,3.408,10.224,23.06,0.8,2.479,2.88,-1.679,-2.08
2023,1,RB,00-0037197,Isiah Pacheco,9.4,11.0,11.498,11.417,1.306,8.17,18.366,1.6,2.017,2.098,-0.417,-0.498
2023,1,RB,00-0037228,Jaylen Warren,6.8,9.0,7.611,7.227,1.261,6.654,17.399,2.2,0.427,0.811,1.773,1.389
2023,1,RB,00-0037248,James Cook,10.3,9.825,8.315,7.589,0.56,5.523,16.894,0.475,2.711,1.985,-2.236,-1.51
2023,1,RB,00-0037256,Rachaad White,6.9,7.975,8.466,8.102,0.663,6.176,17.296,1.075,1.202,1.566,-0.127,-0.491
2023,1,RB,00-0037258,Dameon Pierce,6.7,8.15,10.457,11.293,1.245,9.253,18.674,1.45,4.593,3.757,-3.143,-2.307
2023,1,RB,00-0037263,Tyler Allgeier,24.4,17.075,12.388,12.109,6.26,11.962,18.447,7.325,12.291,12.012,-4.966,-4.687
2023,1,RB,00-0037267,Jerome Ford,1.6,0.225,3.378,3.663,0.134,2.295,11.947,1.375,2.063,1.778,-0.688,-0.403
2023,1,RB,00-0037276,Ty Chandler,2.8,1.0,4.225,4.196,0.198,2.612,13.488,1.8,1.396,1.425,0.404,0.375
2023,1,RB,00-0037299,Keaontay Ingram,-0.4,0.65,2.546,2.965,0.194,2.479,10.97,1.05,3.365,2.946,-2.315,-1.896
2023,1,RB,00-0037557,Ronnie Rivers,0.0,5.0,1.275,0.438,-0.194,0.019,3.245,5.0,0.438,1.275,4.562,3.725
2023,1,RB,00-0037746,Brian Robinson,13.6,9.825,10.883,10.732,4.413,10.354,21.919,3.775,2.868,2.717,0.907,1.058
2023,1,RB,00-0037840,Kyren Williams,17.4,2.075,4.358,4.802,0.15,2.743,11.461,15.325,12.598,13.042,2.727,2.283
2023,1,RB,00-0038040,Zamir White,1.7,0.575,3.813,4.023,0.125,2.191,11.811,1.125,2.323,2.113,-1.198,-0.988
2023,1,RB,00-0038098,Pierre Strong,0.0,6.675,1.156,-0.176,-0.194,-0.023,2.714,6.675,0.176,1.156,6.499,5.519
2023,1,RB,00-0038120,Breece Hall,15.7,19.2,12.071,10.985,4.318,10.951,19.721,3.5,4.715,3.629,-1.215,-0.129
2023,1,RB,00-0038134,Kenneth Walker III,10.7,13.25,11.675,10.366,4.675,11.03,18.278,2.55,0.334,0.975,2.216,1.575
2023,1,WR,00-0028002,Randall Cobb,0.0,3.7,5.461,5.615,0.041,3.995,13.175,3.7,5.615,5.461,-1.915,-1.761
2023,1,WR,00-0029293,Marvin Jones,0.8,7.8,7.936,6.79,1.254,6.12,16.428,7.0,5.99,7.136,1.01,-0.136
2023,1,WR,00-0030035,Adam Thielen,3.2,6.625,7.416,7.48,1.297,7.042,16.291,3.425,4.28,4.216,-0.855,-0.791
2023,1,WR,00-0030068,Marquise Goodwin,0.0,6.5,7.024,6.807,0.218,5.525,15.409,6.5,6.807,7.024,-0.307,-0.524
2023,1,WR,00-0030279,Keenan Allen,14.2,20.0,17.537,17.608,6.073,14.408,27.594,5.8,3.408,3.337,2.392,2.463
2023,1,WR,00-0030431,Robert Woods,11.7,8.275,9.538,8.979,1.762,7.691,17.776,3.425,2.721,2.162,0.704,1.263
2023,1,WR,00-0030564,DeAndre Hopkins,13.5,11.5,11.942,11.99,3.077,9.801,21.975,2.0,1.51,1.558,0.49,0.442
2023,1,WR,00-0031235,Odell Beckham Jr.,5.7,8.525,9.432,8.676,2.465,9.14,18.674,2.825,2.976,3.732,-0.151,-0.907
2023,1,WR,00-0031236,Brandin Cooks,4.2,13.5,11.232,11.023,2.182,9.456,21.479,9.3,6.823,7.032,2.477,2.268
2023,1,WR,00-0031381,Davante Adams,12.6,14.225,12.955,13.069,3.586,10.775,23.491,1.625,0.469,0.355,1.156,1.27
2023,1,WR,00-0031408,Mike Evans,18.6,19.075,12.129,12.186,3.925,10.816,23.106,0.475,6.414,6.471,-5.939,-5.996
2023,1,WR,00-0031428,Allen Robinson,11.4,9.725,10.174,9.775,2.231,8.082,19.646,1.675,1.625,1.226,0.05,0.449
2023,1,WR,00-0031544,Amari Cooper,6.7,13.9,12.945,12.688,2.881,9.937,22.457,7.2,5.988,6.245,1.212,0.955
2023,1,WR,00-0031588,Stefon Diggs,26.2,11.35,11.964,13.342,2.912,11.57,23.049,14.85,12.858,14.236,1.992,0.614
2023,1,WR,00-0031763,DeAndre Carter,1.5,2.55,4.229,4.608,0.026,3.696,13.255,1.05,3.108,2.729,-2.058,-1.679
2023,1,WR,00-0031941,Jamison Crowder,0.0,3.0,1.806,0.236,-0.186,-0.001,2.79,3.0,0.236,1.806,2.764,1.194
2023,1,WR,00-0032200,Ty Montgomery,3.6,2.75,3.691,4.144,0.004,3.011,11.643,0.85,0.544,0.091,0.306,0.759
2023,1,WR,00-0032208,Phillip Dorsett,0.0,3.925,6.398,6.848,0.106,4.358,15.734,3.925,6.848,6.398,-2.923,-2.473
2023,1,WR,00-0032211,Tyler Lockett,3.0,12.425,12.639,12.183,2.756,10.031,21.563,9.425,9.183,9.639,0.242,-0.214
2023,1,WR,00-0032385,Sterling Shepard,0.0,9.475,11.186,11.841,2.481,10.057,21.39,9.475,11.841,11.186,-2.366,-1.711
2023,1,WR,00-0032398,Chris Moore,0.0,5.45,9.38,8.594,2.367,7.569,18.891,5.45,8.594,9.38,-3.144,-3.93
2023,1,WR,00-0032464,Kalif Raymond,3.0,10.425,7.422,6.954,0.697,5.118,16.48,7.425,3.954,4.422,3.471,3.003
2023,1,WR,00-0032765,Michael Thomas,11.1,16.875,12.314,11.717,2.644,10.58,22.552,5.775,0.617,1.214,5.158,4.561
2023,1,WR,00-0033009,Tyler Boyd,3.0,7.425,7.973,6.729,0.51,5.647,15.553,4.425,3.729,4.973,0.696,-0.548
2023,1,WR,00-0033040,Tyreek Hill,44.5,14.05,13.378,12.967,3.639,12.011,23.204,30.45,31.533,31.122,-1.083,-0.672
2023,1,WR,00-0033251,Zach Pascal,0.0,0.775,2.465,3.399,-0.023,2.6,10.974,0.775,3.399,2.465,-2.624,-1.69
2023,1,WR,00-0033282,Curtis Samuel,11.0,6.475,7.412,6.834,0.324,5.489,15.333,4.525,4.166,3.588,0.359,0.937
2023,1,WR,00-0033292,Trent Taylor,0.0,1.1,-0.447,0.125,-0.192,-0.047,2.813,1.1,0.125,0.447,0.975,0.653
2023,1,WR,00-0033307,Kendrick Bourne,24.4,9.05,8.679,8.94,1.359,5.586,18.468,15.35,15.46,15.721,-0.11,-0.371
2023,1,WR,00-0033466,Isaiah McKenzie,0.0,3.675,2.819,0.1,-0.182,0.034,4.563,3.675,0.1,2.819,3.575,0.856
2023,1,WR,00-0033536,Mike Williams,8.5,11.475,12.832,12.41,2.734,8.85,21.868,2.975,3.91,4.332,-0.935,-1.357
2023,1,WR,00-0033555,Mack Hollins,6.1,6.55,8.433,8.938,1.793,6.563,18.141,0.45,2.838,2.333,-2.388,-1.883
2023,1,WR,00-0033572,Jamal Agnew,-0.2,3.2,3.988,4.338,-0.004,2.516,12.702,3.4,4.538,4.188,-1.138,-0.788
2023,1,WR,00-0033591,Noah Brown,4.9,7.025,6.894,5.995,0.291,5.254,16.04,2.125,1.095,1.994,1.03,0.131
2023,1,WR,00-0033857,JuJu Smith-Schuster,7.3,8.025,8.924,7.928,0.972,6.476,18.065,0.725,0.628,1.624,0.097,-0.899
2023,1,WR,00-0033891,Zay Jones,16.5,12.125,10.53,10.581,2.545,9.605,20.977,4.375,5.919,5.97,-1.544,-1.595
2023,1,WR,00-0033921,Chris Godwin Jr.,10.1,16.775,12.199,11.518,3.2,10.854,23.922,6.675,1.418,2.099,5.257,4.576
2023,1,WR,00-0033943,Josh Reynolds,12.0,6.325,6.261,5.955,0.232,4.848,14.22,5.675,6.045,5.739,-0.37,-0.064
2023,1,WR,00-0034054,River Cracraft,13.0,3.975,4.81,4.417,0.004,3.176,12.025,9.025,8.583,8.19,0.442,0.835
2023,1,WR,00-0034272,Marquez Valdes-Scantling,6.8,5.525,7.609,7.062,0.239,5.865,14.917,1.275,0.262,0.809,1.013,0.466
2023,1,WR,00-0034286,Richie James,1.6,11.45,11.973,12.317,2.399,9.306,21.098,9.85,10.717,10.373,-0.867,-0.523
2023,1,WR,00-0034317,Keith Kirkwood,0.0,0.95,4.018,3.704,-0.041,2.491,10.959,0.95,3.704,4.018,-2.754,-3.068
2023,1,WR,00-0034348,Courtland Sutton,13.2,8.025,10.079,9.364,2.258,7.506,19.283,5.175,3.836,3.121,1.339,2.054
2023,1,WR,00-0034386,Justin Watson,6.5,2.85,6.051,6.008,0.075,4.135,14.559,3.65,0.492,0.449,3.158,3.201
2023,1,WR,00-0034407,Ray-Ray McCloud,0.0,5.225,0.7,-0.25,-0.182,-0.001,2.934,5.225,0.25,0.7,4.975,4.525
2023,1,WR,00-0034419,Braxton Berrios,7.2,1.45,3.209,3.517,0.008,2.846,11.451,5.75,3.683,3.991,2.067,1.759
2023,1,WR,00-0034521,Allen Lazard,6.6,9.45,10.461,10.134,2.38,9.555,21.126,2.85,3.534,3.861,-0.684,-1.011
2023,1,WR,00-0034646,Brandon Powell,0.0,2.7,2.851,0.627,-0.181,-0.046,2.697,2.7,0.627,2.851,2.073,-0.151
2023,1,WR,00-0034764,Michael Gallup,2.0,5.925,8.602,8.813,0.989,7.0,18.783,3.925,6.813,6.602,-2.888,-2.677
2023,1,WR,00-0034775,Christian Kirk,1.9,11.7,11.867,12.863,3.42,11.326,23.497,9.8,10.963,9.967,-1.163,-0.167
2023,1,WR,00-0034827,DJ Moore,4.5,16.025,13.129,12.733,3.333,11.649,22.944,11.525,8.233,8.629,3.292,2.896
2023,1,WR,00-0034837,Calvin Ridley,24.1,15.25,14.226,15.242,6.547,14.187,25.199,8.85,8.858,9.874,-0.008,-1.024
2023,1,WR,00-0034960,Jakobi Meyers,29.1,14.025,12.002,12.687,2.887,10.725,21.465,15.075,16.413,17.098,-1.338,-2.023
2023,1,WR,00-0035215,Deonte Harty,4.3,0.825,2.407,3.77,0.001,2.703,11.104,3.475,0.53,1.893,2.945,1.582
2023,1,WR,00-0035216,Diontae Johnson,7.8,11.175,14.141,13.854,3.993,10.779,23.871,3.375,6.054,6.341,-2.679,-2.966
2023,1,WR,00-0035298,Scott Miller,0.0,0.875,0.93,0.281,-0.192,-0.039,2.684,0.875,0.281,0.93,0.594,-0.055
2023,1,WR,00-0035406,Lil'Jordan Humphrey,9.1,1.0,2.674,3.717,-0.023,2.652,11.49,8.1,5.383,6.426,2.717,1.674
2023,1,WR,00-0035500,Greg Dortch,0.0,9.075,3.733,-0.356,-0.113,-0.025,5.357,9.075,0.356,3.733,8.719,5.342
2023,1,WR,00-0035535,Darius Slayton,4.5,6.7,8.7,8.77,1.664,7.318,18.399,2.2,4.27,4.2,-2.07,-2.0
2023,1,WR,00-0035639,Parris Campbell,1.2,7.075,9.069,9.429,1.659,7.874,19.75,5.875,8.229,7.869,-2.354,-1.994
2023,1,WR,00-0035640,DK Metcalf,13.7,8.975,11.994,13.208,3.001,11.009,23.376,4.725,0.492,1.706,4.233,3.019
2023,1,WR,00-0035659,Terry McLaurin,5.1,13.2,13.405,14.762,3.585,10.608,22.226,8.1,9.662,8.305,-1.562,-0.205
2023,1,WR,00-0035662,Marquise Brown,8.7,7.125,8.636,8.375,1.998,6.994,18.031,1.575,0.325,0.064,1.25,1.511
2023,1,WR,00-0035676,A.J. Brown,14.9,19.15,15.609,14.276,4.073,12.584,24.75,4.25,0.624,0.709,3.626,3.541
2023,1,WR,00-0035719,Deebo Samuel Sr.,11.3,9.6,11.193,9.734,2.383,8.086,21.523,1.7,1.566,0.107,0.134,1.593
2023,1,WR,00-0036165,Isaiah Hodgins,1.4,15.15,11.419,10.85,2.85,9.344,21.712,13.75,9.45,10.019,4.3,3.731
2023,1,WR,00-0036182,Nick Westbrook-Ikhine,9.8,1.425,5.437,5.793,0.922,4.211,14.698,8.375,4.007,4.363,4.368,4.012
2023,1,WR,00-0036196,Gabe Davis,5.2,8.525,11.076,12.631,2.813,10.618,22.801,3.325,7.431,5.876,-4.106,-2.551
2023,1,WR,00-0036233,Donovan Peoples-Jones,2.2,7.2,9.548,8.936,1.549,7.188,18.778,5.0,6.736,7.348,-1.736,-2.348
2023,1,WR,00-0036252,Michael Pittman,23.7,13.75,13.863,15.022,4.856,11.118,24.702,9.95,8.678,9.837,1.272,0.113
2023,1,WR,00-0036259,Jauan Jennings,0.0,4.7,6.154,6.623,0.122,4.922,16.802,4.7,6.623,6.154,-1.923,-1.454
2023,1,WR,00-0036261,Brandon Aiyuk,32.9,13.4,13.349,13.389,3.726,10.263,22.039,19.5,19.511,19.551,-0.011,-0.051
2023,1,WR,00-0036268,Laviska Shenault Jr.,4.1,3.55,5.051,5.16,0.007,3.36,13.933,0.55,1.06,0.951,-0.51,-0.401
2023,1,WR,00-0036271,Quez Watkins,3.7,2.825,6.136,5.625,0.049,3.973,13.25,0.875,1.925,2.436,-1.05,-1.561
2023,1,WR,00-0036309,Darnell Mooney,15.3,13.025,11.206,11.227,2.355,9.004,21.793,2.275,4.073,4.094,-1.798,-1.819
2023,1,WR,00-0036322,Justin Jefferson,24.0,17.975,15.045,14.477,5.416,13.595,24.998,6.025,9.523,8.955,-3.498,-2.93
2023,1,WR,00-0036326,Chase Claypool,0.0,4.45,6.505,6.136,0.329,4.658,16.046,4.45,6.136,6.505,-1.686,-2.055
2023,1,WR,00-0036331,Devin Duvernay,0.0,5.525,4.66,2.269,0.157,0.444,4.564,5.525,2.269,4.66,3.256,0.865
2023,1,WR,00-0036345,K.J. Osborn,6.1,18.0,13.615,14.389,4.186,10.986,22.579,11.9,8.289,7.515,3.611,4.385
2023,1,WR,00-0036358,CeeDee Lamb,11.7,22.725,15.534,14.74,6.252,14.0,25.794,11.025,3.04,3.834,7.985,7.191
2023,1,WR,00-0036410,Tee Higgins,0.0,14.325,12.56,11.744,2.643,9.756,21.542,14.325,11.744,12.56,2.581,1.765
2023,1,WR,00-0036415,Van Jefferson,6.4,7.475,10.487,11.519,1.654,9.223,18.912,1.075,5.119,4.087,-4.044,-3.012
2023,1,WR,00-0036550,Rashod Bateman,6.5,4.7,7.991,7.195,1.551,5.441,17.0,1.8,0.695,1.491,1.105,0.309
2023,1,WR,00-0036554,Nico Collins,14.0,12.15,10.425,10.265,2.75,9.711,20.338,1.85,3.735,3.575,-1.885,-1.725
2023,1,WR,00-0036613,Jaylen Waddle,11.8,16.05,12.657,13.491,2.937,9.728,20.642,4.25,1.691,0.857,2.559,3.393
2023,1,WR,00-0036626,Dyami Brown,0.0,1.675,0.496,0.219,-0.192,-0.039,2.79,1.675,0.219,0.496,1.456,1.179
2023,1,WR,00-0036635,Ihmir Smith-Marsette,0.0,0.1,0.304,-0.033,-0.192,-0.034,2.684,0.1,0.033,0.304,0.067,-0.204
2023,1,WR,00-0036849,Tutu Atwell,17.9,4.95,8.127,7.731,1.229,6.059,17.739,12.95,10.169,9.773,2.781,3.177
2023,1,WR,00-0036862,Ben Skowronek,0.0,6.175,7.418,6.866,0.747,5.235,16.231,6.175,6.866,7.418,-0.691,-1.243
2023,1,WR,00-0036900,Ja'Marr Chase,9.1,21.0,18.95,19.692,8.583,13.876,25.855,11.9,10.592,9.85,1.308,2.05
2023,1,WR,00-0036912,DeVonta Smith,17.7,20.775,16.406,14.929,4.925,13.376,25.798,3.075,2.771,1.294,0.304,1.781
2023,1,WR,00-0036913,Kadarius Toney,1.0,8.2,6.842,8.078,0.093,4.229,14.283,7.2,7.078,5.842,0.122,1.358
2023,1,WR,00-0036936,Rondale Moore,7.5,14.025,10.002,10.156,3.133,8.718,20.315,6.525,2.656,2.502,3.869,4.023
2023,1,WR,00-0036955,Terrace Marshall Jr.,4.3,5.85,7.11,7.033,1.642,5.907,12.363,1.55,2.733,2.81,-1.183,-1.26
2023,1,WR,00-0036963,Amon-Ra St. Brown,19.1,12.725,14.663,15.161,4.368,12.63,26.587,6.375,3.939,4.437,2.436,1.938
2023,1,WR,00-0036980,Elijah Moore,9.2,4.7,7.842,7.617,0.961,5.764,16.771,4.5,1.583,1.358,2.917,3.142
2023,1,WR,00-0036988,Josh Palmer,1.4,5.85,7.641,7.357,0.506,5.368,16.977,4.45,5.957,6.241,-1.507,-1.791
2023,1,WR,00-0037098,Samori Toure,3.8,4.8,4.464,3.935,-0.01,2.894,10.959,1.0,0.135,0.664,0.865,0.336
2023,1,WR,00-0037132,Britain Covey,0.0,0.0,0.824,0.569,-0.188,0.152,4.372,0.0,0.569,0.824,-0.569,-0.824
2023,1,WR,00-0037238,Drake London,0.0,13.575,14.403,13.531,3.673,10.356,24.002,13.575,13.531,14.403,0.044,-0.828
2023,1,WR,00-0037239,Chris Olave,19.2,10.5,11.58,11.67,3.666,8.605,22.429,8.7,7.53,7.62,1.17,1.08
2023,1,WR,00-0037247,George Pickens,8.6,11.275,8.971,8.611,0.468,6.981,18.061,2.675,0.011,0.371,2.664,2.304
2023,1,WR,00-0037257,David Bell,0.0,2.125,3.313,3.836,-0.003,2.58,12.111,2.125,3.836,3.313,-1.711,-1.188
2023,1,WR,00-0037291,Jalen Nailor,0.0,7.025,2.522,0.636,-0.188,-0.046,2.813,7.025,0.636,2.522,6.389,4.503
2023,1,WR,00-0037382,Brandon Johnson,5.1,3.75,4.086,3.277,0.009,2.955,11.252,1.35,1.823,1.014,-0.473,0.336
2023,1,WR,00-0037487,Deven Thompkins,3.0,2.7,4.357,5.482,0.159,4.991,14.663,0.3,2.482,1.357,-2.182,-1.057
2023,1,WR,00-0037545,Rashid Shaheed,21.0,11.9,10.855,10.972,2.339,8.493,22.265,9.1,10.028,10.145,-0.928,-1.045
2023,1,WR,00-0037664,Alec Pierce,1.5,4.325,7.543,6.658,0.523,5.607,16.293,2.825,5.158,6.043,-2.333,-3.218
2023,1,WR,00-0037666,Jalen Tolbert,0.0,1.067,3.835,3.869,-0.023,2.578,11.224,1.067,3.869,3.835,-2.802,-2.769
2023,1,WR,00-0037740,Garrett Wilson,14.4,10.375,12.672,11.618,4.101,9.153,23.496,4.025,2.782,1.728,1.243,2.297
2023,1,WR,00-0037741,Jahan Dotson,9.0,14.25,12.002,11.687,3.294,8.995,22.069,5.25,2.687,3.002,2.563,2.248
2023,1,WR,00-0037742,Treylon Burks,4.7,7.375,6.843,6.142,0.52,5.358,16.748,2.675,1.442,2.143,1.233,0.532
2023,1,WR,00-0037801,KaVontae Turpin,10.5,0.0,3.104,3.701,-0.041,2.491,9.102,10.5,6.799,7.396,3.701,3.104
2023,1,WR,00-0037816,Romeo Doubs,18.6,5.525,5.991,5.711,0.262,4.843,15.718,13.075,12.889,12.609,0.186,0.466
2023,1,WR,00-0038090,Skyy Moore,0.4,2.675,5.2,5.572,0.054,3.475,14.191,2.275,5.172,4.8,-2.897,-2.525
2023,1,WR,00-0038092,Erik Ezukanma,1.7,1.3,4.243,4.265,-0.019,2.515,12.342,0.4,2.565,2.543,-2.165,-2.143
2023,2,RB,00-0030513,Latavius Murray,11.1,9.925,12.107,12.209,2.331,10.303,21.397,1.175,1.109,1.007,0.066,0.168
2023,2,RB,00-0031376,Jerick McKinnon,5.2,11.5,8.037,7.82,1.296,6.746,17.144,6.3,2.62,2.837,3.68,3.463
2023,2,RB,00-0031687,Raheem Mostert,25.7,12.275,12.93,13.124,2.19,10.407,21.724,13.425,12.576,12.77,0.849,0.655
2023,2,RB,00-0032104,Ameer Abdullah,1.5,2.525,3.358,3.454,0.048,2.442,9.392,1.025,1.954,1.858,-0.929,-0.833
2023,2,RB,00-0032764,Derrick Henry,18.5,18.15,14.275,12.807,4.98,12.791,25.338,0.35,5.693,4.225,-5.343,-3.875
2023,2,RB,00-0033045,Ezekiel Elliott,1.3,7.775,10.144,10.019,1.522,7.715,21.129,6.475,8.719,8.844,-2.244,-2.369
2023,2,RB,00-0033280,Christian McCaffrey,22.5,21.975,18.231,17.898,7.591,15.123,26.297,0.525,4.602,4.269,-4.077,-3.744
2023,2,RB,00-0033308,Matt Breida,0.5,5.3,6.025,6.116,0.922,4.296,15.546,4.8,5.616,5.525,-0.816,-0.725
2023,2,RB,00-0033526,Samaje Perine,5.4,5.9,7.85,7.668,1.361,6.748,17.765,0.5,2.268,2.45,-1.768,-1.95
2023,2,RB,00-0033553,James Conner,16.6,17.275,15.045,14.795,6.242,13.023,23.739,0.675,1.805,1.555,-1.13,-0.88
2023,2,RB,00-0033854,Dare Ogunbowale,0.4,4.375,6.761,7.202,1.355,6.197,18.186,3.975,6.802,6.361,-2.827,-2.386
2023,2,RB,00-0033893,Dalvin Cook,0.2,7.175,9.88,10.481,2.944,11.924,20.534,6.975,10.281,9.68,-3.306,-2.705
2023,2,RB,00-0033897,Joe Mixon,13.5,14.075,12.577,11.954,3.988,10.706,22.977,0.575,1.546,0.923,-0.971,-0.348
2023,2,RB,00-0033948,Jamaal Williams,2.9,13.125,11.646,11.751,2.396,9.596,22.477,10.225,8.851,8.746,1.374,1.479
2023,2,RB,00-0034184,Gus Edwards,12.2,4.225,4.751,4.372,0.212,3.173,13.524,7.975,7.828,7.449,0.147,0.526
2023,2,RB,00-0034414,Boston Scott,4.0,3.5,5.105,5.225,0.537,3.719,13.536,0.5,1.225,1.105,-0.725,-0.605
2023,2,RB,00-0034681,Chase Edmonds,1.2,5.725,7.982,8.5,0.788,5.502,17.559,4.525,7.3,6.782,-2.775,-2.257
2023,2,RB,00-0034750,Rashaad Penny,2.4,10.875,10.921,10.7,3.267,7.685,20.482,8.475,8.3,8.521,0.175,-0.046
2023,2,RB,00-0034791,Nick Chubb,6.4,15.925,13.362,12.613,4.996,12.02,23.383,9.525,6.213,6.962,3.312,2.563
2023,2,RB,00-0034844,Saquon Barkley,27.2,16.725,16.276,16.529,5.622,13.598,25.323,10.475,10.671,10.924,-0.196,-0.449
2023,2,RB,00-0034972,Alexander Mattison,4.9,9.9,9.004,9.631,1.615,7.599,20.154,5.0,4.731,4.104,0.269,0.896
2023,2,RB,00-0034975,Justice Hill,8.3,4.425,5.329,5.852,0.498,3.795,14.026,3.875,2.448,2.971,1.427,0.904
2023,2,RB,00-0035243,Miles Sanders,7.7,6.825,8.207,8.258,1.753,8.068,19.196,0.875,0.558,0.507,0.317,0.368
2023,2,RB,00-0035250,Devin Singletary,3.4,8.55,8.751,9.102,1.373,8.47,19.349,5.15,5.702,5.351,-0.552,-0.201
2023,2,RB,00-0035261,Tony Pollard,19.9,13.175,11.499,11.638,2.994,10.249,22.371,6.725,8.262,8.401,-1.537,-1.676
2023,2,RB,00-0035291,Trayveon Williams,2.4,0.175,3.002,3.401,0.111,1.769,12.075,2.225,1.001,0.602,1.224,1.623
2023,2,RB,00-0035567,Craig Reynolds,1.5,6.025,5.962,5.882,0.376,3.859,13.227,4.525,4.382,4.462,0.143,0.063
2023,2,RB,00-0035628,D'Ernest Johnson,2.7,-0.1,2.568,3.068,0.111,1.596,9.343,2.8,0.368,0.132,2.432,2.668
2023,2,RB,00-0035657,Damien Harris,9.3,4.9,8.932,8.947,1.368,6.232,17.536,4.4,0.353,0.368,4.047,4.032
2023,2,RB,00-0035685,David Montgomery,12.4,7.875,11.354,11.866,1.932,8.297,20.42,4.525,0.534,1.046,3.991,3.479
2023,2,RB,00-0035700,Josh Jacobs,9.9,10.4,13.909,15.237,5.049,12.262,23.919,0.5,5.337,4.009,-4.837,-3.509
2023,2,RB,00-0035860,Tony Jones,15.4,2.725,4.83,4.809,0.275,3.806,13.794,12.675,10.591,10.57,2.084,2.105
2023,2,RB,00-0035973,Patrick Taylor,0.1,1.85,3.658,4.205,0.153,2.706,11.894,1.75,4.105,3.558,-2.355,-1.808
2023,2,RB,00-0036020,Salvon Ahmed,7.1,3.475,4.672,4.898,0.275,3.219,12.709,3.625,2.202,2.428,1.423,1.197
2023,2,RB,00-0036139,Rico Dowdle,5.3,0.6,3.372,3.937,0.175,2.483,12.442,4.7,1.363,1.928,3.337,2.772
2023,2,RB,00-0036187,Reggie Gilliam,1.3,0.55,4.263,3.269,0.252,2.274,9.522,0.75,1.969,2.963,-1.219,-2.213
2023,2,RB,00-0036251,Zack Moss,20.7,11.15,12.329,13.544,4.214,10.322,21.834,9.55,7.156,8.371,2.394,1.179
2023,2,RB,00-0036265,AJ Dillon,7.3,7.95,10.205,10.58,1.871,7.43,21.797,0.65,3.28,2.905,-2.63,-2.255
2023,2,RB,00-0036275,D'Andre Swift,27.1,12.025,11.707,11.502,2.29,7.584,19.369,15.075,15.598,15.393,-0.523,-0.318
2023,2,RB,00-0036328,Antonio Gibson,8.3,4.65,6.571,6.436,1.161,5.885,17.688,3.65,1.864,1.729,1.786,1.921
2023,2,RB,00-0036360,Clyde Edwards-Helaire,3.7,1.925,4.313,4.331,0.286,3.145,12.98,1.775,0.631,0.613,1.144,1.162
2023,2,RB,00-0036370,Joshua Kelley,3.9,7.325,8.793,9.091,1.864,7.671,17.932,3.425,5.191,4.893,-1.766,-1.468
2023,2,RB,00-0036425,DeeJay Dallas,0.3,7.35,6.445,7.057,0.705,7.53,14.776,7.05,6.757,6.145,0.293,0.905
2023,2,RB,00-0036555,Chuba Hubbard,10.0,9.45,10.108,10.862,2.806,9.579,19.605,0.55,0.862,0.108,-0.312,0.442
2023,2,RB,00-0036569,Gary Brightwell,0.0,2.8,1.235,0.637,-0.136,0.189,3.199,2.8,0.637,1.235,2.163,1.565
2023,2,RB,00-0036875,Rhamondre Stevenson,15.0,9.625,13.098,11.945,2.899,11.071,23.348,5.375,3.055,1.902,2.32,3.473
2023,2,RB,00-0036893,Najee Harris,5.3,13.775,12.478,11.473,3.733,11.341,22.597,8.475,6.173,7.178,2.302,1.297
2023,2,RB,00-0036906,Khalil Herbert,6.8,5.675,7.722,7.438,1.22,6.476,16.96,1.125,0.638,0.922,0.487,0.203
2023,2,RB,00-0036924,Michael Carter,2.1,4.7,4.883,5.664,0.619,4.145,13.453,2.6,3.564,2.783,-0.964,-0.183
2023,2,RB,00-0036973,Travis Etienne,6.2,16.0,12.917,12.752,3.589,10.247,21.55,9.8,6.552,6.717,3.248,3.083
2023,2,RB,00-0036997,Javonte Williams,7.8,7.975,11.253,12.044,2.897,9.413,22.431,0.175,4.244,3.453,-4.069,-3.278
2023,2,RB,00-0037197,Isiah Pacheco,8.0,11.175,10.792,10.978,1.844,8.821,20.5,3.175,2.978,2.792,0.197,0.383
2023,2,RB,00-0037228,Jaylen Warren,12.6,7.725,8.183,8.041,1.927,7.603,17.768,4.875,4.559,4.417,0.316,0.458
2023,2,RB,00-0037248,James Cook,19.9,11.775,11.322,12.22,2.354,10.11,20.904,8.125,7.68,8.578,0.445,-0.453
2023,2,RB,00-0037256,Rachaad White,21.3,8.375,10.483,10.911,2.76,9.092,21.359,12.925,10.389,10.817,2.536,2.108
2023,2,RB,00-0037258,Dameon Pierce,5.5,8.9,10.135,9.953,1.63,8.159,18.621,3.4,4.453,4.635,-1.053,-1.235
2023,2,RB,00-0037263,Tyler Allgeier,4.8,17.525,13.608,12.945,5.169,11.563,24.303,12.725,8.145,8.808,4.58,3.917
2023,2,RB,00-0037267,Jerome Ford,24.1,0.625,5.119,6.084,0.844,4.258,14.377,23.475,18.016,18.981,5.459,4.494
2023,2,RB,00-0037276,Ty Chandler,2.9,1.6,3.898,4.533,0.252,3.228,13.365,1.3,1.633,0.998,-0.333,0.302
2023,2,RB,00-0037299,Keaontay Ingram,0.6,0.525,2.115,3.091,0.178,2.38,11.824,0.075,2.491,1.515,-2.416,-1.44
2023,2,RB,00-0037525,Jordan Mason,0.0,4.125,0.773,0.161,-0.19,-0.046,3.045,4.125,0.161,0.773,3.964,3.352
2023,2,RB,00-0037557,Ronnie Rivers,1.4,3.333,3.971,4.108,0.299,3.396,12.416,1.933,2.708,2.571,-0.775,-0.638
2023,2,RB,00-0037594,Julius Chestnut,0.0,1.05,-0.781,0.116,-0.196,-0.058,4.244,1.05,0.116,0.781,0.934,0.269
2023,2,RB,00-0037746,Brian Robinson,28.9,9.95,11.931,12.46,4.481,11.075,22.851,18.95,16.44,16.969,2.51,1.981
2023,2,RB,00-0037840,Kyren Williams,28.0,5.45,7.541,8.266,1.997,6.247,19.426,22.55,19.734,20.459,2.816,2.091
2023,2,RB,00-0038040,Zamir White,0.2,0.85,2.827,3.991,0.115,1.73,12.332,0.65,3.791,2.627,-3.141,-1.977
2023,2,RB,00-0038045,Isaiah Spiller,0.3,2.225,4.013,4.307,0.23,3.436,12.238,1.925,4.007,3.713,-2.082,-1.788
2023,2,RB,00-0038098,Pierre Strong,6.1,2.425,4.939,4.666,0.275,3.122,10.729,3.675,1.434,1.161,2.241,2.514
2023,2,RB,00-0038120,Breece Hall,0.9,19.175,11.072,10.957,5.835,10.268,18.26,18.275,10.057,10.172,8.218,8.103
2023,2,RB,00-0038134,Kenneth Walker III,18.4,12.95,13.931,14.163,4.933,11.92,24.855,5.45,4.237,4.469,1.213,0.981
2023,2,RB,00-0038396,Eric Gray,0.0,0.0,0.126,0.525,-0.194,0.601,4.975,0.0,0.525,0.126,-0.525,-0.126
2023,2,RB,00-0038542,Bijan Robinson,21.2,20.3,14.439,13.751,4.745,12.355,25.348,0.9,7.449,6.761,-6.549,-5.861
2023,2,RB,00-0038622,Deuce Vaughn,6.2,0.8,3.998,4.803,0.214,2.611,12.469,5.4,1.397,2.202,4.003,3.198
2023,2,RB,00-0038794,Jaleel McLaughlin,6.5,0.3,2.097,2.681,0.063,1.77,8.135,6.2,3.819,4.403,2.381,1.797
2023,2,RB,00-0038951,Sean Tucker,0.7,4.4,5.789,5.433,0.303,3.553,14.306,3.7,4.733,5.089,-1.033,-1.389
2023,2,RB,00-0039021,Roschon Johnson,6.2,17.5,11.947,12.064,4.517,10.971,22.389,11.3,5.864,5.747,5.436,5.553
2023,2,RB,00-0039032,Tyjae Spears,7.5,3.8,8.43,8.736,1.855,8.057,16.684,3.7,1.236,0.93,2.464,2.77
2023,2,RB,00-0039139,Jahmyr Gibbs,12.6,8.0,8.55,8.642,1.105,5.424,16.836,4.6,3.958,4.05,0.642,0.55
2023,2,RB,00-0039165,Zach Charbonnet,5.0,1.1,4.166,5.052,0.392,2.992,12.798,3.9,0.052,0.834,3.848,3.066
2023,2,WR,00-0028002,Randall Cobb,0.0,2.15,3.779,4.454,0.037,3.511,12.674,2.15,4.454,3.779,-2.304,-1.629
2023,2,WR,00-0030035,Adam Thielen,20.4,4.15,5.814,6.415,1.939,5.721,15.273,16.25,13.985,14.586,2.265,1.664
2023,2,WR,00-0030068,Marquise Goodwin,0.0,5.825,4.835,4.777,0.034,4.307,13.368,5.825,4.777,4.835,1.048,0.99
2023,2,WR,00-0030279,Keenan Allen,31.1,19.4,16.566,17.081,5.991,13.907,26.258,11.7,14.019,14.534,-2.319,-2.834
2023,2,WR,00-0030431,Robert Woods,13.4,10.4,10.783,10.876,1.933,9.43,20.974,3.0,2.524,2.617,0.476,0.383
2023,2,WR,00-0030564,DeAndre Hopkins,8.0,10.2,13.85,14.33,4.921,12.632,24.479,2.2,6.33,5.85,-4.13,-3.65
2023,2,WR,00-0031235,Odell Beckham Jr.,5.9,9.525,9.209,9.177,2.003,7.733,19.611,3.625,3.277,3.309,0.348,0.316
2023,2,WR,00-0031381,Davante Adams,20.4,15.675,12.815,12.112,3.924,10.449,24.122,4.725,8.288,7.585,-3.563,-2.86
2023,2,WR,00-0031408,Mike Evans,29.1,21.625,13.271,13.807,4.114,12.054,24.787,7.475,15.293,15.829,-7.818,-8.354
2023,2,WR,00-0031428,Allen Robinson,3.2,9.975,9.771,9.613,2.785,8.052,18.59,6.775,6.413,6.571,0.362,0.204
2023,2,WR,00-0031544,Amari Cooper,16.0,13.125,12.257,12.849,2.19,9.364,21.341,2.875,3.151,3.743,-0.276,-0.868
2023,2,WR,00-0031547,DeVante Parker,11.7,11.475,7.513,7.229,0.524,6.755,16.843,0.225,4.471,4.187,-4.246,-3.962
2023,2,WR,00-0031549,Nelson Agholor,17.3,2.375,4.276,3.494,-0.02,3.67,14.562,14.925,13.806,13.024,1.119,1.901
2023,2,WR,00-0031588,Stefon Diggs,13.6,16.225,13.516,14.086,4.1,12.613,25.324,2.625,0.486,0.084,2.139,2.541
2023,2,WR,00-0031763,DeAndre Carter,0.0,2.55,4.634,5.245,0.01,3.366,13.589,2.55,5.245,4.634,-2.695,-2.084
2023,2,WR,00-0031941,Jamison Crowder,0.0,1.55,0.902,0.163,-0.189,-0.032,2.721,1.55,0.163,0.902,1.387,0.648
2023,2,WR,00-0032200,Ty Montgomery,0.0,3.65,4.678,4.602,0.011,3.193,12.629,3.65,4.602,4.678,-0.952,-1.028
2023,2,WR,00-0032211,Tyler Lockett,25.9,8.925,8.929,8.786,1.376,7.225,18.949,16.975,17.114,16.971,-0.139,0.004
2023,2,WR,00-0032385,Sterling Shepard,1.4,8.6,8.007,7.873,2.259,7.382,18.614,7.2,6.473,6.607,0.727,0.593
2023,2,WR,00-0032398,Chris Moore,5.9,3.4,6.821,6.999,0.89,5.05,16.8,2.5,1.099,0.921,1.401,1.579
2023,2,WR,00-0032464,Kalif Raymond,13.7,7.1,6.458,5.945,0.36,4.611,15.442,6.6,7.755,7.242,-1.155,-0.642
2023,2,WR,00-0032765,Michael Thomas,12.5,15.55,12.43,12.398,2.537,11.548,21.785,3.05,0.102,0.07,2.948,2.98
2023,2,WR,00-0033009,Tyler Boyd,11.2,8.175,7.183,6.622,0.437,5.25,15.237,3.025,4.578,4.017,-1.553,-0.992
2023,2,WR,00-0033040,Tyreek Hill,15.0,19.7,14.083,13.885,4.134,12.24,25.221,4.7,1.115,0.917,3.585,3.783
2023,2,WR,00-0033251,Zach Pascal,1.9,0.4,2.492,3.595,-0.022,2.527,11.142,1.5,1.695,0.592,-0.195,0.908
2023,2,WR,00-0033282,Curtis Samuel,6.2,7.35,7.056,7.754,0.243,5.436,14.493,1.15,1.554,0.856,-0.404,0.294
2023,2,WR,00-0033292,Trent Taylor,0.0,0.0,0.006,0.259,-0.189,0.063,3.64,0.0,0.259,0.006,-0.259,-0.006
2023,2,WR,00-0033307,Kendrick Bourne,6.9,15.15,9.449,9.76,1.756,8.443,19.574,8.25,2.86,2.549,5.39,5.701
2023,2,WR,00-0033466,Isaiah McKenzie,1.7,2.225,3.408,3.245,-0.005,2.608,11.169,0.525,1.545,1.708,-1.02,-1.183
2023,2,WR,00-0033536,Mike Williams,16.6,10.925,10.42,10.623,2.423,9.051,20.473,5.675,5.977,6.18,-0.302,-0.505
2023,2,WR,00-0033555,Mack Hollins,9.0,4.575,7.97,7.85,1.199,5.753,13.95,4.425,1.15,1.03,3.275,3.395
2023,2,WR,00-0033572,Jamal Agnew,1.5,1.05,3.738,3.823,-0.008,2.321,12.661,0.45,2.323,2.238,-1.873,-1.788
2023,2,WR,00-0033857,JuJu Smith-Schuster,7.8,5.65,7.942,7.989,0.978,6.095,17.526,2.15,0.189,0.142,1.961,2.008
2023,2,WR,00-0033891,Zay Jones,0.0,7.525,10.742,10.53,2.609,10.201,19.582,7.525,10.53,10.742,-3.005,-3.217
2023,2,WR,00-0033921,Chris Godwin Jr.,10.8,13.725,12.49,13.344,2.967,12.176,22.818,2.925,2.544,1.69,0.381,1.235
2023,2,WR,00-0033943,Josh Reynolds,23.6,5.3,7.256,6.943,0.371,5.573,14.807,18.3,16.657,16.344,1.643,1.956
2023,2,WR,00-0034054,River Cracraft,5.4,7.225,5.713,5.322,0.019,4.395,13.354,1.825,0.078,0.313,1.747,1.512
2023,2,WR,00-0034272,Marquez Valdes-Scantling,3.3,4.325,7.727,6.706,0.172,5.46,15.13,1.025,3.406,4.427,-2.381,-3.402
2023,2,WR,00-0034286,Richie James,0.0,9.8,8.072,8.187,1.356,6.323,18.882,9.8,8.187,8.072,1.613,1.728
2023,2,WR,00-0034297,Byron Pringle,1.4,4.7,4.796,5.186,0.032,3.91,13.357,3.3,3.786,3.396,-0.486,-0.096
2023,2,WR,00-0034317,Keith Kirkwood,0.0,0.95,3.865,4.604,-0.047,3.032,12.605,0.95,4.604,3.865,-3.654,-2.915
2023,2,WR,00-0034348,Courtland Sutton,11.6,11.325,9.632,9.404,1.8,7.791,19.682,0.275,2.196,1.968,-1.921,-1.693
2023,2,WR,00-0034386,Justin Watson,7.2,4.475,5.916,6.146,0.126,4.029,14.678,2.725,1.054,1.284,1.671,1.441
2023,2,WR,00-0034407,Ray-Ray McCloud,0.0,4.575,1.655,0.226,-0.181,0.062,5.084,4.575,0.226,1.655,4.349,2.92
2023,2,WR,00-0034419,Braxton Berrios,4.8,2.65,4.224,4.102,0.001,3.296,12.533,2.15,0.698,0.576,1.452,1.574
2023,2,WR,00-0034521,Allen Lazard,4.3,10.675,10.232,9.6,1.906,8.843,20.744,6.375,5.3,5.932,1.075,0.443
2023,2,WR,00-0034646,Brandon Powell,0.0,2.275,1.517,0.364,-0.186,-0.089,3.105,2.275,0.364,1.517,1.911,0.758
2023,2,WR,00-0034764,Michael Gallup,1.3,6.125,7.032,7.14,1.449,5.484,16.426,4.825,5.84,5.732,-1.015,-0.907
2023,2,WR,00-0034775,Christian Kirk,21.96,8.375,10.308,11.451,2.535,10.025,21.867,13.585,10.509,11.652,3.076,1.933
2023,2,WR,00-0034777,DJ Chark,2.5,7.4,7.978,8.207,2.56,6.839,16.953,4.9,5.707,5.478,-0.807,-0.578
2023,2,WR,00-0034827,DJ Moore,16.4,12.575,12.597,13.056,2.769,10.124,22.259,3.825,3.344,3.803,0.481,0.022
2023,2,WR,00-0034837,Calvin Ridley,5.2,16.45,15.435,15.73,6.653,13.68,26.745,11.25,10.53,10.235,0.72,1.015
2023,2,WR,00-0034983,Hunter Renfrow,3.3,10.2,8.371,8.179,0.985,5.68,18.577,6.9,4.879,5.071,2.021,1.829
2023,2,WR,00-0035140,Mecole Hardman,1.6,18.275,8.443,8.14,1.309,8.167,19.322,16.675,6.54,6.843,10.135,9.832
2023,2,WR,00-0035215,Deonte Harty,2.4,1.55,3.414,3.947,-0.004,2.65,12.225,0.85,1.547,1.014,-0.697,-0.164
2023,2,WR,00-0035406,Lil'Jordan Humphrey,1.4,2.75,2.997,3.443,-0.022,2.571,11.247,1.35,2.043,1.597,-0.693,-0.247
2023,2,WR,00-0035500,Greg Dortch,0.0,9.075,2.568,-0.237,-0.157,-0.084,6.222,9.075,0.237,2.568,8.838,6.507
2023,2,WR,00-0035535,Darius Slayton,9.2,6.275,7.395,7.757,0.973,6.348,17.588,2.925,1.443,1.805,1.482,1.12
2023,2,WR,00-0035639,Parris Campbell,6.1,6.55,8.241,8.17,2.23,7.079,22.129,0.45,2.07,2.141,-1.62,-1.691
2023,2,WR,00-0035640,DK Metcalf,13.5,9.275,11.94,13.586,2.851,11.317,23.426,4.225,0.086,1.56,4.139,2.665
2023,2,WR,00-0035645,Gunner Olszewski,-1.0,1.0,2.549,3.395,-0.044,2.339,8.405,2.0,4.395,3.549,-2.395,-1.549
2023,2,WR,00-0035659,Terry McLaurin,16.4,11.225,10.352,11.055,1.544,8.824,19.505,5.175,5.345,6.048,-0.17,-0.873
2023,2,WR,00-0035662,Marquise Brown,17.4,7.825,9.651,10.065,2.164,7.686,18.299,9.575,7.335,7.749,2.24,1.826
2023,2,WR,00-0035676,A.J. Brown,6.9,16.1,18.349,19.428,4.878,13.372,25.873,9.2,12.528,11.449,-3.328,-2.249
2023,2,WR,00-0035703,Miles Boykin,1.5,0.25,1.808,3.251,-0.058,2.259,10.67,1.25,1.751,0.308,-0.501,0.942
2023,2,WR,00-0035719,Deebo Samuel Sr.,22.1,10.6,13.131,13.689,3.329,11.071,22.089,11.5,8.411,8.969,3.089,2.531
2023,2,WR,00-0036165,Isaiah Hodgins,14.0,11.55,9.702,9.748,2.675,8.401,20.629,2.45,4.252,4.298,-1.802,-1.848
2023,2,WR,00-0036182,Nick Westbrook-Ikhine,11.5,3.875,6.69,7.13,0.743,4.643,15.436,7.625,4.37,4.81,3.255,2.815
2023,2,WR,00-0036196,Gabe Davis,21.2,8.3,10.897,11.527,2.167,9.265,20.227,12.9,9.673,10.303,3.227,2.597
2023,2,WR,00-0036233,Donovan Peoples-Jones,1.7,4.475,7.535,7.325,1.039,5.48,17.622,2.775,5.625,5.835,-2.85,-3.06
2023,2,WR,00-0036252,Michael Pittman,13.6,14.925,13.627,14.036,3.578,10.93,24.235,1.325,0.436,0.027,0.889,1.298
2023,2,WR,00-0036259,Jauan Jennings,7.1,3.175,5.91,5.842,0.042,4.023,14.979,3.925,1.258,1.19,2.667,2.735
2023,2,WR,00-0036261,Brandon Aiyuk,7.3,20.65,14.96,13.679,3.483,11.151,24.845,13.35,6.379,7.66,6.971,5.69
2023,2,WR,00-0036268,Laviska Shenault Jr.,0.7,4.575,4.626,4.688,0.002,2.708,12.371,3.875,3.988,3.926,-0.113,-0.051
2023,2,WR,00-0036322,Justin Jefferson,24.9,16.4,14.16,14.29,4.199,12.832,24.299,8.5,10.61,10.74,-2.11,-2.24
2023,2,WR,00-0036326,Chase Claypool,12.6,2.675,6.28,5.907,0.138,4.234,16.958,9.925,6.693,6.32,3.232,3.605
2023,2,WR,00-0036331,Devin Duvernay,1.5,3.8,5.666,6.528,0.076,4.477,15.681,2.3,5.028,4.166,-2.728,-1.866
2023,2,WR,00-0036345,K.J. Osborn,12.4,11.6,12.689,11.805,2.282,9.167,21.831,0.8,0.595,0.289,0.205,0.511
2023,2,WR,00-0036358,CeeDee Lamb,25.3,20.725,15.072,15.143,5.039,12.482,24.945,4.575,10.157,10.228,-5.582,-5.653
2023,2,WR,00-0036407,Jerry Jeudy,5.5,16.85,14.778,13.928,3.191,11.752,24.546,11.35,8.428,9.278,2.922,2.072
2023,2,WR,00-0036410,Tee Higgins,28.9,11.2,10.373,9.769,1.971,9.933,21.27,17.7,19.131,18.527,-1.431,-0.827
2023,2,WR,00-0036415,Van Jefferson,1.9,7.775,9.671,10.01,1.671,7.633,18.457,5.875,8.11,7.771,-2.235,-1.896
2023,2,WR,00-0036497,Tim Jones,0.0,0.75,0.96,0.094,-0.189,0.023,3.446,0.75,0.094,0.96,0.656,-0.21
2023,2,WR,00-0036550,Rashod Bateman,4.8,4.85,6.829,6.548,0.244,4.749,16.507,0.05,1.748,2.029,-1.698,-1.979
2023,2,WR,00-0036554,Nico Collins,27.6,11.675,11.927,11.888,3.4,10.227,22.929,15.925,15.712,15.673,0.213,0.252
2023,2,WR,00-0036613,Jaylen Waddle,12.4,13.9,11.926,12.403,2.616,9.315,20.153,1.5,0.003,0.474,1.497,1.026
2023,2,WR,00-0036626,Dyami Brown,5.5,1.05,2.354,3.489,-0.051,2.292,11.257,4.45,2.011,3.146,2.439,1.304
2023,2,WR,00-0036635,Ihmir Smith-Marsette,0.0,0.1,-0.371,0.176,-0.189,-0.056,2.686,0.1,0.176,0.371,-0.076,-0.271
2023,2,WR,00-0036841,Austin Trammell,0.0,1.65,1.828,0.2,-0.189,-0.032,2.686,1.65,0.2,1.828,1.45,-0.178
2023,2,WR,00-0036849,Tutu Atwell,15.2,9.025,9.839,10.261,1.739,7.644,19.659,6.175,4.939,5.361,1.236,0.814
2023,2,WR,00-0036862,Ben Skowronek,3.1,5.55,6.194,6.376,0.49,4.876,16.458,2.45,3.276,3.094,-0.826,-0.644
2023,2,WR,00-0036900,Ja'Marr Chase,8.1,16.15,17.216,16.723,6.624,13.419,25.087,8.05,8.623,9.116,-0.573,-1.066
2023,2,WR,00-0036912,DeVonta Smith,23.1,20.8,19.47,20.068,6.047,15.582,26.47,2.3,3.032,3.63,-0.732,-1.33
2023,2,WR,00-0036913,Kadarius Toney,8.8,8.075,6.197,6.791,0.139,5.254,13.953,0.725,2.009,2.603,-1.284,-1.878
2023,2,WR,00-0036936,Rondale Moore,2.4,10.05,10.488,10.572,2.508,8.081,20.558,7.65,8.172,8.088,-0.522,-0.438
2023,2,WR,00-0036963,Amon-Ra St. Brown,14.2,13.7,14.303,14.298,4.467,13.019,25.871,0.5,0.098,0.103,0.402,0.397
2023,2,WR,00-0036980,Elijah Moore,7.1,4.65,6.658,7.336,1.204,4.913,16.449,2.45,0.236,0.442,2.214,2.008
2023,2,WR,00-0036988,Josh Palmer,4.3,3.725,6.587,6.876,0.233,4.557,16.596,0.575,2.576,2.287,-2.001,-1.712
2023,2,WR,00-0037098,Samori Toure,1.6,5.4,4.398,4.473,0.006,3.678,12.443,3.8,2.873,2.798,0.927,1.002
2023,2,WR,00-0037132,Britain Covey,0.0,0.0,0.289,0.569,-0.186,-0.01,5.147,0.0,0.569,0.289,-0.569,-0.289
2023,2,WR,00-0037238,Drake London,18.7,10.575,12.682,13.078,3.005,10.928,22.561,8.125,5.622,6.018,2.503,2.107
2023,2,WR,00-0037239,Chris Olave,14.6,12.675,12.555,12.533,2.833,10.821,22.56,1.925,2.067,2.045,-0.142,-0.12
2023,2,WR,00-0037247,George Pickens,22.7,11.6,9.094,9.118,3.051,7.908,18.814,11.1,13.582,13.606,-2.482,-2.506
2023,2,WR,00-0037257,David Bell,5.7,0.7,2.684,3.358,-0.024,2.33,11.476,5.0,2.342,3.016,2.658,1.984
2023,2,WR,00-0037261,Khalil Shakir,8.1,2.325,3.341,3.847,-0.02,2.708,12.031,5.775,4.253,4.759,1.522,1.016
2023,2,WR,00-0037382,Brandon Johnson,20.6,2.775,5.307,5.046,0.036,3.905,12.828,17.825,15.554,15.293,2.271,2.532
2023,2,WR,00-0037487,Deven Thompkins,1.1,2.8,4.18,4.381,0.096,3.948,13.982,1.7,3.281,3.08,-1.581,-1.38
2023,2,WR,00-0037545,Rashid Shaheed,10.3,12.525,11.234,11.282,1.314,8.196,21.547,2.225,0.982,0.934,1.243,1.291
2023,2,WR,00-0037664,Alec Pierce,4.8,4.7,7.779,8.447,1.118,5.37,17.882,0.1,3.647,2.979,-3.547,-2.879
2023,2,WR,00-0037666,Jalen Tolbert,4.8,0.8,2.858,3.424,-0.065,2.439,11.142,4.0,1.376,1.942,2.624,2.058
2023,2,WR,00-0037740,Garrett Wilson,16.3,10.525,11.278,8.654,4.248,8.953,20.345,5.775,7.646,5.022,-1.871,0.753
2023,2,WR,00-0037741,Jahan Dotson,5.2,11.375,11.632,11.293,1.904,10.18,20.232,6.175,6.093,6.432,0.082,-0.257
2023,2,WR,00-0037742,Treylon Burks,10.6,6.175,8.829,9.104,1.574,6.464,19.026,4.425,1.496,1.771,2.929,2.654
2023,2,WR,00-0037745,Velus Jones Jr.,-0.3,5.45,4.773,4.459,-0.001,2.799,11.452,5.75,4.759,5.073,0.991,0.677
2023,2,WR,00-0037801,KaVontae Turpin,2.5,2.625,4.003,4.045,-0.014,2.423,11.355,0.125,1.545,1.503,-1.42,-1.378
2023,2,WR,00-0037816,Romeo Doubs,5.0,7.55,6.639,6.428,0.457,5.376,16.253,2.55,1.428,1.639,1.122,0.911
2023,2,WR,00-0037837,Calvin Austin III,1.8,9.7,7.685,7.315,1.316,5.507,16.854,7.9,5.515,5.885,2.385,2.015
2023,2,WR,00-0038090,Skyy Moore,16.0,2.35,6.017,6.405,0.208,4.502,16.016,13.65,9.595,9.983,4.055,3.667
2023,2,WR,00-0038092,Erik Ezukanma,0.5,1.5,3.32,3.521,-0.044,2.47,11.38,1.0,3.021,2.82,-2.021,-1.82
2023,2,WR,00-0038393,Dontayvion Wicks,12.0,0.0,4.333,4.923,0.059,3.817,11.748,12.0,7.077,7.667,4.923,4.333
2023,2,WR,00-0038465,Malik Heath,0.0,0.0,3.665,4.846,-0.018,3.529,12.374,0.0,4.846,3.665,-4.846,-3.665
2023,2,WR,00-0038496,Xavier Gipson,0.0,6.0,-0.745,0.542,-0.184,0.578,5.392,6.0,0.542,0.745,5.458,5.255
2023,2,WR,00-0038543,Jaxon Smith-Njigba,8.4,4.3,7.321,6.682,1.288,5.346,20.825,4.1,1.718,1.079,2.382,3.021
2023,2,WR,00-0038544,Quentin Johnston,1.7,2.9,4.886,4.696,0.004,3.363,12.452,1.2,2.996,3.186,-1.796,-1.986
2023,2,WR,00-0038559,Michael Wilson,8.6,3.9,6.674,6.703,1.164,5.256,17.26,4.7,1.897,1.926,2.803,2.774
2023,2,WR,00-0038573,Derius Davis,1.0,1.5,3.076,3.508,-0.016,1.638,10.232,0.5,2.508,2.076,-2.008,-1.576
2023,2,WR,00-0038576,Charlie Jones,6.0,0.0,-0.007,0.469,-0.186,-0.004,4.843,6.0,5.531,6.007,0.469,-0.007
2023,2,WR,00-0038618,Xavier Hutchinson,0.0,1.9,2.484,3.156,-0.062,2.041,10.725,1.9,3.156,2.484,-1.256,-0.584
2023,2,WR,00-0038621,DeMario Douglas,1.9,8.0,7.361,7.007,1.62,6.563,17.379,6.1,5.107,5.461,0.993,0.639
2023,2,WR,00-0038821,Rakim Jarrett,1.7,0.0,2.386,3.252,-0.044,1.503,8.87,1.7,1.552,0.686,0.148,1.014
2023,2,WR,00-0038938,Jalin Hyatt,10.9,0.0,3.46,4.48,-0.047,3.131,12.862,10.9,6.42,7.44,4.48,3.46
2023,2,WR,00-0038969,Kearis Jackson,0.0,0.0,-0.112,0.531,-0.186,0.109,4.877,0.0,0.531,0.112,-0.531,-0.112
2023,2,WR,00-0038976,Marvin Mims Jr.,20.3,2.9,3.878,4.21,-0.021,2.765,12.814,17.4,16.09,16.422,1.31,0.978
2023,2,WR,00-0038977,Tank Dell,20.2,6.4,6.513,6.639,0.73,4.809,15.518,13.8,13.561,13.687,0.239,0.113
2023,2,WR,00-0038994,Jordan Addison,16.2,16.1,9.496,8.8,1.634,7.713,19.429,0.1,7.4,6.704,-7.3,-6.604
2023,2,WR,00-0038997,Josh Downs,7.7,6.0,8.808,8.612,1.234,8.623,19.221,1.7,0.912,1.108,0.788,0.592
2023,2,WR,00-0039052,Trey Palmer,3.0,8.8,5.377,5.25,-0.003,4.505,12.06,5.8,2.25,2.377,3.55,3.423
2023,2,WR,00-0039062,Jonathan Mingo,5.6,3.7,7.289,7.256,1.963,6.317,17.189,1.9,1.656,1.689,0.244,0.211
2023,2,WR,00-0039064,Zay Flowers,10.8,17.7,18.058,15.399,4.962,13.744,25.804,6.9,4.599,7.258,2.301,-0.358
2023,2,WR,00-0039067,Rashee Rice,4.0,11.6,8.121,7.31,0.963,4.942,18.535,7.6,3.31,4.121,4.29,3.479
2023,2,WR,00-0039075,Puka Nacua,30.1,21.9,17.845,15.905,5.514,14.502,27.363,8.2,14.195,12.255,-5.995,-4.055
2023,2,WR,00-0039146,Jayden Reed,19.7,6.6,8.68,8.917,0.615,6.622,17.229,13.1,10.783,11.02,2.317,2.08
2023,3,RB,00-0030513,Latavius Murray,9.1,10.95,8.956,8.83,1.614,7.908,20.25,1.85,0.27,0.144,1.58,1.706
2023,3,RB,00-0031376,Jerick McKinnon,17.8,9.6,7.617,7.645,1.365,5.334,16.694,8.2,10.155,10.183,-1.955,-1.983
2023,3,RB,00-0031687,Raheem Mostert,45.2,17.475,12.97,13.436,3.595,10.874,22.808,27.725,31.764,32.23,-4.039,-4.505
2023,3,RB,00-0032104,Ameer Abdullah,3.6,2.05,3.331,2.831,0.058,2.478,9.587,1.55,0.769,0.269,0.781,1.281
2023,3,RB,00-0032144,Melvin Gordon,7.5,11.05,10.356,9.949,1.717,8.14,21.073,3.55,2.449,2.856,1.101,0.694
2023,3,RB,00-0032764,Derrick Henry,2.0,16.2,13.771,11.267,5.428,13.729,23.976,14.2,9.267,11.771,4.933,2.429
2023,3,RB,00-0033045,Ezekiel Elliott,9.7,4.825,6.847,6.662,1.294,6.286,18.627,4.875,3.038,2.853,1.837,2.022
2023,3,RB,00-0033118,Kenyan Drake,3.1,6.225,8.582,8.316,1.253,6.627,17.363,3.125,5.216,5.482,-2.091,-2.357
2023,3,RB,00-0033280,Christian McCaffrey,22.9,24.15,19.033,20.094,6.117,15.613,25.824,1.25,2.806,3.867,-1.556,-2.617
2023,3,RB,00-0033308,Matt Breida,10.8,5.2,4.742,5.634,0.464,3.801,13.935,5.6,5.166,6.058,0.434,-0.458
2023,3,RB,00-0033526,Samaje Perine,4.4,6.4,8.467,8.686,1.361,6.679,17.763,2.0,4.286,4.067,-2.286,-2.067
2023,3,RB,00-0033553,James Conner,19.6,16.9,13.705,13.169,5.013,11.39,21.556,2.7,6.431,5.895,-3.731,-3.195
2023,3,RB,00-0033893,Dalvin Cook,5.9,4.55,7.542,6.983,1.466,6.729,18.626,1.35,1.083,1.642,0.267,-0.292
2023,3,RB,00-0033897,Joe Mixon,14.0,14.85,13.175,13.47,4.126,11.731,24.739,0.85,0.53,0.825,0.32,0.025
2023,3,RB,00-0033923,Kareem Hunt,5.5,3.9,5.024,5.065,0.826,4.803,15.27,1.6,0.435,0.476,1.165,1.124
2023,3,RB,00-0034184,Gus Edwards,5.1,4.8,6.233,5.85,1.01,4.989,16.167,0.3,0.75,1.133,-0.45,-0.833
2023,3,RB,00-0034208,Mike Boone,0.0,3.9,0.151,0.131,-0.153,-0.031,3.288,3.9,0.131,0.151,3.769,3.749
2023,3,RB,00-0034433,Nick Bawden,6.1,1.075,2.266,2.569,0.011,1.896,8.705,5.025,3.531,3.834,1.494,1.191
2023,3,RB,00-0034838,Royce Freeman,0.0,4.75,0.115,0.043,-0.187,-0.02,2.946,4.75,0.043,0.115,4.707,4.635
2023,3,RB,00-0034972,Alexander Mattison,17.5,10.7,10.413,11.421,2.592,9.171,21.227,6.8,6.079,7.087,0.721,-0.287
2023,3,RB,00-0035243,Miles Sanders,17.2,7.225,9.973,9.755,1.992,8.77,19.551,9.975,7.445,7.227,2.53,2.748
2023,3,RB,00-0035250,Devin Singletary,6.5,6.9,7.081,7.08,1.11,6.321,16.942,0.4,0.58,0.581,-0.18,-0.181
2023,3,RB,00-0035261,Tony Pollard,15.1,14.5,15.083,15.388,4.492,11.784,25.647,0.6,0.288,0.017,0.312,0.583
2023,3,RB,00-0035291,Trayveon Williams,0.4,0.775,3.212,3.209,0.108,2.133,12.005,0.375,2.809,2.812,-2.434,-2.437
2023,3,RB,00-0035567,Craig Reynolds,1.5,5.1,4.707,4.607,0.296,3.813,13.488,3.6,3.107,3.207,0.493,0.393
2023,3,RB,00-0035628,D'Ernest Johnson,3.2,0.575,2.797,2.643,0.038,1.587,10.852,2.625,0.557,0.403,2.068,2.222
2023,3,RB,00-0035657,Damien Harris,1.5,6.825,6.907,7.63,1.173,5.745,16.454,5.325,6.13,5.407,-0.805,-0.082
2023,3,RB,00-0035700,Josh Jacobs,11.0,11.375,13.015,12.788,5.72,11.408,23.545,0.375,1.788,2.015,-1.413,-1.64
2023,3,RB,00-0035726,Jakob Johnson,0.0,0.6,0.516,-0.05,-0.167,-0.047,2.929,0.6,0.05,0.516,0.55,0.084
2023,3,RB,00-0035860,Tony Jones,9.2,5.575,6.287,5.973,0.718,4.447,15.633,3.625,3.227,2.913,0.398,0.712
2023,3,RB,00-0035973,Patrick Taylor,5.9,1.5,4.05,3.659,0.109,2.652,11.751,4.4,2.241,1.85,2.159,2.55
2023,3,RB,00-0036139,Rico Dowdle,13.6,1.925,5.294,5.762,0.195,3.425,13.426,11.675,7.838,8.306,3.837,3.369
2023,3,RB,00-0036187,Reggie Gilliam,0.0,0.875,0.342,0.001,-0.191,0.463,3.763,0.875,0.001,0.342,0.874,0.533
2023,3,RB,00-0036251,Zack Moss,22.5,14.3,13.051,12.743,3.765,12.074,23.637,8.2,9.757,9.449,-1.557,-1.249
2023,3,RB,00-0036265,AJ Dillon,3.3,6.575,10.158,10.812,2.403,8.514,21.221,3.275,7.512,6.858,-4.237,-3.583
2023,3,RB,00-0036275,D'Andre Swift,14.8,17.925,13.168,13.686,2.878,11.16,23.235,3.125,1.114,1.632,2.011,1.493
2023,3,RB,00-0036328,Antonio Gibson,3.4,4.75,6.704,6.652,0.794,6.048,17.187,1.35,3.252,3.304,-1.902,-1.954
2023,3,RB,00-0036360,Clyde Edwards-Helaire,12.7,2.125,5.144,4.544,0.289,3.233,12.291,10.575,8.156,7.556,2.419,3.019
2023,3,RB,00-0036370,Joshua Kelley,2.7,7.0,10.444,10.703,1.806,8.347,19.556,4.3,8.003,7.744,-3.703,-3.444
2023,3,RB,00-0036425,DeeJay Dallas,1.5,4.875,4.88,4.757,0.19,3.408,13.383,3.375,3.257,3.38,0.118,-0.005
2023,3,RB,00-0036555,Chuba Hubbard,2.4,8.825,10.621,10.938,1.587,9.082,19.869,6.425,8.538,8.221,-2.113,-1.796
2023,3,RB,00-0036567,Elijah Mitchell,7.4,7.675,6.45,6.236,0.607,5.226,16.361,0.275,1.164,0.95,-0.889,-0.675
2023,3,RB,00-0036569,Gary Brightwell,5.6,2.825,4.917,5.596,0.386,4.046,14.395,2.775,0.004,0.683,2.771,2.092
2023,3,RB,00-0036875,Rhamondre Stevenson,7.2,12.55,12.253,12.414,3.036,10.87,23.124,5.35,5.214,5.053,0.136,0.297
2023,3,RB,00-0036893,Najee Harris,6.5,11.225,11.691,11.723,3.721,10.729,22.976,4.725,5.223,5.191,-0.498,-0.466
2023,3,RB,00-0036906,Khalil Herbert,3.5,6.8,7.509,7.436,1.454,6.848,17.453,3.3,3.936,4.009,-0.636,-0.709
2023,3,RB,00-0036919,Kenny Gainwell,5.8,7.525,8.875,8.877,1.48,7.143,18.525,1.725,3.077,3.075,-1.352,-1.35
2023,3,RB,00-0036924,Michael Carter,1.3,2.725,4.834,5.027,0.625,3.849,13.498,1.425,3.727,3.534,-2.302,-2.109
2023,3,RB,00-0036973,Travis Etienne,17.8,14.0,14.3,13.949,3.599,12.09,22.297,3.8,3.851,3.5,-0.051,0.3
2023,3,RB,00-0036984,Trey Sermon,3.1,2.275,3.968,4.376,0.241,2.72,12.519,0.825,1.276,0.868,-0.451,-0.043
2023,3,RB,00-0036997,Javonte Williams,8.5,7.55,10.018,9.897,1.967,8.697,20.505,0.95,1.397,1.518,-0.447,-0.568
2023,3,RB,00-0037157,Bam Knight,1.3,3.3,5.759,4.576,0.408,4.0,15.189,2.0,3.276,4.459,-1.276,-2.459
2023,3,RB,00-0037197,Isiah Pacheco,15.8,10.675,11.896,11.156,2.449,9.71,20.491,5.125,4.644,3.904,0.481,1.221
2023,3,RB,00-0037228,Jaylen Warren,8.2,9.875,9.442,9.315,1.962,8.285,19.004,1.675,1.115,1.242,0.56,0.433
2023,3,RB,00-0037248,James Cook,13.2,13.775,12.509,13.202,2.996,10.188,22.108,0.575,0.002,0.691,0.573,-0.116
2023,3,RB,00-0037256,Rachaad White,7.2,9.875,12.063,12.117,3.427,9.657,21.879,2.675,4.917,4.863,-2.242,-2.188
2023,3,RB,00-0037258,Dameon Pierce,14.9,9.125,9.04,9.964,1.84,8.276,21.57,5.775,4.936,5.86,0.839,-0.085
2023,3,RB,00-0037263,Tyler Allgeier,4.9,14.8,10.79,9.071,2.553,9.771,23.0,9.9,4.171,5.89,5.729,4.01
2023,3,RB,00-0037267,Jerome Ford,19.1,6.65,7.087,7.686,0.881,7.896,18.374,12.45,11.414,12.013,1.036,0.437
2023,3,RB,00-0037276,Ty Chandler,4.1,1.925,4.346,4.434,0.238,3.23,12.287,2.175,0.334,0.246,1.841,1.929
2023,3,RB,00-0037299,Keaontay Ingram,3.1,0.675,2.113,3.319,0.238,2.721,11.652,2.425,0.219,0.987,2.206,1.438
2023,3,RB,00-0037525,Jordan Mason,1.1,2.525,3.951,3.467,0.192,2.773,11.206,1.425,2.367,2.851,-0.942,-1.426
2023,3,RB,00-0037557,Ronnie Rivers,0.0,2.85,-0.404,0.063,-0.191,-0.059,2.719,2.85,0.063,0.404,2.787,2.446
2023,3,RB,00-0037746,Brian Robinson,7.0,14.25,11.064,10.421,4.651,10.135,24.106,7.25,3.421,4.064,3.829,3.186
2023,3,RB,00-0037840,Kyren Williams,8.5,12.275,10.166,10.643,3.47,10.165,22.18,3.775,2.143,1.666,1.632,2.109
2023,3,RB,00-0038045,Isaiah Spiller,0.7,1.575,4.027,4.377,0.155,2.812,12.093,0.875,3.677,3.327,-2.802,-2.452
2023,3,RB,00-0038098,Pierre Strong,2.7,2.275,3.414,3.302,0.169,3.194,10.759,0.425,0.602,0.714,-0.177,-0.289
2023,3,RB,00-0038120,Breece Hall,3.7,12.475,9.815,9.401,1.911,6.467,19.156,8.775,5.701,6.115,3.074,2.66
2023,3,RB,00-0038134,Kenneth Walker III,30.6,14.425,13.285,13.869,4.601,11.821,23.556,16.175,16.731,17.315,-0.556,-1.14
2023,3,RB,00-0038396,Eric Gray,0.0,0.0,-0.651,0.302,-0.19,0.09,4.794,0.0,0.302,0.651,-0.302,-0.651
2023,3,RB,00-0038542,Bijan Robinson,10.0,20.75,17.075,17.136,5.559,14.36,27.101,10.75,7.136,7.075,3.614,3.675
2023,3,RB,00-0038555,Tank Bigsby,7.0,7.3,5.75,5.893,0.357,5.078,14.65,0.3,1.107,1.25,-0.807,-0.95
2023,3,RB,00-0038597,Chase Brown,0.0,0.2,-0.041,0.221,-0.191,0.002,2.874,0.2,0.221,0.041,-0.021,0.159
2023,3,RB,00-0038705,Emari Demercado,0.2,2.5,2.687,3.44,0.23,3.057,11.898,2.3,3.24,2.487,-0.94,-0.187
2023,3,RB,00-0038738,Hunter Luepke,3.1,0.0,0.669,0.595,-0.19,0.639,4.794,3.1,2.505,2.431,0.595,0.669
2023,3,RB,00-0038794,Jaleel McLaughlin,1.5,3.4,2.631,2.901,0.035,2.264,10.498,1.9,1.401,1.131,0.499,0.769
2023,3,RB,00-0038797,Emanuel Wilson,2.2,0.5,2.844,3.976,0.142,2.477,11.803,1.7,1.776,0.644,-0.076,1.056
2023,3,RB,00-0038951,Sean Tucker,0.1,2.55,4.422,4.984,0.318,4.077,14.991,2.45,4.884,4.322,-2.434,-1.872
2023,3,RB,00-0039021,Roschon Johnson,6.9,11.85,9.057,9.109,1.716,7.853,18.767,4.95,2.209,2.157,2.741,2.793
2023,3,RB,00-0039032,Tyjae Spears,4.9,5.65,8.021,8.482,1.534,7.646,18.67,0.75,3.582,3.121,-2.832,-2.371
2023,3,RB,00-0039040,De'Von Achane,51.3,1.9,4.051,4.379,0.097,2.809,12.039,49.4,46.921,47.249,2.479,2.151
2023,3,RB,00-0039139,Jahmyr Gibbs,9.2,10.3,10.787,10.929,3.008,8.924,20.176,1.1,1.729,1.587,-0.629,-0.487
2023,3,RB,00-0039165,Zach Charbonnet,5.5,3.05,5.422,6.076,0.5,4.047,14.119,2.45,0.576,0.078,1.874,2.372
2023,3,WR,00-0028002,Randall Cobb,2.2,1.775,3.277,3.902,0.019,3.379,12.81,0.425,1.702,1.077,-1.277,-0.652
2023,3,WR,00-0030035,Adam Thielen,31.5,8.85,8.296,8.982,1.367,6.95,18.588,22.65,22.518,23.204,0.132,-0.554
2023,3,WR,00-0030068,Marquise Goodwin,0.1,0.75,3.683,3.43,0.001,2.995,11.277,0.65,3.33,3.583,-2.68,-2.933
2023,3,WR,00-0030279,Keenan Allen,45.46,21.825,17.509,17.715,6.746,14.462,27.509,23.635,27.745,27.951,-4.11,-4.316
2023,3,WR,00-0030431,Robert Woods,6.4,12.0,11.53,11.125,2.706,10.042,20.714,5.6,4.725,5.13,0.875,0.47
2023,3,WR,00-0030564,DeAndre Hopkins,7.8,8.975,11.264,11.393,2.791,9.247,21.04,1.175,3.593,3.464,-2.418,-2.289
2023,3,WR,00-0031236,Brandin Cooks,3.7,11.775,10.986,10.558,2.143,8.583,20.321,8.075,6.858,7.286,1.217,0.789
2023,3,WR,00-0031381,Davante Adams,42.2,19.9,15.319,14.596,5.088,12.155,25.109,22.3,27.604,26.881,-5.304,-4.581
2023,3,WR,00-0031408,Mike Evans,17.0,25.575,13.159,10.938,4.465,9.798,24.236,8.575,6.062,3.841,2.513,4.734
2023,3,WR,00-0031428,Allen Robinson,6.4,9.425,9.015,8.981,1.641,7.457,18.578,3.025,2.581,2.615,0.444,0.41
2023,3,WR,00-0031544,Amari Cooper,24.6,13.825,11.702,11.844,2.102,9.87,21.237,10.775,12.756,12.898,-1.981,-2.123
2023,3,WR,00-0031547,DeVante Parker,3.9,11.4,7.633,7.356,1.377,7.564,18.361,7.5,3.456,3.733,4.044,3.767
2023,3,WR,00-0031549,Nelson Agholor,7.9,4.65,5.829,5.551,0.297,5.257,15.138,3.25,2.349,2.071,0.901,1.179
2023,3,WR,00-0031588,Stefon Diggs,19.1,16.95,14.341,15.168,4.319,12.731,25.421,2.15,3.932,4.759,-1.782,-2.609
2023,3,WR,00-0031763,DeAndre Carter,2.6,2.55,4.483,4.951,0.006,3.417,12.303,0.05,2.351,1.883,-2.301,-1.833
2023,3,WR,00-0032200,Ty Montgomery,0.0,3.75,0.687,-0.349,-0.188,-0.045,2.673,3.75,0.349,0.687,3.401,3.063
2023,3,WR,00-0032211,Tyler Lockett,8.4,11.95,11.304,11.093,2.396,7.801,20.722,3.55,2.693,2.904,0.857,0.646
2023,3,WR,00-0032398,Chris Moore,6.1,3.75,5.079,5.675,0.041,4.264,14.425,2.35,0.425,1.021,1.925,1.329
2023,3,WR,00-0032464,Kalif Raymond,9.5,8.675,6.815,7.22,0.12,5.497,16.326,0.825,2.28,2.685,-1.455,-1.86
2023,3,WR,00-0032688,Robbie Chosen,13.8,3.5,4.528,4.103,-0.001,2.821,12.109,10.3,9.697,9.272,0.603,1.028
2023,3,WR,00-0032765,Michael Thomas,11.0,13.0,12.734,13.123,2.698,11.483,24.04,2.0,2.123,1.734,-0.123,0.266
2023,3,WR,00-0033009,Tyler Boyd,8.9,7.35,9.279,8.308,1.025,6.444,17.539,1.55,0.592,0.379,0.958,1.171
2023,3,WR,00-0033040,Tyreek Hill,30.7,19.875,15.635,15.602,4.546,13.718,25.857,10.825,15.098,15.065,-4.273,-4.24
2023,3,WR,00-0033251,Zach Pascal,0.0,0.875,0.101,0.024,-0.19,-0.011,2.723,0.875,0.024,0.101,0.851,0.774
2023,3,WR,00-0033282,Curtis Samuel,7.4,4.8,7.429,7.895,0.389,4.77,16.533,2.6,0.495,0.029,2.105,2.571
2023,3,WR,00-0033307,Kendrick Bourne,8.6,10.65,8.54,8.256,1.583,7.367,19.211,2.05,0.344,0.06,1.706,1.99
2023,3,WR,00-0033466,Isaiah McKenzie,1.3,1.55,3.476,3.871,-0.01,2.698,11.936,0.25,2.571,2.176,-2.321,-1.926
2023,3,WR,00-0033536,Mike Williams,25.1,12.175,13.742,14.611,4.119,11.432,23.571,12.925,10.489,11.358,2.436,1.567
2023,3,WR,00-0033555,Mack Hollins,3.3,6.4,8.081,7.89,1.04,6.267,18.079,3.1,4.59,4.781,-1.49,-1.681
2023,3,WR,00-0033572,Jamal Agnew,6.9,0.975,4.079,4.073,-0.019,2.374,12.061,5.925,2.827,2.821,3.098,3.104
2023,3,WR,00-0033857,JuJu Smith-Schuster,1.5,6.175,5.559,5.539,0.949,5.86,15.976,4.675,4.039,4.059,0.636,0.616
2023,3,WR,00-0033921,Chris Godwin Jr.,8.2,12.85,11.183,11.355,2.486,9.903,22.865,4.65,3.155,2.983,1.495,1.667
2023,3,WR,00-0034054,River Cracraft,2.3,6.2,6.167,5.475,0.319,4.638,14.37,3.9,3.175,3.867,0.725,0.033
2023,3,WR,00-0034272,Marquez Valdes-Scantling,4.7,5.15,7.594,6.588,0.12,4.415,15.17,0.45,1.888,2.894,-1.438,-2.444
2023,3,WR,00-0034317,Keith Kirkwood,0.0,0.6,3.365,3.756,-0.05,2.531,11.176,0.6,3.756,3.365,-3.156,-2.765
2023,3,WR,00-0034348,Courtland Sutton,19.1,11.375,11.148,11.033,2.502,9.123,21.553,7.725,8.067,7.952,-0.342,-0.227
2023,3,WR,00-0034386,Justin Watson,7.1,6.275,6.588,6.002,0.116,5.209,15.233,0.825,1.098,0.512,-0.273,0.313
2023,3,WR,00-0034407,Ray-Ray McCloud,0.0,1.3,0.673,0.579,-0.187,-0.061,2.805,1.3,0.579,0.673,0.721,0.627
2023,3,WR,00-0034419,Braxton Berrios,5.3,3.85,4.587,4.765,0.099,3.379,12.849,1.45,0.535,0.713,0.915,0.737
2023,3,WR,00-0034487,Trent Sherfield,3.8,2.8,5.411,5.197,0.041,4.024,12.715,1.0,1.397,1.611,-0.397,-0.611
2023,3,WR,00-0034521,Allen Lazard,6.9,8.975,9.333,7.169,1.454,8.685,21.594,2.075,0.269,2.433,1.806,-0.358
2023,3,WR,00-0034646,Brandon Powell,1.5,1.15,3.911,3.797,-0.003,2.492,11.293,0.35,2.297,2.411,-1.947,-2.061
2023,3,WR,00-0034764,Michael Gallup,15.2,3.05,7.358,7.106,0.645,5.443,16.431,12.15,8.094,7.842,4.056,4.308
2023,3,WR,00-0034775,Christian Kirk,15.4,12.465,11.878,13.448,3.998,11.768,23.458,2.935,1.952,3.522,0.983,-0.587
2023,3,WR,00-0034777,DJ Chark,18.6,7.325,6.807,7.425,0.196,5.97,16.089,11.275,11.175,11.793,0.1,-0.518
2023,3,WR,00-0034827,DJ Moore,13.1,11.65,12.087,11.699,2.438,9.814,21.071,1.45,1.401,1.013,0.049,0.437
2023,3,WR,00-0034837,Calvin Ridley,7.0,14.225,15.109,16.319,5.609,14.196,24.82,7.225,9.319,8.109,-2.094,-0.884
2023,3,WR,00-0034854,KhaDarel Hodge,2.5,0.375,3.081,3.773,-0.05,2.435,11.203,2.125,1.273,0.581,0.852,1.544
2023,3,WR,00-0034960,Jakobi Meyers,15.5,19.625,14.532,15.646,4.427,11.732,24.909,4.125,0.146,0.968,3.979,3.157
2023,3,WR,00-0034983,Hunter Renfrow,3.7,10.425,7.679,7.083,0.935,5.675,17.541,6.725,3.383,3.979,3.342,2.746
2023,3,WR,00-0035208,Olamide Zaccheaus,13.8,5.7,8.281,7.596,0.476,6.237,17.972,8.1,6.204,5.519,1.896,2.581
2023,3,WR,00-0035215,Deonte Harty,3.3,1.675,3.839,4.48,0.012,3.016,12.905,1.625,1.18,0.539,0.445,1.086
2023,3,WR,00-0035500,Greg Dortch,0.0,3.5,2.53,-0.336,-0.178,-0.09,4.31,3.5,0.336,2.53,3.164,0.97
2023,3,WR,00-0035535,Darius Slayton,6.2,6.75,7.008,7.668,0.954,5.953,16.771,0.55,1.468,0.808,-0.918,-0.258
2023,3,WR,00-0035639,Parris Campbell,8.4,7.1,8.679,9.332,1.69,7.95,17.37,1.3,0.932,0.279,0.368,1.021
2023,3,WR,00-0035640,DK Metcalf,17.2,8.875,11.429,11.767,3.238,9.87,22.601,8.325,5.433,5.771,2.892,2.554
2023,3,WR,00-0035659,Terry McLaurin,10.1,10.9,10.591,10.859,2.488,8.464,20.741,0.8,0.759,0.491,0.041,0.309
2023,3,WR,00-0035662,Marquise Brown,17.1,9.975,9.833,9.693,2.762,9.156,19.478,7.125,7.407,7.267,-0.282,-0.142
2023,3,WR,00-0035676,A.J. Brown,22.1,13.75,15.52,16.266,3.947,12.985,24.442,8.35,5.834,6.58,2.516,1.77
2023,3,WR,00-0035719,Deebo Samuel Sr.,25.1,13.05,15.489,14.617,3.488,12.097,23.48,12.05,10.483,9.611,1.567,2.439
2023,3,WR,00-0036165,Isaiah Hodgins,0.0,13.125,9.634,9.366,1.345,7.943,18.832,13.125,9.366,9.634,3.759,3.491
2023,3,WR,00-0036176,Mason Kinsey,0.0,0.433,0.303,0.079,-0.19,0.104,3.57,0.433,0.079,0.303,0.354,0.13
2023,3,WR,00-0036196,Gabe Davis,10.3,11.2,11.69,11.515,2.815,9.885,23.328,0.9,1.215,1.39,-0.315,-0.49
2023,3,WR,00-0036233,Donovan Peoples-Jones,7.9,4.6,6.793,6.957,0.823,5.209,17.495,3.3,0.943,1.107,2.357,2.193
2023,3,WR,00-0036252,Michael Pittman,16.7,16.35,13.175,12.561,3.8,10.615,21.111,0.35,4.139,3.525,-3.789,-3.175
2023,3,WR,00-0036259,Jauan Jennings,5.1,3.925,5.322,5.65,0.035,4.237,13.535,1.175,0.55,0.222,0.625,0.953
2023,3,WR,00-0036268,Laviska Shenault Jr.,1.7,2.675,4.834,5.444,0.003,2.591,12.887,0.975,3.744,3.134,-2.769,-2.159
2023,3,WR,00-0036309,Darnell Mooney,0.0,13.85,10.182,9.538,1.991,8.774,20.081,13.85,9.538,10.182,4.312,3.668
2023,3,WR,00-0036322,Justin Jefferson,27.9,14.8,15.572,14.788,5.316,13.01,26.777,13.1,13.112,12.328,-0.012,0.772
2023,3,WR,00-0036326,Chase Claypool,2.5,4.375,6.628,5.924,0.495,4.907,15.363,1.875,3.424,4.128,-1.549,-2.253
2023,3,WR,00-0036331,Devin Duvernay,0.0,1.6,4.97,5.682,0.036,3.921,15.225,1.6,5.682,4.97,-4.082,-3.37
2023,3,WR,00-0036345,K.J. Osborn,10.6,13.525,11.37,11.285,2.53,8.894,20.89,2.925,0.685,0.77,2.24,2.155
2023,3,WR,00-0036358,CeeDee Lamb,10.2,18.55,16.987,16.436,5.004,13.188,25.999,8.35,6.236,6.787,2.114,1.563
2023,3,WR,00-0036407,Jerry Jeudy,13.1,14.575,13.598,13.701,3.303,10.556,23.145,1.475,0.601,0.498,0.874,0.977
2023,3,WR,00-0036410,Tee Higgins,4.1,14.35,12.704,12.956,3.559,12.303,23.387,10.25,8.856,8.604,1.394,1.646
2023,3,WR,00-0036415,Van Jefferson,6.0,7.025,9.16,9.443,2.064,6.983,18.687,1.025,3.443,3.16,-2.418,-2.135
2023,3,WR,00-0036497,Tim Jones,3.1,0.325,3.179,3.437,-0.037,2.382,10.184,2.775,0.337,0.079,2.438,2.696
2023,3,WR,00-0036550,Rashod Bateman,1.6,4.875,6.429,5.979,0.216,4.336,15.558,3.275,4.379,4.829,-1.104,-1.554
2023,3,WR,00-0036554,Nico Collins,5.4,16.125,11.73,10.984,3.285,9.901,21.821,10.725,5.584,6.33,5.141,4.395
2023,3,WR,00-0036626,Dyami Brown,0.0,1.75,3.628,3.998,-0.019,2.556,11.259,1.75,3.998,3.628,-2.248,-1.878
2023,3,WR,00-0036635,Ihmir Smith-Marsette,0.0,0.1,0.133,0.136,-0.19,-0.05,2.745,0.1,0.136,0.133,-0.036,-0.033
2023,3,WR,00-0036849,Tutu Atwell,17.2,11.975,12.031,12.671,2.882,9.061,20.984,5.225,4.529,5.169,0.696,0.056
2023,3,WR,00-0036862,Ben Skowronek,1.3,5.075,5.515,5.197,0.057,3.711,14.512,3.775,3.897,4.215,-0.122,-0.44
2023,3,WR,00-0036900,Ja'Marr Chase,26.1,13.425,15.649,15.823,5.113,13.35,24.476,12.675,10.277,10.451,2.398,2.224
2023,3,WR,00-0036912,DeVonta Smith,6.8,18.75,17.889,18.671,7.229,15.013,25.832,11.95,11.871,11.089,0.079,0.861
2023,3,WR,00-0036913,Kadarius Toney,0.9,8.325,7.489,7.77,0.614,5.36,16.068,7.425,6.87,6.589,0.555,0.836
2023,3,WR,00-0036936,Rondale Moore,16.2,6.925,7.887,8.127,0.848,5.742,17.022,9.275,8.073,8.313,1.202,0.962
2023,3,WR,00-0036955,Terrace Marshall Jr.,8.5,4.9,7.004,7.013,1.048,5.899,17.368,3.6,1.487,1.496,2.113,2.104
2023,3,WR,00-0036963,Amon-Ra St. Brown,19.6,13.6,14.277,14.664,4.203,12.685,25.429,6.0,4.936,5.323,1.064,0.677
2023,3,WR,00-0036980,Elijah Moore,11.8,5.55,7.43,7.913,1.225,6.006,17.601,6.25,3.887,4.37,2.363,1.88
2023,3,WR,00-0036988,Josh Palmer,14.6,3.9,6.832,6.769,0.206,4.672,15.713,10.7,7.831,7.768,2.869,2.932
2023,3,WR,00-0037098,Samori Toure,2.0,3.125,4.682,4.456,0.035,3.526,12.256,1.125,2.456,2.682,-1.331,-1.557
2023,3,WR,00-0037132,Britain Covey,0.0,0.0,-0.0,0.477,-0.187,0.037,5.556,0.0,0.477,0.0,-0.477,-0.0
2023,3,WR,00-0037216,Justyn Ross,0.0,1.6,3.35,3.313,-0.044,2.198,11.204,1.6,3.313,3.35,-1.713,-1.75
2023,3,WR,00-0037238,Drake London,5.1,11.6,12.375,11.915,2.684,10.468,23.102,6.5,6.815,7.275,-0.315,-0.775
2023,3,WR,00-0037239,Chris Olave,18.4,14.25,13.897,14.224,3.734,11.98,23.658,4.15,4.176,4.503,-0.026,-0.353
2023,3,WR,00-0037247,George Pickens,11.5,13.1,11.654,11.639,2.585,9.173,21.062,1.6,0.139,0.154,1.461,1.446
2023,3,WR,00-0037261,Khalil Shakir,1.5,3.85,3.333,3.996,-0.025,2.771,11.975,2.35,2.496,1.833,-0.146,0.517
2023,3,WR,00-0037272,Montrell Washington,0.0,-0.025,1.863,0.302,-0.19,-0.046,2.941,0.025,0.302,1.863,-0.277,-1.838
2023,3,WR,00-0037382,Brandon Johnson,3.2,7.925,6.004,6.28,0.073,4.885,14.233,4.725,3.08,2.804,1.645,1.921
2023,3,WR,00-0037487,Deven Thompkins,2.6,3.075,4.536,5.144,0.012,3.724,14.646,0.475,2.544,1.936,-2.069,-1.461
2023,3,WR,00-0037545,Rashid Shaheed,6.0,13.075,10.218,10.5,1.698,8.333,20.213,7.075,4.5,4.218,2.575,2.857
2023,3,WR,00-0037614,John Metchie III,3.3,2.7,2.544,3.345,-0.057,2.353,10.945,0.6,0.045,0.756,0.555,-0.156
2023,3,WR,00-0037664,Alec Pierce,7.3,4.5,8.491,9.653,1.199,6.954,15.746,2.8,2.353,1.191,0.447,1.609
2023,3,WR,00-0037740,Garrett Wilson,9.8,13.35,11.701,9.465,2.371,10.19,20.974,3.55,0.335,1.901,3.215,1.649
2023,3,WR,00-0037741,Jahan Dotson,4.1,7.775,11.293,11.021,2.01,9.19,20.2,3.675,6.921,7.193,-3.246,-3.518
2023,3,WR,00-0037742,Treylon Burks,1.5,8.45,8.475,9.367,2.449,7.919,18.116,6.95,7.867,6.975,-0.917,-0.025
2023,3,WR,00-0037745,Velus Jones Jr.,0.0,5.55,0.896,-0.64,-0.19,-0.045,2.673,5.55,0.64,0.896,4.91,4.654
2023,3,WR,00-0037801,KaVontae Turpin,0.0,3.25,1.795,0.148,-0.19,-0.039,2.739,3.25,0.148,1.795,3.102,1.455
2023,3,WR,00-0037816,Romeo Doubs,18.3,7.15,6.709,6.499,0.54,4.985,16.469,11.15,11.801,11.591,-0.651,-0.441
2023,3,WR,00-0037837,Calvin Austin III,15.2,5.75,7.663,7.376,0.944,4.946,17.613,9.45,7.824,7.537,1.626,1.913
2023,3,WR,00-0038090,Skyy Moore,8.2,6.05,6.641,7.391,0.517,5.062,16.599,2.15,0.809,1.559,1.341,0.591
2023,3,WR,00-0038117,Wan'Dale Robinson,6.1,9.35,9.667,9.272,1.569,6.563,18.782,3.25,3.172,3.567,0.078,-0.317
2023,3,WR,00-0038393,Dontayvion Wicks,8.5,6.0,5.599,5.498,0.042,4.581,12.355,2.5,3.002,2.901,-0.502,-0.401
2023,3,WR,00-0038465,Malik Heath,0.0,0.0,3.557,4.883,-0.05,3.367,11.844,0.0,4.883,3.557,-4.883,-3.557
2023,3,WR,00-0038496,Xavier Gipson,0.0,3.0,-0.884,0.028,-0.187,0.092,5.041,3.0,0.028,0.884,2.972,2.116
2023,3,WR,00-0038543,Jaxon Smith-Njigba,2.0,6.35,7.754,7.216,1.473,6.472,16.994,4.35,5.216,5.754,-0.866,-1.404
2023,3,WR,00-0038544,Quentin Johnston,3.0,2.3,4.49,3.878,0.001,2.931,11.076,0.7,0.878,1.49,-0.178,-0.79
2023,3,WR,00-0038559,Michael Wilson,10.6,6.25,6.789,6.869,0.363,5.617,15.669,4.35,3.731,3.811,0.619,0.539
2023,3,WR,00-0038573,Derius Davis,1.3,1.25,3.124,3.176,-0.057,2.163,11.238,0.05,1.876,1.824,-1.826,-1.774
2023,3,WR,00-0038576,Charlie Jones,1.6,3.0,-0.073,0.436,-0.187,0.037,4.787,1.4,1.164,1.673,0.236,-0.273
2023,3,WR,00-0038621,DeMario Douglas,3.0,4.95,4.368,4.259,0.537,4.938,13.639,1.95,1.259,1.368,0.691,0.582
2023,3,WR,00-0038647,Ronnie Bell,10.4,0.0,0.458,0.533,-0.187,1.137,6.335,10.4,9.867,9.942,0.533,0.458
2023,3,WR,00-0038752,Jake Bobo,7.5,1.3,3.145,3.589,-0.037,2.455,10.875,6.2,3.911,4.355,2.289,1.845
2023,3,WR,00-0038941,Tyler Scott,1.6,3.4,4.05,4.527,-0.007,3.006,13.462,1.8,2.927,2.45,-1.127,-0.65
2023,3,WR,00-0038976,Marvin Mims Jr.,16.6,11.6,6.543,7.073,0.285,3.781,16.052,5.0,9.527,10.057,-4.527,-5.057
2023,3,WR,00-0038977,Tank Dell,25.5,13.3,9.426,9.213,1.916,7.8,18.635,12.2,16.287,16.074,-4.087,-3.874
2023,3,WR,00-0038994,Jordan Addison,11.2,16.15,10.269,9.545,1.783,8.112,18.463,4.95,1.655,0.931,3.295,4.019
2023,3,WR,00-0038997,Josh Downs,13.7,6.85,9.04,8.926,2.018,7.679,18.004,6.85,4.774,4.66,2.076,2.19
2023,3,WR,00-0039052,Trey Palmer,1.8,5.9,4.868,4.762,0.005,3.975,12.363,4.1,2.962,3.068,1.138,1.032
2023,3,WR,00-0039062,Jonathan Mingo,5.1,4.65,9.472,10.053,2.396,7.701,18.919,0.45,4.953,4.372,-4.503,-3.922
2023,3,WR,00-0039064,Zay Flowers,13.0,14.25,16.393,16.747,4.366,12.912,24.873,1.25,3.747,3.393,-2.497,-2.143
2023,3,WR,00-0039067,Rashee Rice,10.9,7.8,6.986,6.871,0.261,4.982,14.545,3.1,4.029,3.914,-0.929,-0.814
2023,3,WR,00-0039075,Puka Nacua,12.2,26.0,16.222,10.068,6.139,14.471,27.756,13.8,2.132,4.022,11.668,9.778
2023,3,WR,00-0039146,Jayden Reed,9.3,13.15,10.879,11.055,2.343,8.956,21.989,3.85,1.755,1.579,2.095,2.271
2023,4,RB,00-0030513,Latavius Murray,7.6,10.425,7.536,7.441,1.127,7.22,15.998,2.825,0.159,0.064,2.666,2.761
2023,4,RB,00-0031376,Jerick McKinnon,0.7,8.4,6.568,7.058,1.448,5.426,12.575,7.7,6.358,5.868,1.342,1.832
2023,4,RB,00-0031687,Raheem Mostert,5.5,23.0,15.982,15.418,6.051,12.387,25.441,17.5,9.918,10.482,7.582,7.018
2023,4,RB,00-0032104,Ameer Abdullah,3.4,1.775,3.111,2.621,0.147,2.48,9.331,1.625,0.779,0.289,0.846,1.336
2023,4,RB,00-0032144,Melvin Gordon,5.4,11.175,9.48,8.725,1.731,7.296,20.328,5.775,3.325,4.08,2.45,1.695
2023,4,RB,00-0032764,Derrick Henry,24.38,12.05,12.175,12.37,4.053,10.19,22.341,12.33,12.01,12.205,0.32,0.125
2023,4,RB,00-0033045,Ezekiel Elliott,4.2,4.825,7.008,7.998,1.292,6.2,17.406,0.625,3.798,2.808,-3.173,-2.183
2023,4,RB,00-0033280,Christian McCaffrey,48.7,22.05,21.852,23.856,6.8,18.994,28.04,26.65,24.844,26.848,1.806,-0.198
2023,4,RB,00-0033293,Aaron Jones,2.4,13.3,12.198,11.421,2.618,9.847,22.694,10.9,9.021,9.798,1.879,1.102
2023,4,RB,00-0033308,Matt Breida,12.8,5.975,6.938,6.825,0.83,4.316,16.617,6.825,5.975,5.862,0.85,0.963
2023,4,RB,00-0033376,Patrick Ricard,2.4,1.15,2.688,2.195,0.169,1.73,9.316,1.25,0.205,0.288,1.045,0.962
2023,4,RB,00-0033526,Samaje Perine,5.5,6.2,8.414,8.06,1.468,6.606,18.595,0.7,2.56,2.914,-1.86,-2.214
2023,4,RB,00-0033553,James Conner,6.6,15.55,12.205,10.406,4.419,10.053,22.047,8.95,3.806,5.605,5.144,3.345
2023,4,RB,00-0033893,Dalvin Cook,2.8,4.425,6.029,6.093,1.02,5.056,16.348,1.625,3.293,3.229,-1.668,-1.604
2023,4,RB,00-0033897,Joe Mixon,8.6,13.9,14.556,14.752,3.988,11.392,24.097,5.3,6.152,5.956,-0.852,-0.656
2023,4,RB,00-0033906,Alvin Kamara,21.4,13.1,13.518,12.856,4.275,11.863,23.786,8.3,8.544,7.882,-0.244,0.418
2023,4,RB,00-0033923,Kareem Hunt,1.2,4.35,5.312,5.358,0.623,4.168,14.562,3.15,4.158,4.112,-1.008,-0.962
2023,4,RB,00-0034184,Gus Edwards,6.9,6.025,6.306,6.763,0.902,5.623,16.544,0.875,0.137,0.594,0.738,0.281
2023,4,RB,00-0034208,Mike Boone,0.4,3.325,4.552,4.449,0.314,3.788,13.114,2.925,4.049,4.152,-1.124,-1.227
2023,4,RB,00-0034838,Royce Freeman,0.0,3.1,-0.374,0.055,-0.193,-0.06,2.747,3.1,0.055,0.374,3.045,2.726
2023,4,RB,00-0034972,Alexander Mattison,10.8,13.7,15.482,16.034,5.586,11.385,26.821,2.9,5.234,4.682,-2.334,-1.782
2023,4,RB,00-0034975,Justice Hill,3.3,6.15,6.463,7.361,1.157,5.7,17.992,2.85,4.061,3.163,-1.211,-0.313
2023,4,RB,00-0035243,Miles Sanders,6.2,10.0,11.872,12.279,3.038,9.833,23.62,3.8,6.079,5.672,-2.279,-1.872
2023,4,RB,00-0035250,Devin Singletary,8.84,3.4,7.276,7.442,0.935,5.238,16.091,5.44,1.398,1.564,4.042,3.876
2023,4,RB,00-0035261,Tony Pollard,9.0,14.775,17.29,18.312,4.733,12.851,25.378,5.775,9.312,8.29,-3.537,-2.515
2023,4,RB,00-0035291,Trayveon Williams,0.4,0.875,3.349,4.082,0.171,2.545,12.212,0.475,3.682,2.949,-3.207,-2.474
2023,4,RB,00-0035567,Craig Reynolds,0.0,2.425,1.381,0.089,-0.193,-0.037,2.747,2.425,0.089,1.381,2.336,1.044
2023,4,RB,00-0035594,Travis Homer,0.0,2.6,0.42,0.723,-0.194,0.245,2.742,2.6,0.723,0.42,1.877,2.18
2023,4,RB,00-0035628,D'Ernest Johnson,-0.2,1.375,2.927,3.435,0.151,2.677,10.988,1.575,3.635,3.127,-2.06,-1.552
2023,4,RB,00-0035657,Damien Harris,2.9,5.225,5.676,5.409,0.297,4.178,13.683,2.325,2.509,2.776,-0.184,-0.451
2023,4,RB,00-0035685,David Montgomery,34.1,8.375,10.989,10.997,2.278,8.805,20.634,25.725,23.103,23.111,2.622,2.614
2023,4,RB,00-0035700,Josh Jacobs,27.9,9.25,14.656,15.31,5.623,12.185,24.374,18.65,12.59,13.244,6.06,5.406
2023,4,RB,00-0035715,Derrick Gore,0.0,9.7,2.373,0.642,-0.147,0.124,4.363,9.7,0.642,2.373,9.058,7.327
2023,4,RB,00-0035726,Jakob Johnson,2.2,0.6,3.005,2.857,0.066,1.763,8.677,1.6,0.657,0.805,0.943,0.795
2023,4,RB,00-0035806,JaMycal Hasty,0.0,5.925,6.511,6.474,1.129,5.938,16.477,5.925,6.474,6.511,-0.549,-0.586
2023,4,RB,00-0036139,Rico Dowdle,2.7,5.325,6.342,7.358,0.29,3.962,15.531,2.625,4.658,3.642,-2.033,-1.017
2023,4,RB,00-0036251,Zack Moss,9.0,17.925,15.884,16.462,4.293,12.198,25.149,8.925,7.462,6.884,1.463,2.041
2023,4,RB,00-0036265,AJ Dillon,1.1,4.875,8.917,9.195,1.966,6.872,19.346,3.775,8.095,7.817,-4.32,-4.042
2023,4,RB,00-0036275,D'Andre Swift,17.9,14.7,16.137,17.358,3.152,11.493,23.556,3.2,0.542,1.763,2.658,1.437
2023,4,RB,00-0036328,Antonio Gibson,3.6,4.425,6.927,7.656,0.867,6.081,14.402,0.825,4.056,3.327,-3.231,-2.502
2023,4,RB,00-0036360,Clyde Edwards-Helaire,2.3,5.3,6.135,6.318,0.358,4.449,15.332,3.0,4.018,3.835,-1.018,-0.835
2023,4,RB,00-0036370,Joshua Kelley,6.5,6.275,12.25,13.036,3.719,9.94,21.2,0.225,6.536,5.75,-6.311,-5.525
2023,4,RB,00-0036414,Cam Akers,7.1,18.425,13.983,13.217,6.945,13.132,26.055,11.325,6.117,6.883,5.208,4.442
2023,4,RB,00-0036425,DeeJay Dallas,0.0,2.05,4.334,4.501,0.161,2.729,12.524,2.05,4.501,4.334,-2.451,-2.284
2023,4,RB,00-0036450,Ke'Shawn Vaughn,2.9,1.875,3.669,4.413,0.291,2.967,12.145,1.025,1.513,0.769,-0.488,0.256
2023,4,RB,00-0036555,Chuba Hubbard,7.3,7.05,7.058,8.261,1.167,6.777,18.121,0.25,0.961,0.242,-0.711,0.008
2023,4,RB,00-0036569,Gary Brightwell,2.9,4.0,4.572,4.81,0.306,3.4,13.499,1.1,1.91,1.672,-0.81,-0.572
2023,4,RB,00-0036875,Rhamondre Stevenson,6.0,12.575,12.39,12.283,3.641,11.042,22.719,6.575,6.283,6.39,0.292,0.185
2023,4,RB,00-0036893,Najee Harris,11.3,7.775,11.783,13.01,2.235,9.492,22.85,3.525,1.71,0.483,1.815,3.042
2023,4,RB,00-0036906,Khalil Herbert,22.2,6.9,10.041,10.437,1.898,9.697,18.764,15.3,11.763,12.159,3.537,3.141
2023,4,RB,00-0036919,Kenny Gainwell,6.1,6.525,9.635,9.782,1.574,8.767,19.147,0.425,3.682,3.535,-3.257,-3.11
2023,4,RB,00-0036924,Michael Carter,4.1,2.425,3.82,4.554,0.557,3.663,12.24,1.675,0.454,0.28,1.221,1.395
2023,4,RB,00-0036973,Travis Etienne,10.2,12.7,14.272,13.272,4.565,11.908,24.125,2.5,3.072,4.072,-0.572,-1.572
2023,4,RB,00-0036984,Trey Sermon,0.7,2.875,4.689,5.364,0.301,3.496,14.617,2.175,4.664,3.989,-2.489,-1.814
2023,4,RB,00-0036997,Javonte Williams,3.9,7.425,10.54,9.628,2.332,9.119,19.21,3.525,5.728,6.64,-2.203,-3.115
2023,4,RB,00-0037197,Isiah Pacheco,24.8,11.4,11.191,10.794,3.295,10.168,22.519,13.4,14.006,13.609,-0.606,-0.209
2023,4,RB,00-0037228,Jaylen Warren,11.5,8.725,10.482,10.08,2.162,8.016,18.814,2.775,1.42,1.018,1.355,1.757
2023,4,RB,00-0037248,James Cook,14.7,12.625,15.215,16.012,3.553,10.989,23.238,2.075,1.312,0.515,0.763,1.56
2023,4,RB,00-0037256,Rachaad White,10.8,9.225,11.95,12.624,4.381,10.752,21.724,1.575,1.824,1.15,-0.249,0.425
2023,4,RB,00-0037258,Dameon Pierce,11.8,9.725,10.567,10.178,2.01,8.626,21.615,2.075,1.622,1.233,0.453,0.842
2023,4,RB,00-0037263,Tyler Allgeier,2.2,11.9,10.454,11.039,2.218,9.449,21.762,9.7,8.839,8.254,0.861,1.446
2023,4,RB,00-0037267,Jerome Ford,9.5,11.2,9.217,9.682,1.464,7.996,18.936,1.7,0.182,0.283,1.518,1.417
2023,4,RB,00-0037276,Ty Chandler,0.0,2.95,0.708,0.434,-0.193,-0.035,2.742,2.95,0.434,0.708,2.516,2.242
2023,4,RB,00-0037525,Jordan Mason,3.3,2.8,4.059,4.195,0.132,2.356,12.227,0.5,0.895,0.759,-0.395,-0.259
2023,4,RB,00-0037557,Ronnie Rivers,7.7,2.25,4.44,4.466,0.272,3.107,10.885,5.45,3.234,3.26,2.216,2.19
2023,4,RB,00-0037746,Brian Robinson,13.1,14.55,11.312,12.053,3.196,9.991,22.086,1.45,1.047,1.788,0.403,-0.338
2023,4,RB,00-0037840,Kyren Williams,27.7,13.625,14.346,16.254,5.042,14.386,26.679,14.075,11.446,13.354,2.629,0.721
2023,4,RB,00-0038040,Zamir White,1.5,0.675,3.383,4.296,0.155,2.358,12.063,0.825,2.796,1.883,-1.971,-1.058
2023,4,RB,00-0038045,Isaiah Spiller,4.7,1.675,4.365,4.467,0.159,2.638,12.018,3.025,0.233,0.335,2.792,2.69
2023,4,RB,00-0038098,Pierre Strong,4.9,2.2,3.352,3.709,0.181,2.808,12.746,2.7,1.191,1.548,1.509,1.152
2023,4,RB,00-0038120,Breece Hall,9.9,8.375,8.869,8.645,1.0,6.355,19.592,1.525,1.255,1.031,0.27,0.494
2023,4,RB,00-0038134,Kenneth Walker III,13.9,18.275,15.427,14.981,5.035,12.509,24.712,4.375,1.081,1.527,3.294,2.848
2023,4,RB,00-0038396,Eric Gray,0.0,0.0,-0.254,0.488,-0.193,0.096,4.716,0.0,0.488,0.254,-0.488,-0.254
2023,4,RB,00-0038542,Bijan Robinson,18.7,17.167,15.368,15.245,5.203,13.453,24.736,1.533,3.455,3.332,-1.922,-1.798
2023,4,RB,00-0038551,Kendre Miller,1.8,4.4,6.937,7.547,0.899,5.643,16.491,2.6,5.747,5.137,-3.147,-2.537
2023,4,RB,00-0038555,Tank Bigsby,1.0,7.15,4.18,4.112,0.222,4.017,10.963,6.15,3.112,3.18,3.038,2.97
2023,4,RB,00-0038597,Chase Brown,0.7,0.1,1.852,2.774,0.048,1.416,8.908,0.6,2.074,1.152,-1.474,-0.552
2023,4,RB,00-0038622,Deuce Vaughn,2.1,3.5,4.67,4.759,0.292,3.448,13.965,1.4,2.659,2.57,-1.259,-1.17
2023,4,RB,00-0038705,Emari Demercado,5.4,1.35,2.305,2.975,0.158,2.127,11.73,4.05,2.425,3.095,1.625,0.955
2023,4,RB,00-0038738,Hunter Luepke,6.4,1.55,3.329,3.45,0.062,2.763,9.738,4.85,2.95,3.071,1.9,1.779
2023,4,RB,00-0038794,Jaleel McLaughlin,19.4,2.767,4.278,4.549,0.118,2.563,13.464,16.633,14.851,15.122,1.783,1.512
2023,4,RB,00-0039021,Roschon Johnson,2.5,10.2,9.957,9.737,2.067,7.354,19.457,7.7,7.237,7.457,0.463,0.243
2023,4,RB,00-0039032,Tyjae Spears,8.8,5.4,7.693,7.888,1.347,7.691,17.915,3.4,0.912,1.107,2.488,2.293
2023,4,RB,00-0039040,De'Von Achane,27.0,26.6,13.352,12.397,2.714,10.518,21.327,0.4,14.603,13.648,-14.203,-13.248
2023,4,RB,00-0039139,Jahmyr Gibbs,9.1,9.933,11.557,11.467,2.474,9.28,21.736,0.833,2.367,2.457,-1.534,-1.624
2023,4,RB,00-0039165,Zach Charbonnet,5.0,3.867,6.085,6.374,0.567,4.972,15.264,1.133,1.374,1.085,-0.24,0.048
2023,4,WR,00-0026293,Matthew Slater,0.0,0.0,-0.437,0.408,-0.187,0.118,4.506,0.0,0.408,0.437,-0.408,-0.437
2023,4,WR,00-0028002,Randall Cobb,2.8,1.325,4.254,5.192,0.028,3.615,13.459,1.475,2.392,1.454,-0.917,0.021
2023,4,WR,00-0029293,Marvin Jones,0.0,5.575,7.985,7.155,1.213,6.072,17.151,5.575,7.155,7.985,-1.58,-2.41
2023,4,WR,00-0030035,Adam Thielen,15.2,16.075,12.579,13.304,2.638,8.053,20.414,0.875,1.896,2.621,-1.021,-1.746
2023,4,WR,00-0030068,Marquise Goodwin,1.0,0.025,2.932,3.59,-0.067,2.429,11.248,0.975,2.59,1.932,-1.615,-0.957
2023,4,WR,00-0030279,Keenan Allen,12.2,30.24,19.828,20.154,6.681,14.983,28.224,18.04,7.954,7.628,10.086,10.412
2023,4,WR,00-0030431,Robert Woods,5.6,9.875,11.235,11.246,2.568,9.343,21.457,4.275,5.646,5.635,-1.371,-1.36
2023,4,WR,00-0030564,DeAndre Hopkins,10.3,7.675,11.587,11.568,2.621,11.169,22.367,2.625,1.268,1.287,1.357,1.338
2023,4,WR,00-0030663,Willie Snead,1.9,0.725,3.424,3.649,-0.052,2.297,11.244,1.175,1.749,1.524,-0.574,-0.349
2023,4,WR,00-0031236,Brandin Cooks,6.7,9.35,10.551,10.257,1.814,8.961,20.57,2.65,3.557,3.851,-0.907,-1.201
2023,4,WR,00-0031381,Davante Adams,15.5,21.875,17.235,15.695,6.391,13.891,26.908,6.375,0.195,1.735,6.18,4.64
2023,4,WR,00-0031408,Mike Evans,7.0,28.35,12.165,9.118,4.053,11.489,22.689,21.35,2.118,5.165,19.232,16.185
2023,4,WR,00-0031428,Allen Robinson,1.8,8.925,8.964,8.943,1.4,7.107,16.386,7.125,7.143,7.164,-0.018,-0.039
2023,4,WR,00-0031544,Amari Cooper,2.6,13.6,11.08,10.82,1.862,9.504,21.048,11.0,8.22,8.48,2.78,2.52
2023,4,WR,00-0031547,DeVante Parker,5.3,11.475,9.059,8.804,1.736,7.178,18.825,6.175,3.504,3.759,2.671,2.416
2023,4,WR,00-0031549,Nelson Agholor,1.4,6.3,5.825,5.742,0.156,4.383,13.826,4.9,4.342,4.425,0.558,0.475
2023,4,WR,00-0031588,Stefon Diggs,36.0,20.575,16.907,18.046,5.425,14.197,27.175,15.425,17.954,19.093,-2.529,-3.668
2023,4,WR,00-0031763,DeAndre Carter,0.0,2.35,1.393,0.294,-0.182,-0.008,2.701,2.35,0.294,1.393,2.056,0.957
2023,4,WR,00-0031941,Jamison Crowder,0.0,0.9,0.357,0.194,-0.191,-0.043,2.701,0.9,0.194,0.357,0.706,0.543
2023,4,WR,00-0032211,Tyler Lockett,9.4,13.175,12.168,13.111,3.29,11.818,22.28,3.775,3.711,2.768,0.064,1.007
2023,4,WR,00-0032385,Sterling Shepard,1.6,5.175,6.465,6.384,0.814,5.282,15.743,3.575,4.784,4.865,-1.209,-1.29
2023,4,WR,00-0032398,Chris Moore,5.4,4.0,4.658,4.691,-0.015,3.934,12.675,1.4,0.709,0.742,0.691,0.658
2023,4,WR,00-0032464,Kalif Raymond,4.8,9.2,7.092,6.994,0.452,5.432,17.184,4.4,2.194,2.292,2.206,2.108
2023,4,WR,00-0032688,Robbie Chosen,0.0,6.275,4.701,4.261,-0.045,3.464,12.345,6.275,4.261,4.701,2.014,1.574
2023,4,WR,00-0032765,Michael Thomas,9.3,11.125,12.933,13.87,3.744,11.866,23.224,1.825,4.57,3.633,-2.745,-1.808
2023,4,WR,00-0032951,Laquon Treadwell,0.0,5.4,3.072,-0.044,-0.181,0.002,4.248,5.4,0.044,3.072,5.356,2.328
2023,4,WR,00-0033009,Tyler Boyd,6.6,8.3,9.181,8.863,1.537,7.316,18.407,1.7,2.263,2.581,-0.563,-0.881
2023,4,WR,00-0033040,Tyreek Hill,10.2,23.625,15.413,14.084,5.258,10.884,27.213,13.425,3.884,5.213,9.541,8.212
2023,4,WR,00-0033251,Zach Pascal,4.0,0.475,2.328,3.593,-0.026,2.469,10.642,3.525,0.407,1.672,3.118,1.853
2023,4,WR,00-0033282,Curtis Samuel,18.2,6.25,7.095,7.45,0.519,5.434,16.853,11.95,10.75,11.105,1.2,0.845
2023,4,WR,00-0033292,Trent Taylor,0.0,0.0,0.247,0.539,-0.187,0.786,5.913,0.0,0.539,0.247,-0.539,-0.247
2023,4,WR,00-0033307,Kendrick Bourne,5.6,12.1,8.618,8.975,1.561,7.903,18.579,6.5,3.375,3.018,3.125,3.482
2023,4,WR,00-0033466,Isaiah McKenzie,1.6,1.725,2.658,3.688,-0.016,2.253,11.906,0.125,2.088,1.058,-1.963,-0.933
2023,4,WR,00-0033555,Mack Hollins,0.0,5.475,7.379,7.171,0.984,5.939,17.377,5.475,7.171,7.379,-1.696,-1.904
2023,4,WR,00-0033857,JuJu Smith-Schuster,2.4,5.525,6.701,7.203,0.783,5.647,16.538,3.125,4.803,4.301,-1.678,-1.176
2023,4,WR,00-0033921,Chris Godwin Jr.,19.4,9.65,11.602,11.536,3.666,9.454,21.714,9.75,7.864,7.798,1.886,1.952
2023,4,WR,00-0033943,Josh Reynolds,9.9,9.925,8.224,7.928,0.909,6.414,17.451,0.025,1.972,1.676,-1.947,-1.651
2023,4,WR,00-0034272,Marquez Valdes-Scantling,1.6,5.125,7.334,7.165,0.16,5.275,16.175,3.525,5.565,5.734,-2.04,-2.209
2023,4,WR,00-0034279,Equanimeous St. Brown,3.1,4.975,4.72,4.396,-0.027,2.988,12.063,1.875,1.296,1.62,0.579,0.255
2023,4,WR,00-0034297,Byron Pringle,2.5,2.075,3.239,3.572,-0.022,2.456,11.046,0.425,1.072,0.739,-0.647,-0.314
2023,4,WR,00-0034348,Courtland Sutton,11.7,14.05,13.172,13.716,3.366,11.792,22.749,2.35,2.016,1.472,0.334,0.878
2023,4,WR,00-0034386,Justin Watson,1.5,7.125,6.052,6.225,0.354,5.317,14.858,5.625,4.725,4.552,0.9,1.073
2023,4,WR,00-0034407,Ray-Ray McCloud,4.2,0.0,2.355,3.667,-0.031,2.372,11.299,4.2,0.533,1.845,3.667,2.355
2023,4,WR,00-0034418,Cedrick Wilson Jr.,2.6,1.75,3.511,3.895,-0.022,2.734,11.196,0.85,1.295,0.911,-0.445,-0.061
2023,4,WR,00-0034419,Braxton Berrios,17.4,4.325,6.051,6.295,0.127,4.693,14.207,13.075,11.105,11.349,1.97,1.726
2023,4,WR,00-0034487,Trent Sherfield,3.8,3.325,5.571,5.159,0.008,3.69,13.988,0.475,1.359,1.771,-0.884,-1.296
2023,4,WR,00-0034521,Allen Lazard,15.1,7.975,9.155,8.527,1.75,7.423,17.682,7.125,6.573,5.945,0.552,1.18
2023,4,WR,00-0034646,Brandon Powell,0.0,1.05,0.84,0.243,-0.191,-0.076,2.701,1.05,0.243,0.84,0.807,0.21
2023,4,WR,00-0034764,Michael Gallup,11.0,5.125,7.892,8.013,0.985,6.398,16.802,5.875,2.987,3.108,2.888,2.767
2023,4,WR,00-0034775,Christian Kirk,16.4,15.29,11.503,13.326,4.241,12.131,22.404,1.11,3.074,4.897,-1.964,-3.787
2023,4,WR,00-0034777,DJ Chark,4.8,8.275,8.542,8.565,1.621,7.123,17.449,3.475,3.765,3.742,-0.29,-0.267
2023,4,WR,00-0034827,DJ Moore,27.1,9.0,12.881,12.683,3.101,9.755,21.553,18.1,14.417,14.219,3.683,3.881
2023,4,WR,00-0034837,Calvin Ridley,11.8,12.225,13.223,13.898,4.337,12.581,24.314,0.425,2.098,1.423,-1.673,-0.998
2023,4,WR,00-0034854,KhaDarel Hodge,3.9,1.0,2.65,3.421,-0.055,2.258,11.044,2.9,0.479,1.25,2.421,1.65
2023,4,WR,00-0034960,Jakobi Meyers,5.3,18.425,14.276,14.072,4.069,11.78,25.545,13.125,8.772,8.976,4.353,4.149
2023,4,WR,00-0034983,Hunter Renfrow,3.2,7.8,7.56,7.571,0.835,5.581,16.051,4.6,4.371,4.36,0.229,0.24
2023,4,WR,00-0035164,Cody Thompson,2.0,0.0,0.889,0.554,-0.187,0.219,4.506,2.0,1.446,1.111,0.554,0.889
2023,4,WR,00-0035208,Olamide Zaccheaus,2.1,8.325,7.738,7.379,1.187,5.867,16.545,6.225,5.279,5.638,0.946,0.587
2023,4,WR,00-0035215,Deonte Harty,3.0,2.5,5.675,5.745,0.022,3.448,12.816,0.5,2.745,2.675,-2.245,-2.175
2023,4,WR,00-0035341,Trenton Irwin,2.7,9.25,4.821,4.889,-0.027,3.386,11.074,6.55,2.189,2.121,4.361,4.429
2023,4,WR,00-0035406,Lil'Jordan Humphrey,2.1,3.1,4.55,4.923,0.011,3.358,12.672,1.0,2.823,2.45,-1.823,-1.45
2023,4,WR,00-0035500,Greg Dortch,0.0,2.125,1.112,0.533,-0.191,0.424,3.933,2.125,0.533,1.112,1.592,1.013
2023,4,WR,00-0035535,Darius Slayton,4.3,5.325,8.936,8.326,0.92,7.01,17.9,1.025,4.026,4.636,-3.001,-3.611
2023,4,WR,00-0035639,Parris Campbell,4.5,7.125,8.161,8.001,1.667,7.345,17.772,2.625,3.501,3.661,-0.876,-1.036
2023,4,WR,00-0035640,DK Metcalf,12.4,12.85,13.18,14.197,3.747,12.273,23.838,0.45,1.797,0.78,-1.347,-0.33
2023,4,WR,00-0035659,Terry McLaurin,16.6,12.0,9.612,9.441,1.819,8.504,19.643,4.6,7.159,6.988,-2.559,-2.388
2023,4,WR,00-0035662,Marquise Brown,16.6,11.225,11.761,11.684,3.067,9.005,20.825,5.375,4.916,4.839,0.459,0.536
2023,4,WR,00-0035676,A.J. Brown,38.5,14.35,16.697,17.422,5.704,13.208,25.747,24.15,21.078,21.803,3.072,2.347
2023,4,WR,00-0035719,Deebo Samuel Sr.,0.6,15.725,15.005,14.572,5.008,13.884,24.818,15.125,13.972,14.405,1.153,0.72
2023,4,WR,00-0036165,Isaiah Hodgins,5.4,7.4,8.354,7.943,1.014,6.328,14.516,2.0,2.543,2.954,-0.543,-0.954
2023,4,WR,00-0036176,Mason Kinsey,0.0,0.325,0.611,0.221,-0.191,0.125,3.562,0.325,0.221,0.611,0.104,-0.286
2023,4,WR,00-0036182,Nick Westbrook-Ikhine,16.1,5.675,7.06,7.182,0.973,5.101,16.618,10.425,8.918,9.04,1.507,1.385
2023,4,WR,00-0036196,Gabe Davis,15.1,10.9,11.549,10.7,2.069,8.688,21.931,4.2,4.4,3.551,-0.2,0.649
2023,4,WR,00-0036233,Donovan Peoples-Jones,1.7,4.5,6.59,7.035,1.066,5.661,16.253,2.8,5.335,4.89,-2.535,-2.09
2023,4,WR,00-0036252,Michael Pittman,4.5,16.5,15.151,15.208,5.775,13.194,25.829,12.0,10.708,10.651,1.292,1.349
2023,4,WR,00-0036261,Brandon Aiyuk,20.8,19.2,15.508,14.622,3.65,12.934,24.24,1.6,6.178,5.292,-4.578,-3.692
2023,4,WR,00-0036268,Laviska Shenault Jr.,2.9,2.1,4.589,5.035,-0.007,2.373,12.624,0.8,2.135,1.689,-1.335,-0.889
2023,4,WR,00-0036309,Darnell Mooney,9.1,9.475,8.998,8.094,0.918,6.372,18.08,0.375,1.006,0.102,-0.631,0.273
2023,4,WR,00-0036322,Justin Jefferson,26.5,21.15,15.308,15.255,6.24,14.617,26.345,5.35,11.245,11.192,-5.895,-5.842
2023,4,WR,00-0036331,Devin Duvernay,2.8,1.6,2.745,4.093,-0.004,2.856,12.367,1.2,1.293,0.055,-0.093,1.145
2023,4,WR,00-0036345,K.J. Osborn,2.6,11.45,10.158,9.647,1.986,8.094,20.516,8.85,7.047,7.558,1.803,1.292
2023,4,WR,00-0036358,CeeDee Lamb,14.8,15.85,15.314,15.176,4.762,12.982,25.474,1.05,0.376,0.514,0.674,0.536
2023,4,WR,00-0036364,Lynn Bowden,0.0,10.645,8.797,8.423,2.37,7.417,19.268,10.645,8.423,8.797,2.222,1.848
2023,4,WR,00-0036407,Jerry Jeudy,8.2,13.425,14.372,15.165,4.185,12.237,23.225,5.225,6.965,6.172,-1.74,-0.947
2023,4,WR,00-0036410,Tee Higgins,3.9,8.675,11.699,11.167,3.89,12.204,23.39,4.775,7.267,7.799,-2.492,-3.024
2023,4,WR,00-0036415,Van Jefferson,4.9,5.85,8.627,9.061,1.119,6.534,17.955,0.95,4.161,3.727,-3.211,-2.777
2023,4,WR,00-0036497,Tim Jones,0.9,1.1,3.143,3.477,-0.026,2.499,11.13,0.2,2.577,2.243,-2.377,-2.043
2023,4,WR,00-0036554,Nico Collins,35.8,14.875,11.962,11.752,2.048,10.314,22.816,20.925,24.048,23.838,-3.123,-2.913
2023,4,WR,00-0036613,Jaylen Waddle,8.6,10.675,11.988,12.09,3.138,9.034,20.359,2.075,3.49,3.388,-1.415,-1.313
2023,4,WR,00-0036626,Dyami Brown,7.1,1.375,3.134,3.986,-0.019,2.533,11.302,5.725,3.114,3.966,2.611,1.759
2023,4,WR,00-0036635,Ihmir Smith-Marsette,0.0,-0.025,0.201,0.222,-0.191,-0.062,2.934,0.025,0.222,0.201,-0.197,-0.176
2023,4,WR,00-0036646,Simi Fehoko,0.0,1.8,1.191,0.242,-0.191,-0.036,2.701,1.8,0.242,1.191,1.558,0.609
2023,4,WR,00-0036841,Austin Trammell,0.0,1.1,0.788,0.207,-0.191,-0.076,2.701,1.1,0.207,0.788,0.893,0.312
2023,4,WR,00-0036849,Tutu Atwell,7.4,15.525,14.057,14.405,3.175,10.49,22.362,8.125,7.005,6.657,1.12,1.468
2023,4,WR,00-0036900,Ja'Marr Chase,14.3,16.475,16.167,15.865,5.351,12.508,25.97,2.175,1.565,1.867,0.61,0.308
2023,4,WR,00-0036912,DeVonta Smith,14.8,15.325,16.106,17.8,4.763,13.298,24.063,0.525,3.0,1.306,-2.475,-0.781
2023,4,WR,00-0036913,Kadarius Toney,4.2,5.775,6.652,5.334,0.325,4.771,13.798,1.575,1.134,2.452,0.441,-0.877
2023,4,WR,00-0036936,Rondale Moore,0.0,6.375,8.107,7.444,0.745,5.876,13.507,6.375,7.444,8.107,-1.069,-1.732
2023,4,WR,00-0036955,Terrace Marshall Jr.,14.6,5.15,7.518,7.341,1.022,5.859,16.922,9.45,7.259,7.082,2.191,2.368
2023,4,WR,00-0036963,Amon-Ra St. Brown,16.6,15.95,14.547,14.928,4.676,12.651,26.143,0.65,1.672,2.053,-1.022,-1.403
2023,4,WR,00-0036980,Elijah Moore,2.0,7.55,9.164,9.373,2.175,8.203,18.57,5.55,7.373,7.164,-1.823,-1.614
2023,4,WR,00-0036988,Josh Palmer,10.7,7.55,6.69,7.248,0.66,6.374,16.974,3.15,3.452,4.01,-0.302,-0.86
2023,4,WR,00-0037098,Samori Toure,4.5,2.275,4.493,4.616,0.033,3.569,12.783,2.225,0.116,0.007,2.109,2.218
2023,4,WR,00-0037132,Britain Covey,0.0,0.0,0.139,0.6,-0.187,0.118,4.506,0.0,0.6,0.139,-0.6,-0.139
2023,4,WR,00-0037238,Drake London,11.8,10.45,9.974,9.558,1.786,7.704,19.851,1.35,2.242,1.826,-0.892,-0.476
2023,4,WR,00-0037239,Chris Olave,1.4,16.8,15.538,14.968,4.663,12.892,25.645,15.4,13.568,14.138,1.832,1.262
2023,4,WR,00-0037247,George Pickens,5.5,14.75,11.689,11.284,2.865,10.323,21.433,9.25,5.784,6.189,3.466,3.061
2023,4,WR,00-0037261,Khalil Shakir,0.0,4.225,3.873,3.852,-0.039,2.623,11.867,4.225,3.852,3.873,0.373,0.352
2023,4,WR,00-0037272,Montrell Washington,0.0,0.0,0.012,0.166,-0.191,0.008,4.569,0.0,0.166,0.012,-0.166,-0.012
2023,4,WR,00-0037382,Brandon Johnson,7.4,7.225,6.32,6.505,0.072,5.066,15.003,0.175,0.895,1.08,-0.72,-0.905
2023,4,WR,00-0037487,Deven Thompkins,15.6,3.725,4.591,4.768,0.035,2.925,13.546,11.875,10.832,11.009,1.043,0.866
2023,4,WR,00-0037545,Rashid Shaheed,6.3,11.1,9.18,9.595,1.126,6.229,19.176,4.8,3.295,2.88,1.505,1.92
2023,4,WR,00-0037614,John Metchie III,3.2,3.0,3.443,4.044,-0.007,2.439,12.18,0.2,0.844,0.243,-0.644,-0.043
2023,4,WR,00-0037664,Alec Pierce,4.8,5.2,8.746,9.781,1.138,8.249,15.866,0.4,4.981,3.946,-4.581,-3.546
2023,4,WR,00-0037666,Jalen Tolbert,9.3,1.65,4.318,4.777,0.009,3.307,12.779,7.65,4.523,4.982,3.127,2.668
2023,4,WR,00-0037740,Garrett Wilson,15.0,14.6,12.803,11.763,3.782,9.358,20.741,0.4,3.237,2.197,-2.837,-1.797
2023,4,WR,00-0037741,Jahan Dotson,12.7,7.125,8.162,7.907,2.07,6.788,17.99,5.575,4.793,4.538,0.782,1.037
2023,4,WR,00-0037745,Velus Jones Jr.,1.0,3.75,3.639,4.182,-0.059,2.358,10.917,2.75,3.182,2.639,-0.432,0.111
2023,4,WR,00-0037801,KaVontae Turpin,6.1,3.25,5.017,4.489,-0.019,2.568,11.435,2.85,1.611,1.083,1.239,1.767
2023,4,WR,00-0037816,Romeo Doubs,18.5,10.475,8.537,8.444,1.352,6.967,19.022,8.025,10.056,9.963,-2.031,-1.938
2023,4,WR,00-0037837,Calvin Austin III,5.9,8.9,8.639,8.346,1.082,6.409,18.316,3.0,2.446,2.739,0.554,0.261
2023,4,WR,00-0038090,Skyy Moore,1.9,7.725,7.099,7.932,0.508,6.256,16.722,5.825,6.032,5.199,-0.207,0.626
2023,4,WR,00-0038117,Wan'Dale Robinson,9.7,8.125,9.079,8.685,2.137,6.807,17.516,1.575,1.015,0.621,0.56,0.954
2023,4,WR,00-0038124,Christian Watson,10.5,9.55,10.885,10.056,1.646,8.305,22.151,0.95,0.444,0.385,0.506,0.565
2023,4,WR,00-0038393,Dontayvion Wicks,0.0,6.833,6.88,7.007,0.159,5.739,15.597,6.833,7.007,6.88,-0.173,-0.047
2023,4,WR,00-0038496,Xavier Gipson,2.7,2.0,-0.648,0.355,-0.187,0.118,4.461,0.7,2.345,3.348,-1.645,-2.648
2023,4,WR,00-0038543,Jaxon Smith-Njigba,3.5,4.9,7.029,6.836,0.59,5.086,15.626,1.4,3.336,3.529,-1.936,-2.129
2023,4,WR,00-0038544,Quentin Johnston,2.8,2.533,4.685,4.436,0.005,3.21,12.155,0.267,1.636,1.885,-1.369,-1.618
2023,4,WR,00-0038559,Michael Wilson,26.6,7.7,7.185,7.596,0.715,5.766,15.114,18.9,19.004,19.415,-0.104,-0.515
2023,4,WR,00-0038573,Derius Davis,8.7,1.267,3.213,3.486,-0.052,2.276,10.853,7.433,5.214,5.487,2.219,1.946
2023,4,WR,00-0038618,Xavier Hutchinson,0.0,0.95,0.249,0.178,-0.191,-0.036,2.701,0.95,0.178,0.249,0.772,0.701
2023,4,WR,00-0038621,DeMario Douglas,6.5,4.3,5.259,5.571,0.272,4.582,14.731,2.2,0.929,1.241,1.271,0.959
2023,4,WR,00-0038647,Ronnie Bell,1.7,5.2,4.025,3.731,-0.035,3.051,10.312,3.5,2.031,2.325,1.469,1.175
2023,4,WR,00-0038752,Jake Bobo,0.0,4.4,4.056,3.955,-0.044,2.613,11.17,4.4,3.955,4.056,0.445,0.344
2023,4,WR,00-0038821,Rakim Jarrett,1.3,0.85,2.384,3.166,-0.055,2.153,8.554,0.45,1.866,1.084,-1.416,-0.634
2023,4,WR,00-0038938,Jalin Hyatt,3.0,5.45,4.097,4.417,-0.007,3.443,12.333,2.45,1.417,1.097,1.033,1.353
2023,4,WR,00-0038941,Tyler Scott,1.9,2.5,4.455,4.125,0.022,2.79,12.488,0.6,2.225,2.555,-1.625,-1.955
2023,4,WR,00-0038976,Marvin Mims Jr.,6.7,13.267,8.108,8.493,1.125,4.55,16.161,6.567,1.793,1.408,4.774,5.158
2023,4,WR,00-0038977,Tank Dell,3.9,17.367,11.46,11.236,2.286,9.085,19.262,13.467,7.336,7.56,6.131,5.907
2023,4,WR,00-0038994,Jordan Addison,0.0,14.5,10.547,10.33,1.853,9.116,20.215,14.5,10.33,10.547,4.17,3.953
2023,4,WR,00-0038997,Josh Downs,5.4,9.133,11.029,10.969,3.092,10.083,20.955,3.733,5.569,5.629,-1.836,-1.895
2023,4,WR,00-0039052,Trey Palmer,8.6,4.533,4.862,5.365,0.031,3.915,12.493,4.067,3.235,3.738,0.832,0.328
2023,4,WR,00-0039064,Zay Flowers,8.0,13.833,14.705,14.512,3.636,11.435,23.623,5.833,6.512,6.705,-0.679,-0.871
2023,4,WR,00-0039067,Rashee Rice,6.2,8.833,7.639,7.752,1.125,5.93,15.332,2.633,1.552,1.439,1.081,1.194
2023,4,WR,00-0039075,Puka Nacua,31.3,21.4,19.805,20.499,7.146,14.784,27.801,9.9,10.801,11.495,-0.901,-1.595
2023,4,WR,00-0039146,Jayden Reed,10.5,11.867,11.173,11.419,1.421,9.361,22.859,1.367,0.919,0.673,0.447,0.693
2023,5,RB,00-0030513,Latavius Murray,1.7,7.625,7.763,7.606,0.954,5.893,15.641,5.925,5.906,6.063,0.019,-0.138
2023,5,RB,00-0030578,Cordarrelle Patterson,1.7,11.65,8.466,8.112,0.984,6.907,17.819,9.95,6.412,6.766,3.538,3.184
2023,5,RB,00-0031376,Jerick McKinnon,4.5,6.425,5.412,5.241,0.511,3.989,11.613,1.925,0.741,0.912,1.184,1.013
2023,5,RB,00-0031687,Raheem Mostert,15.8,22.35,17.089,18.838,6.922,13.092,24.153,6.55,3.038,1.289,3.512,5.261
2023,5,RB,00-0032104,Ameer Abdullah,2.5,2.125,3.482,2.858,0.17,2.56,9.729,0.375,0.358,0.982,0.017,-0.607
2023,5,RB,00-0032764,Derrick Henry,9.2,14.695,10.1,11.115,4.207,10.179,23.529,5.495,1.915,0.9,3.58,4.595
2023,5,RB,00-0033045,Ezekiel Elliott,7.8,5.625,7.437,7.495,1.088,6.097,16.922,2.175,0.305,0.363,1.87,1.812
2023,5,RB,00-0033280,Christian McCaffrey,13.8,30.0,20.527,20.53,8.439,16.489,29.605,16.2,6.73,6.727,9.47,9.473
2023,5,RB,00-0033308,Matt Breida,3.4,6.425,7.769,7.775,1.097,6.233,17.72,3.025,4.375,4.369,-1.35,-1.344
2023,5,RB,00-0033376,Patrick Ricard,0.0,0.9,0.944,1.528,-0.102,0.108,3.817,0.9,1.528,0.944,-0.628,-0.044
2023,5,RB,00-0033526,Samaje Perine,11.5,6.775,7.554,7.226,1.143,5.994,17.869,4.725,4.274,3.946,0.451,0.779
2023,5,RB,00-0033553,James Conner,4.6,13.7,13.881,14.126,3.588,11.889,24.81,9.1,9.526,9.281,-0.426,-0.181
2023,5,RB,00-0033893,Dalvin Cook,2.3,4.45,6.786,6.516,0.635,4.577,15.359,2.15,4.216,4.486,-2.066,-2.336
2023,5,RB,00-0033897,Joe Mixon,13.4,11.6,14.922,14.779,5.085,12.722,22.146,1.8,1.379,1.522,0.421,0.278
2023,5,RB,00-0033906,Alvin Kamara,18.7,15.35,14.418,13.761,5.317,12.495,23.922,3.35,4.939,4.282,-1.589,-0.932
2023,5,RB,00-0034184,Gus Edwards,4.8,7.35,9.432,9.913,1.661,7.478,18.73,2.55,5.113,4.632,-2.563,-2.082
2023,5,RB,00-0034208,Mike Boone,0.0,2.525,-0.069,-0.229,-0.189,-0.027,3.588,2.525,0.229,0.069,2.296,2.456
2023,5,RB,00-0034433,Nick Bawden,0.0,2.6,0.013,0.401,-0.193,0.23,2.939,2.6,0.401,0.013,2.199,2.587
2023,5,RB,00-0034972,Alexander Mattison,12.6,11.65,12.48,12.114,5.249,12.392,24.733,0.95,0.486,0.12,0.464,0.83
2023,5,RB,00-0034975,Justice Hill,12.5,6.975,6.783,7.288,0.838,5.289,17.661,5.525,5.212,5.717,0.313,-0.192
2023,5,RB,00-0035243,Miles Sanders,1.2,10.725,11.264,12.028,3.031,10.133,22.492,9.525,10.828,10.064,-1.303,-0.539
2023,5,RB,00-0035250,Devin Singletary,0.0,5.06,4.567,6.855,0.668,5.271,16.766,5.06,6.855,4.567,-1.795,0.493
2023,5,RB,00-0035261,Tony Pollard,8.4,16.55,14.083,13.902,5.023,11.952,24.344,8.15,5.502,5.683,2.648,2.467
2023,5,RB,00-0035291,Trayveon Williams,0.5,0.975,3.683,4.175,0.053,2.563,11.658,0.475,3.675,3.183,-3.2,-2.708
2023,5,RB,00-0035567,Craig Reynolds,11.2,0.925,5.077,4.509,0.291,2.797,12.709,10.275,6.691,6.123,3.584,4.152
2023,5,RB,00-0035628,D'Ernest Johnson,0.0,1.325,-0.087,0.233,-0.193,-0.063,2.739,1.325,0.233,0.087,1.092,1.238
2023,5,RB,00-0035657,Damien Harris,1.3,4.4,4.793,4.755,0.23,4.04,16.736,3.1,3.455,3.493,-0.355,-0.393
2023,5,RB,00-0035685,David Montgomery,20.9,15.5,14.827,15.947,4.211,11.568,27.658,5.4,4.953,6.073,0.447,-0.673
2023,5,RB,00-0035700,Josh Jacobs,19.9,14.475,17.104,18.856,5.764,14.294,26.879,5.425,1.044,2.796,4.381,2.629
2023,5,RB,00-0035973,Patrick Taylor,2.7,2.3,4.716,4.731,0.25,3.602,12.492,0.4,2.031,2.016,-1.631,-1.616
2023,5,RB,00-0036139,Rico Dowdle,1.5,6.0,5.225,5.876,0.338,3.982,15.042,4.5,4.376,3.725,0.124,0.775
2023,5,RB,00-0036223,Jonathan Taylor,4.4,12.7,11.632,10.609,3.741,11.169,22.49,8.3,6.209,7.232,2.091,1.068
2023,5,RB,00-0036251,Zack Moss,33.5,18.325,14.138,12.573,5.405,13.447,23.803,15.175,20.927,19.362,-5.752,-4.187
2023,5,RB,00-0036265,AJ Dillon,13.6,4.325,8.896,10.008,2.239,6.155,20.309,9.275,3.592,4.704,5.683,4.571
2023,5,RB,00-0036275,D'Andre Swift,16.8,15.275,15.885,15.631,4.215,11.984,25.091,1.525,1.169,0.915,0.356,0.61
2023,5,RB,00-0036328,Antonio Gibson,10.4,4.05,8.831,9.025,0.72,5.4,14.239,6.35,1.375,1.569,4.975,4.781
2023,5,RB,00-0036360,Clyde Edwards-Helaire,0.4,5.65,5.692,6.084,0.263,3.89,15.21,5.25,5.684,5.292,-0.434,-0.042
2023,5,RB,00-0036414,Cam Akers,3.8,11.525,12.376,11.849,3.916,11.296,23.118,7.725,8.049,8.576,-0.324,-0.851
2023,5,RB,00-0036555,Chuba Hubbard,4.5,7.15,7.164,6.889,1.148,6.988,16.466,2.65,2.389,2.664,0.261,-0.014
2023,5,RB,00-0036875,Rhamondre Stevenson,2.4,10.775,11.565,11.282,3.569,10.778,22.34,8.375,8.882,9.165,-0.507,-0.79
2023,5,RB,00-0036893,Najee Harris,5.0,7.1,9.796,9.636,2.091,8.907,19.828,2.1,4.636,4.796,-2.536,-2.696
2023,5,RB,00-0036906,Khalil Herbert,7.6,10.975,11.349,10.739,2.812,9.356,20.822,3.375,3.139,3.749,0.236,-0.374
2023,5,RB,00-0036919,Kenny Gainwell,3.4,7.125,8.889,8.88,1.534,7.277,18.971,3.725,5.48,5.489,-1.755,-1.764
2023,5,RB,00-0036924,Michael Carter,5.2,2.825,6.372,7.7,0.554,3.748,13.467,2.375,2.5,1.172,-0.125,1.203
2023,5,RB,00-0036973,Travis Etienne,36.4,13.9,13.586,13.574,4.654,11.151,24.873,22.5,22.826,22.814,-0.326,-0.314
2023,5,RB,00-0037157,Bam Knight,1.8,3.05,5.593,4.895,0.302,3.427,14.898,1.25,3.095,3.793,-1.845,-2.543
2023,5,RB,00-0037197,Isiah Pacheco,13.4,14.5,14.544,14.965,3.842,11.691,24.36,1.1,1.565,1.144,-0.465,-0.044
2023,5,RB,00-0037228,Jaylen Warren,10.9,9.775,9.602,9.168,1.982,8.025,19.087,1.125,1.732,1.298,-0.607,-0.173
2023,5,RB,00-0037248,James Cook,5.1,14.525,13.659,14.077,3.54,11.266,24.144,9.425,8.977,8.559,0.448,0.866
2023,5,RB,00-0037258,Dameon Pierce,9.2,9.725,11.205,10.487,3.135,8.882,22.543,0.525,1.287,2.005,-0.762,-1.48
2023,5,RB,00-0037263,Tyler Allgeier,6.0,9.075,9.213,8.831,1.175,7.624,19.037,3.075,2.831,3.213,0.244,-0.138
2023,5,RB,00-0037276,Ty Chandler,1.5,2.45,3.779,4.018,0.272,3.272,11.744,0.95,2.518,2.279,-1.568,-1.329
2023,5,RB,00-0037525,Jordan Mason,12.9,1.8,2.915,3.2,0.132,2.445,11.352,11.1,9.7,9.985,1.4,1.115
2023,5,RB,00-0037557,Ronnie Rivers,0.1,2.275,4.791,4.56,0.33,3.274,13.226,2.175,4.46,4.691,-2.285,-2.516
2023,5,RB,00-0037746,Brian Robinson,8.3,15.65,13.45,14.241,4.906,11.503,24.109,7.35,5.941,5.15,1.409,2.2
2023,5,RB,00-0037827,Tyrion Davis-Price,2.1,1.65,4.809,4.766,0.29,3.294,14.946,0.45,2.666,2.709,-2.216,-2.259
2023,5,RB,00-0037840,Kyren Williams,7.7,20.4,15.435,16.291,5.532,15.281,28.379,12.7,8.591,7.735,4.109,4.965
2023,5,RB,00-0038120,Breece Hall,28.4,7.55,9.856,9.199,1.293,6.847,17.966,20.85,19.201,18.544,1.649,2.306
2023,5,RB,00-0038396,Eric Gray,3.6,0.0,-0.44,0.368,-0.192,0.094,4.8,3.6,3.232,4.04,0.368,-0.44
2023,5,RB,00-0038542,Bijan Robinson,11.8,17.55,16.711,15.646,5.735,13.788,25.94,5.75,3.846,4.911,1.904,0.839
2023,5,RB,00-0038551,Kendre Miller,13.0,3.1,4.984,5.959,0.399,4.065,14.706,9.9,7.041,8.016,2.859,1.884
2023,5,RB,00-0038555,Tank Bigsby,0.8,5.1,3.896,4.158,0.172,3.046,12.406,4.3,3.358,3.096,0.942,1.204
2023,5,RB,00-0038597,Chase Brown,1.2,0.3,2.947,3.541,0.042,1.163,8.241,0.9,2.341,1.747,-1.441,-0.847
2023,5,RB,00-0038622,Deuce Vaughn,1.8,3.033,4.259,4.52,0.178,3.374,14.709,1.233,2.72,2.459,-1.487,-1.226
2023,5,RB,00-0038705,Emari Demercado,12.7,2.7,4.389,4.785,0.313,3.446,12.96,10.0,7.915,8.311,2.085,1.689
2023,5,RB,00-0038738,Hunter Luepke,0.0,3.167,0.213,0.217,-0.193,-0.041,2.78,3.167,0.217,0.213,2.95,2.954
2023,5,RB,00-0038794,Jaleel McLaughlin,17.9,6.925,6.172,6.071,0.202,4.415,15.175,10.975,11.829,11.728,-0.854,-0.753
2023,5,RB,00-0039021,Roschon Johnson,1.9,8.275,7.936,8.365,0.99,6.402,18.442,6.375,6.465,6.036,-0.09,0.339
2023,5,RB,00-0039032,Tyjae Spears,16.9,6.25,8.722,8.51,2.118,7.503,19.091,10.65,8.39,8.178,2.26,2.472
2023,5,RB,00-0039040,De'Von Achane,21.5,26.733,18.428,20.155,6.295,13.441,25.151,5.233,1.345,3.072,3.888,2.161
2023,5,WR,00-0026293,Matthew Slater,0.0,0.0,-0.41,0.485,-0.187,0.061,5.308,0.0,0.485,0.41,-0.485,-0.41
2023,5,WR,00-0028002,Randall Cobb,0.0,1.25,4.733,5.272,0.036,3.956,13.029,1.25,5.272,4.733,-4.022,-3.483
2023,5,WR,00-0029293,Marvin Jones,4.2,4.45,6.482,5.523,0.342,4.337,15.286,0.25,1.323,2.282,-1.073,-2.032
2023,5,WR,00-0030035,Adam Thielen,27.7,17.575,13.032,13.323,3.459,9.949,21.333,10.125,14.377,14.668,-4.252,-4.543
2023,5,WR,00-0030431,Robert Woods,6.0,9.275,10.857,11.177,2.456,9.71,20.85,3.275,5.177,4.857,-1.902,-1.582
2023,5,WR,00-0030564,DeAndre Hopkins,22.0,9.9,12.466,12.439,2.786,9.975,22.312,12.1,9.561,9.534,2.539,2.566
2023,5,WR,00-0031235,Odell Beckham Jr.,3.3,7.575,9.068,9.397,1.173,7.22,18.577,4.275,6.097,5.768,-1.822,-1.493
2023,5,WR,00-0031236,Brandin Cooks,2.3,9.05,8.945,9.318,1.516,7.136,19.44,6.75,7.018,6.645,-0.268,0.105
2023,5,WR,00-0031381,Davante Adams,8.5,22.675,17.206,16.3,7.689,14.462,26.866,14.175,7.8,8.706,6.375,5.469
2023,5,WR,00-0031428,Allen Robinson,7.9,5.7,7.219,7.277,1.009,6.186,17.384,2.2,0.623,0.681,1.577,1.519
2023,5,WR,00-0031547,DeVante Parker,4.0,11.7,8.891,9.023,1.574,8.387,18.921,7.7,5.023,4.891,2.677,2.809
2023,5,WR,00-0031549,Nelson Agholor,10.4,6.65,5.85,5.559,0.235,4.786,14.248,3.75,4.841,4.55,-1.091,-0.8
2023,5,WR,00-0031588,Stefon Diggs,24.1,23.725,16.917,16.15,5.857,13.876,27.055,0.375,7.95,7.183,-7.575,-6.808
2023,5,WR,00-0031763,DeAndre Carter,0.3,1.025,3.2,3.681,-0.044,2.588,11.424,0.725,3.381,2.9,-2.656,-2.175
2023,5,WR,00-0031941,Jamison Crowder,4.1,0.425,3.017,3.875,0.011,2.795,11.013,3.675,0.225,1.083,3.45,2.592
2023,5,WR,00-0032200,Ty Montgomery,1.5,3.475,3.385,3.759,-0.034,2.241,11.65,1.975,2.259,1.885,-0.284,0.09
2023,5,WR,00-0032385,Sterling Shepard,2.3,3.225,5.03,4.884,0.351,3.424,10.756,0.925,2.584,2.73,-1.659,-1.805
2023,5,WR,00-0032464,Kalif Raymond,7.5,7.75,6.562,6.501,0.329,5.35,15.938,0.25,0.999,0.938,-0.749,-0.688
2023,5,WR,00-0032765,Michael Thomas,10.5,10.975,11.16,11.209,3.155,9.504,20.801,0.475,0.709,0.66,-0.234,-0.185
2023,5,WR,00-0032951,Laquon Treadwell,0.0,2.55,1.536,0.177,-0.19,-0.009,2.628,2.55,0.177,1.536,2.373,1.014
2023,5,WR,00-0033009,Tyler Boyd,9.9,7.425,10.06,9.219,1.79,8.301,18.609,2.475,0.681,0.16,1.794,2.315
2023,5,WR,00-0033040,Tyreek Hill,32.1,25.1,14.24,12.545,4.873,12.33,26.874,7.0,19.555,17.86,-12.555,-10.86
2023,5,WR,00-0033251,Zach Pascal,0.0,1.475,3.239,3.551,-0.026,2.617,11.205,1.475,3.551,3.239,-2.076,-1.764
2023,5,WR,00-0033282,Curtis Samuel,18.5,10.7,10.136,9.877,1.265,6.171,19.528,7.8,8.623,8.364,-0.823,-0.564
2023,5,WR,00-0033292,Trent Taylor,0.0,0.0,0.051,0.5,-0.187,0.937,5.982,0.0,0.5,0.051,-0.5,-0.051
2023,5,WR,00-0033307,Kendrick Bourne,6.3,11.375,8.311,8.248,1.776,6.348,19.14,5.075,1.948,2.011,3.127,3.064
2023,5,WR,00-0033466,Isaiah McKenzie,0.4,1.15,3.299,3.936,0.001,2.598,11.807,0.75,3.536,2.899,-2.786,-2.149
2023,5,WR,00-0033555,Mack Hollins,4.9,4.6,7.045,7.009,0.776,5.831,16.937,0.3,2.109,2.145,-1.809,-1.845
2023,5,WR,00-0033572,Jamal Agnew,0.1,2.5,4.572,4.78,-0.02,2.721,13.484,2.4,4.68,4.472,-2.28,-2.072
2023,5,WR,00-0033857,JuJu Smith-Schuster,3.6,4.75,6.36,6.907,0.913,6.172,15.655,1.15,3.307,2.76,-2.157,-1.61
2023,5,WR,00-0033891,Zay Jones,11.3,7.0,9.605,10.322,1.029,9.076,20.396,4.3,0.978,1.695,3.322,2.605
2023,5,WR,00-0033908,Cooper Kupp,19.8,17.325,15.74,15.691,4.979,12.624,26.185,2.475,4.109,4.06,-1.634,-1.585
2023,5,WR,00-0033943,Josh Reynolds,17.6,12.025,9.706,9.88,1.707,8.253,19.671,5.575,7.72,7.894,-2.145,-2.319
2023,5,WR,00-0034272,Marquez Valdes-Scantling,2.2,4.1,6.724,6.072,0.106,4.663,14.454,1.9,3.872,4.524,-1.972,-2.624
2023,5,WR,00-0034279,Equanimeous St. Brown,0.0,2.85,4.937,5.199,0.025,3.878,12.945,2.85,5.199,4.937,-2.349,-2.087
2023,5,WR,00-0034297,Byron Pringle,2.0,1.35,4.174,3.94,-0.038,2.467,11.305,0.65,1.94,2.174,-1.29,-1.524
2023,5,WR,00-0034317,Keith Kirkwood,1.1,0.0,2.771,3.441,-0.053,2.401,11.008,1.1,2.341,1.671,-1.241,-0.571
2023,5,WR,00-0034348,Courtland Sutton,2.3,13.9,11.948,12.556,2.693,11.003,22.177,11.6,10.256,9.648,1.344,1.952
2023,5,WR,00-0034386,Justin Watson,7.6,5.575,6.691,6.131,0.073,4.849,14.876,2.025,1.469,0.909,0.556,1.116
2023,5,WR,00-0034407,Ray-Ray McCloud,1.1,1.05,3.14,3.81,-0.013,2.6,10.744,0.05,2.71,2.04,-2.66,-1.99
2023,5,WR,00-0034418,Cedrick Wilson Jr.,9.2,1.425,4.024,4.545,-0.015,2.698,12.63,7.775,4.655,5.176,3.12,2.599
2023,5,WR,00-0034419,Braxton Berrios,3.3,8.675,7.934,7.961,0.559,5.585,15.869,5.375,4.661,4.634,0.714,0.741
2023,5,WR,00-0034487,Trent Sherfield,1.3,4.275,5.969,5.751,0.057,3.994,14.491,2.975,4.451,4.669,-1.476,-1.694
2023,5,WR,00-0034521,Allen Lazard,6.3,8.225,8.79,8.443,1.403,6.671,18.392,1.925,2.143,2.49,-0.218,-0.565
2023,5,WR,00-0034646,Brandon Powell,9.2,0.375,2.735,3.615,0.001,2.404,11.031,8.825,5.585,6.465,3.24,2.36
2023,5,WR,00-0034764,Michael Gallup,3.5,7.375,8.157,8.166,0.885,6.052,17.975,3.875,4.666,4.657,-0.791,-0.782
2023,5,WR,00-0034775,Christian Kirk,14.4,13.915,14.053,14.6,4.541,12.136,24.669,0.485,0.2,0.347,0.285,0.138
2023,5,WR,00-0034777,DJ Chark,13.2,7.575,7.612,7.994,1.41,6.686,16.611,5.625,5.206,5.588,0.419,0.037
2023,5,WR,00-0034827,DJ Moore,49.0,15.275,12.132,12.307,3.183,10.788,23.161,33.725,36.693,36.868,-2.968,-3.143
2023,5,WR,00-0034837,Calvin Ridley,20.6,12.025,11.237,11.457,2.418,9.623,21.902,8.575,9.143,9.363,-0.568,-0.788
2023,5,WR,00-0034854,KhaDarel Hodge,2.1,1.975,2.89,3.433,-0.051,2.472,10.97,0.125,1.333,0.79,-1.208,-0.665
2023,5,WR,00-0034960,Jakobi Meyers,20.5,15.525,13.113,13.76,3.644,11.827,23.736,4.975,6.74,7.387,-1.765,-2.412
2023,5,WR,00-0034983,Hunter Renfrow,1.7,7.375,6.81,6.669,0.442,5.013,14.821,5.675,4.969,5.11,0.706,0.565
2023,5,WR,00-0035215,Deonte Harty,8.2,3.25,5.301,4.943,0.019,3.373,13.143,4.95,3.257,2.899,1.693,2.051
2023,5,WR,00-0035298,Scott Miller,3.0,0.45,2.861,3.527,-0.05,2.416,11.104,2.55,0.527,0.139,2.023,2.411
2023,5,WR,00-0035341,Trenton Irwin,14.0,6.475,4.638,4.055,-0.005,3.371,11.464,7.525,9.945,9.362,-2.42,-1.837
2023,5,WR,00-0035500,Greg Dortch,0.0,0.0,0.107,0.067,-0.19,-0.031,3.776,0.0,0.067,0.107,-0.067,-0.107
2023,5,WR,00-0035535,Darius Slayton,5.5,6.05,8.132,8.047,1.304,6.379,17.014,0.55,2.547,2.632,-1.997,-2.082
2023,5,WR,00-0035639,Parris Campbell,4.3,5.05,6.481,6.685,1.19,5.352,16.276,0.75,2.385,2.181,-1.635,-1.431
2023,5,WR,00-0035645,Gunner Olszewski,0.0,0.325,-0.497,0.047,-0.188,1.105,4.857,0.325,0.047,0.497,0.278,-0.172
2023,5,WR,00-0035659,Terry McLaurin,8.9,12.05,11.373,10.993,2.419,9.543,22.053,3.15,2.093,2.473,1.057,0.677
2023,5,WR,00-0035662,Marquise Brown,16.1,14.95,13.095,13.931,3.766,11.16,23.423,1.15,2.169,3.005,-1.019,-1.855
2023,5,WR,00-0035676,A.J. Brown,18.7,20.6,18.322,18.137,7.131,14.381,28.382,1.9,0.563,0.378,1.337,1.522
2023,5,WR,00-0035703,Miles Boykin,0.0,0.625,1.835,3.176,-0.053,1.997,9.762,0.625,3.176,1.835,-2.551,-1.21
2023,5,WR,00-0035719,Deebo Samuel Sr.,11.5,14.775,13.774,13.9,4.008,12.554,24.646,3.275,2.4,2.274,0.875,1.001
2023,5,WR,00-0036165,Isaiah Hodgins,3.9,5.2,6.975,7.188,0.309,5.013,15.336,1.3,3.288,3.075,-1.988,-1.775
2023,5,WR,00-0036182,Nick Westbrook-Ikhine,1.9,9.35,8.537,8.757,2.032,6.562,18.41,7.45,6.857,6.637,0.593,0.813
2023,5,WR,00-0036196,Gabe Davis,22.0,12.95,11.132,10.921,2.111,8.193,20.032,9.05,11.079,10.868,-2.029,-1.818
2023,5,WR,00-0036252,Michael Pittman,10.2,14.625,13.821,13.638,4.655,11.797,24.937,4.425,3.438,3.621,0.987,0.804
2023,5,WR,00-0036259,Jauan Jennings,2.9,3.55,5.116,5.067,0.049,4.022,13.155,0.65,2.167,2.216,-1.517,-1.566
2023,5,WR,00-0036261,Brandon Aiyuk,9.8,17.725,14.768,13.32,3.211,13.134,24.513,7.925,3.52,4.968,4.405,2.957
2023,5,WR,00-0036268,Laviska Shenault Jr.,2.7,2.35,3.234,4.141,-0.051,2.318,11.712,0.35,1.441,0.534,-1.091,-0.184
2023,5,WR,00-0036271,Quez Watkins,2.4,2.5,6.344,5.678,0.038,3.828,13.959,0.1,3.278,3.944,-3.178,-3.844
2023,5,WR,00-0036309,Darnell Mooney,0.0,9.325,7.903,7.709,0.838,5.81,17.977,9.325,7.709,7.903,1.616,1.422
2023,5,WR,00-0036322,Justin Jefferson,5.8,25.825,17.939,18.399,6.522,15.047,28.305,20.025,12.599,12.139,7.426,7.886
2023,5,WR,00-0036331,Devin Duvernay,0.0,1.075,4.468,4.959,0.035,3.51,12.793,1.075,4.959,4.468,-3.884,-3.393
2023,5,WR,00-0036345,K.J. Osborn,9.9,7.925,9.433,9.588,1.484,7.26,17.715,1.975,0.312,0.467,1.663,1.508
2023,5,WR,00-0036358,CeeDee Lamb,8.9,15.5,13.482,14.198,3.601,10.776,23.687,6.6,5.298,4.582,1.302,2.018
2023,5,WR,00-0036407,Jerry Jeudy,11.0,12.775,11.158,11.863,2.558,10.272,21.181,1.775,0.863,0.158,0.912,1.617
2023,5,WR,00-0036497,Tim Jones,0.0,1.0,3.673,3.797,-0.021,2.545,11.287,1.0,3.797,3.673,-2.797,-2.673
2023,5,WR,00-0036550,Rashod Bateman,1.8,3.225,5.843,5.517,0.066,3.998,11.387,1.425,3.717,4.043,-2.292,-2.618
2023,5,WR,00-0036554,Nico Collins,6.9,20.7,13.038,12.2,3.286,10.082,24.443,13.8,5.3,6.138,8.5,7.662
2023,5,WR,00-0036613,Jaylen Waddle,14.5,10.775,11.296,11.949,2.467,8.904,20.421,3.725,2.551,3.204,1.174,0.521
2023,5,WR,00-0036626,Dyami Brown,2.1,3.15,3.869,4.296,-0.006,2.813,12.366,1.05,2.196,1.769,-1.146,-0.719
2023,5,WR,00-0036635,Ihmir Smith-Marsette,0.0,0.0,-0.276,0.275,-0.19,0.08,3.861,0.0,0.275,0.276,-0.275,-0.276
2023,5,WR,00-0036841,Austin Trammell,0.0,0.825,0.884,0.188,-0.19,-0.101,2.646,0.825,0.188,0.884,0.637,-0.059
2023,5,WR,00-0036849,Tutu Atwell,8.9,14.425,14.168,15.594,4.197,11.908,24.075,5.525,6.694,5.268,-1.169,0.257
2023,5,WR,00-0036862,Ben Skowronek,0.0,1.425,4.849,4.577,-0.002,3.288,12.5,1.425,4.577,4.849,-3.152,-3.424
2023,5,WR,00-0036900,Ja'Marr Chase,52.2,14.4,16.512,16.295,5.819,13.784,26.486,37.8,35.905,35.688,1.895,2.112
2023,5,WR,00-0036912,DeVonta Smith,1.6,15.6,15.237,16.664,4.956,13.287,25.276,14.0,15.064,13.637,-1.064,0.363
2023,5,WR,00-0036913,Kadarius Toney,7.7,3.725,6.911,6.439,0.165,3.357,14.392,3.975,1.261,0.789,2.714,3.186
2023,5,WR,00-0036936,Rondale Moore,10.6,6.525,6.132,6.142,0.139,4.477,15.425,4.075,4.458,4.468,-0.383,-0.393
2023,5,WR,00-0037132,Britain Covey,0.0,0.0,0.393,0.522,-0.187,-0.019,4.609,0.0,0.522,0.393,-0.522,-0.393
2023,5,WR,00-0037216,Justyn Ross,4.8,0.8,3.623,3.729,-0.044,2.432,11.536,4.0,1.071,1.177,2.929,2.823
2023,5,WR,00-0037238,Drake London,14.68,8.9,9.275,8.906,1.59,7.891,19.648,5.78,5.774,5.405,0.006,0.375
2023,5,WR,00-0037239,Chris Olave,9.2,13.4,12.635,11.954,3.416,9.824,21.736,4.2,2.754,3.435,1.446,0.765
2023,5,WR,00-0037240,Jameson Williams,2.2,1.0,3.903,3.366,-0.015,2.604,11.401,1.2,1.166,1.703,0.034,-0.503
2023,5,WR,00-0037247,George Pickens,26.6,12.075,11.265,10.595,2.174,9.452,20.66,14.525,16.005,15.335,-1.48,-0.81
2023,5,WR,00-0037261,Khalil Shakir,2.1,3.35,3.683,3.597,-0.057,2.575,11.788,1.25,1.497,1.583,-0.247,-0.333
2023,5,WR,00-0037272,Montrell Washington,0.0,0.0,0.486,0.568,-0.187,-0.071,5.251,0.0,0.568,0.486,-0.568,-0.486
2023,5,WR,00-0037273,Kyle Philips,0.0,3.95,5.626,4.842,0.001,3.116,12.223,3.95,4.842,5.626,-0.892,-1.676
2023,5,WR,00-0037382,Brandon Johnson,1.9,9.075,5.243,5.526,0.05,4.615,15.573,7.175,3.626,3.343,3.549,3.832
2023,5,WR,00-0037545,Rashid Shaheed,4.8,10.9,8.252,8.69,0.958,6.426,18.74,6.1,3.89,3.452,2.21,2.648
2023,5,WR,00-0037614,John Metchie III,4.0,3.067,3.668,4.135,-0.006,2.556,12.059,0.933,0.135,0.332,0.798,0.602
2023,5,WR,00-0037664,Alec Pierce,2.0,4.6,8.546,9.798,1.337,7.321,16.34,2.6,7.798,6.546,-5.198,-3.946
2023,5,WR,00-0037740,Garrett Wilson,8.4,13.875,14.008,13.315,4.404,11.178,23.71,5.475,4.915,5.608,0.56,-0.133
2023,5,WR,00-0037741,Jahan Dotson,6.0,7.75,9.441,8.998,0.748,7.765,18.63,1.75,2.998,3.441,-1.248,-1.691
2023,5,WR,00-0037801,KaVontae Turpin,9.6,4.775,6.518,5.022,-0.022,2.769,11.099,4.825,4.578,3.082,0.247,1.743
2023,5,WR,00-0037816,Romeo Doubs,1.4,15.1,11.64,12.039,2.406,11.291,22.07,13.7,10.639,10.24,3.061,3.46
2023,5,WR,00-0037837,Calvin Austin III,0.0,8.15,8.391,8.032,1.416,6.757,17.64,8.15,8.032,8.391,0.118,-0.241
2023,5,WR,00-0038090,Skyy Moore,3.1,6.625,8.137,8.688,0.523,5.932,17.086,3.525,5.588,5.037,-2.063,-1.512
2023,5,WR,00-0038117,Wan'Dale Robinson,6.9,9.675,10.367,10.973,1.962,6.43,18.593,2.775,4.073,3.467,-1.298,-0.692
2023,5,WR,00-0038124,Christian Watson,11.6,10.025,9.544,9.259,1.179,7.893,19.568,1.575,2.341,2.056,-0.766,-0.481
2023,5,WR,00-0038393,Dontayvion Wicks,2.0,5.125,6.102,6.277,0.047,4.516,15.13,3.125,4.277,4.102,-1.152,-0.977
2023,5,WR,00-0038496,Xavier Gipson,0.0,2.175,-0.062,0.398,-0.188,0.016,3.644,2.175,0.398,0.062,1.777,2.113
2023,5,WR,00-0038559,Michael Wilson,2.8,12.425,8.823,8.656,1.28,8.159,17.688,9.625,5.856,6.023,3.769,3.602
2023,5,WR,00-0038563,Tre Tucker,1.6,3.4,3.24,4.087,-0.045,2.528,11.161,1.8,2.487,1.64,-0.687,0.16
2023,5,WR,00-0038619,Andrei Iosivas,1.9,0.0,0.096,0.347,-0.187,0.755,5.982,1.9,1.553,1.804,0.347,0.096
2023,5,WR,00-0038621,DeMario Douglas,3.4,4.85,5.147,5.295,0.057,3.83,14.356,1.45,1.895,1.747,-0.445,-0.297
2023,5,WR,00-0038647,Ronnie Bell,0.0,4.033,4.27,4.673,-0.015,3.22,12.484,4.033,4.673,4.27,-0.639,-0.237
2023,5,WR,00-0038976,Marvin Mims Jr.,1.4,11.625,7.31,7.886,0.653,5.225,16.866,10.225,6.486,5.91,3.739,4.315
2023,5,WR,00-0038977,Tank Dell,8.3,14.0,11.12,11.335,1.72,8.513,19.323,5.7,3.035,2.82,2.665,2.88
2023,5,WR,00-0038994,Jordan Addison,18.4,10.875,8.878,8.658,1.05,6.709,17.669,7.525,9.742,9.522,-2.217,-1.997
2023,5,WR,00-0038997,Josh Downs,15.7,8.2,9.748,9.592,2.041,7.946,18.863,7.5,6.108,5.952,1.392,1.548
2023,5,WR,00-0039062,Jonathan Mingo,9.8,4.8,7.697,7.803,1.009,7.118,17.83,5.0,1.997,2.103,3.003,2.897
2023,5,WR,00-0039064,Zay Flowers,12.3,12.375,14.511,15.463,3.179,12.158,23.662,0.075,3.163,2.211,-3.088,-2.136
2023,5,WR,00-0039067,Rashee Rice,13.3,8.175,8.159,7.262,0.953,5.755,16.441,5.125,6.038,5.141,-0.913,-0.016
2023,5,WR,00-0039075,Puka Nacua,20.1,23.875,20.682,21.295,7.487,16.07,28.558,3.775,1.195,0.582,2.58,3.193
2023,5,WR,00-0039146,Jayden Reed,1.7,11.525,10.673,10.858,1.635,8.432,20.845,9.825,9.158,8.973,0.667,0.852
2023,6,RB,00-0030513,Latavius Murray,4.5,7.375,6.456,6.183,0.623,4.807,14.624,2.875,1.683,1.956,1.192,0.919
2023,6,RB,00-0030578,Cordarrelle Patterson,1.6,9.025,6.969,6.514,0.416,5.978,15.769,7.425,4.914,5.369,2.511,2.056
2023,6,RB,00-0030874,Damien Williams,5.4,3.725,3.873,3.725,0.124,3.087,9.781,1.675,1.675,1.527,-0.0,0.148
2023,6,RB,00-0031376,Jerick McKinnon,5.0,7.05,7.189,6.575,0.726,3.652,13.742,2.05,1.575,2.189,0.475,-0.139
2023,6,RB,00-0031687,Raheem Mostert,34.2,23.05,18.294,21.519,7.893,14.035,25.026,11.15,12.681,15.906,-1.531,-4.756
2023,6,RB,00-0032104,Ameer Abdullah,0.0,2.75,3.883,3.403,0.191,2.978,10.112,2.75,3.403,3.883,-0.653,-1.133
2023,6,RB,00-0032764,Derrick Henry,19.3,13.52,5.965,10.51,3.158,9.695,22.525,5.78,8.79,13.335,-3.01,-7.555
2023,6,RB,00-0033045,Ezekiel Elliott,11.9,5.75,7.624,7.308,1.325,7.165,16.577,6.15,4.592,4.276,1.558,1.874
2023,6,RB,00-0033280,Christian McCaffrey,14.2,26.975,19.163,18.38,9.549,17.151,28.534,12.775,4.18,4.963,8.595,7.812
2023,6,RB,00-0033308,Matt Breida,1.3,6.875,8.426,8.45,2.562,7.348,18.408,5.575,7.15,7.126,-1.575,-1.551
2023,6,RB,00-0033376,Patrick Ricard,1.3,0.65,2.248,2.386,0.068,1.915,9.507,0.65,1.086,0.948,-0.436,-0.298
2023,6,RB,00-0033526,Samaje Perine,1.6,6.7,7.521,7.14,1.109,7.128,17.439,5.1,5.54,5.921,-0.44,-0.821
2023,6,RB,00-0033699,Austin Ekeler,10.2,22.85,15.291,15.415,7.208,12.16,24.818,12.65,5.215,5.091,7.435,7.559
2023,6,RB,00-0033893,Dalvin Cook,2.4,2.8,5.138,5.758,0.353,4.245,15.15,0.4,3.358,2.738,-2.958,-2.338
2023,6,RB,00-0033897,Joe Mixon,9.2,12.375,13.767,13.26,4.257,12.118,25.085,3.175,4.06,4.567,-0.885,-1.392
2023,6,RB,00-0033906,Alvin Kamara,17.4,15.275,16.545,18.394,5.907,13.491,25.368,2.125,0.994,0.855,1.131,1.27
2023,6,RB,00-0033923,Kareem Hunt,16.1,3.35,4.674,5.523,0.363,4.132,14.512,12.75,10.577,11.426,2.173,1.324
2023,6,RB,00-0033925,D'Onta Foreman,7.7,9.3,8.052,8.968,1.258,6.333,17.126,1.6,1.268,0.352,0.332,1.248
2023,6,RB,00-0034184,Gus Edwards,6.3,7.25,8.648,8.663,1.589,7.713,18.698,0.95,2.363,2.348,-1.413,-1.398
2023,6,RB,00-0034208,Mike Boone,1.1,1.3,3.222,3.428,0.235,2.803,11.276,0.2,2.328,2.122,-2.128,-1.922
2023,6,RB,00-0034414,Boston Scott,2.6,4.5,3.91,4.343,0.195,3.369,13.115,1.9,1.743,1.31,0.157,0.59
2023,6,RB,00-0034844,Saquon Barkley,13.8,17.775,13.578,13.26,5.548,13.257,21.864,3.975,0.54,0.222,3.435,3.753
2023,6,RB,00-0034972,Alexander Mattison,11.2,11.45,14.886,15.254,4.936,12.821,25.772,0.25,4.054,3.686,-3.804,-3.436
2023,6,RB,00-0034975,Justice Hill,6.5,9.25,7.855,8.509,1.416,6.863,18.847,2.75,2.009,1.355,0.741,1.395
2023,6,RB,00-0035184,Devine Ozigbo,2.3,0.775,3.551,3.465,0.095,2.183,12.036,1.525,1.165,1.251,0.36,0.274
2023,6,RB,00-0035250,Devin Singletary,7.2,4.685,4.191,6.555,0.598,4.985,17.068,2.515,0.645,3.009,1.87,-0.494
2023,6,RB,00-0035261,Tony Pollard,17.0,13.1,13.607,12.726,5.683,12.92,25.268,3.9,4.274,3.393,-0.374,0.507
2023,6,RB,00-0035291,Trayveon Williams,2.3,0.925,3.027,3.295,0.061,2.494,10.813,1.375,0.995,0.727,0.38,0.648
2023,6,RB,00-0035567,Craig Reynolds,6.3,3.55,4.511,4.518,0.237,3.23,13.499,2.75,1.782,1.789,0.968,0.961
2023,6,RB,00-0035628,D'Ernest Johnson,1.9,1.425,3.164,3.628,0.125,2.509,12.004,0.475,1.728,1.264,-1.253,-0.789
2023,6,RB,00-0035657,Damien Harris,0.1,3.75,4.493,3.903,0.184,3.398,12.747,3.65,3.803,4.393,-0.153,-0.743
2023,6,RB,00-0035685,David Montgomery,4.3,20.2,14.522,14.441,5.766,11.801,25.173,15.9,10.141,10.222,5.759,5.678
2023,6,RB,00-0035700,Josh Jacobs,11.3,17.175,17.423,17.44,6.327,12.886,26.054,5.875,6.14,6.123,-0.265,-0.248
2023,6,RB,00-0036020,Salvon Ahmed,12.4,2.675,6.38,5.447,0.482,3.656,13.164,9.725,6.953,6.02,2.772,3.705
2023,6,RB,00-0036139,Rico Dowdle,1.2,5.775,4.785,4.647,0.224,3.772,13.381,4.575,3.447,3.585,1.128,0.99
2023,6,RB,00-0036223,Jonathan Taylor,11.5,9.7,9.378,9.884,1.541,8.501,21.137,1.8,1.616,2.122,0.184,-0.322
2023,6,RB,00-0036251,Zack Moss,17.9,21.425,17.118,16.286,5.846,13.514,25.015,3.525,1.614,0.782,1.911,2.743
2023,6,RB,00-0036275,D'Andre Swift,17.8,19.15,15.327,16.105,4.751,11.959,24.761,1.35,1.695,2.473,-0.345,-1.123
2023,6,RB,00-0036297,Darrynton Evans,4.4,3.625,3.778,4.936,0.303,3.284,12.245,0.775,0.536,0.622,0.239,0.153
2023,6,RB,00-0036328,Antonio Gibson,8.6,6.425,7.613,8.594,1.176,5.92,15.278,2.175,0.006,0.987,2.169,1.188
2023,6,RB,00-0036360,Clyde Edwards-Helaire,2.6,4.775,6.819,6.017,0.217,3.688,15.63,2.175,3.417,4.219,-1.242,-2.044
2023,6,RB,00-0036370,Joshua Kelley,1.4,7.05,10.865,12.11,4.565,8.352,22.155,5.65,10.71,9.465,-5.06,-3.815
2023,6,RB,00-0036414,Cam Akers,2.5,8.9,9.539,10.127,1.879,8.991,19.838,6.4,7.627,7.039,-1.227,-0.639
2023,6,RB,00-0036425,DeeJay Dallas,0.9,1.15,3.963,4.748,0.121,2.646,12.289,0.25,3.848,3.063,-3.598,-2.813
2023,6,RB,00-0036450,Ke'Shawn Vaughn,0.9,2.225,4.403,4.94,0.207,4.123,15.052,1.325,4.04,3.503,-2.715,-2.178
2023,6,RB,00-0036555,Chuba Hubbard,16.0,6.05,7.461,7.637,1.097,6.258,16.885,9.95,8.363,8.539,1.587,1.411
2023,6,RB,00-0036567,Elijah Mitchell,-0.3,8.05,6.553,7.133,0.547,5.631,17.125,8.35,7.433,6.853,0.917,1.497
2023,6,RB,00-0036875,Rhamondre Stevenson,18.0,7.65,9.915,9.754,1.826,8.769,19.365,10.35,8.246,8.085,2.104,2.265
2023,6,RB,00-0036919,Kenny Gainwell,2.7,6.675,7.547,7.073,1.478,6.468,18.684,3.975,4.373,4.847,-0.398,-0.872
2023,6,RB,00-0036924,Michael Carter,0.5,3.175,3.911,4.064,0.388,3.77,11.068,2.675,3.564,3.411,-0.889,-0.736
2023,6,RB,00-0036973,Travis Etienne,23.3,17.65,17.488,17.025,5.809,13.149,25.617,5.65,6.275,5.812,-0.625,-0.162
2023,6,RB,00-0036984,Trey Sermon,0.0,3.05,3.896,4.481,0.166,2.72,12.793,3.05,4.481,3.896,-1.431,-0.846
2023,6,RB,00-0036997,Javonte Williams,7.2,7.475,7.315,7.068,1.345,6.657,18.02,0.275,0.132,0.115,0.143,0.16
2023,6,RB,00-0037197,Isiah Pacheco,15.8,15.5,15.73,16.069,5.409,12.998,26.095,0.3,0.269,0.07,0.031,0.23
2023,6,RB,00-0037248,James Cook,7.1,13.225,13.808,14.512,3.56,11.266,23.121,6.125,7.412,6.708,-1.287,-0.583
2023,6,RB,00-0037256,Rachaad White,6.8,11.55,12.194,12.634,4.297,10.975,24.184,4.75,5.834,5.394,-1.084,-0.644
2023,6,RB,00-0037258,Dameon Pierce,3.4,10.35,10.037,8.462,2.882,9.374,22.159,6.95,5.062,6.637,1.888,0.313
2023,6,RB,00-0037263,Tyler Allgeier,5.1,4.475,7.006,6.744,1.063,5.095,16.175,0.625,1.644,1.906,-1.019,-1.281
2023,6,RB,00-0037267,Jerome Ford,11.1,13.575,9.615,9.578,2.18,8.884,20.295,2.475,1.522,1.485,0.953,0.99
2023,6,RB,00-0037276,Ty Chandler,0.0,2.125,0.485,0.381,-0.194,-0.044,2.734,2.125,0.381,0.485,1.744,1.64
2023,6,RB,00-0037299,Keaontay Ingram,7.1,1.4,3.058,3.701,0.144,2.622,12.144,5.7,3.399,4.042,2.301,1.658
2023,6,RB,00-0037429,Raheem Blackshear,3.2,2.375,3.199,4.017,0.124,2.65,10.593,0.825,0.817,0.001,0.008,0.824
2023,6,RB,00-0037525,Jordan Mason,8.7,4.325,5.513,6.238,0.287,3.696,13.826,4.375,2.462,3.187,1.913,1.188
2023,6,RB,00-0037557,Ronnie Rivers,2.3,2.3,4.876,4.902,0.313,3.33,12.689,0.0,2.602,2.576,-2.602,-2.576
2023,6,RB,00-0037746,Brian Robinson,13.6,14.325,9.456,10.31,2.005,9.473,21.841,0.725,3.29,4.144,-2.565,-3.419
2023,6,RB,00-0037840,Kyren Williams,21.8,17.975,18.411,19.231,8.956,16.482,29.284,3.825,2.569,3.389,1.256,0.436
2023,6,RB,00-0038040,Zamir White,2.9,0.95,3.196,3.897,0.15,2.277,11.577,1.95,0.997,0.296,0.953,1.654
2023,6,RB,00-0038045,Isaiah Spiller,0.2,1.8,3.928,4.333,0.184,2.92,12.388,1.6,4.133,3.728,-2.533,-2.128
2023,6,RB,00-0038098,Pierre Strong,0.0,3.425,-0.119,0.092,-0.194,-0.071,2.734,3.425,0.092,0.119,3.333,3.306
2023,6,RB,00-0038120,Breece Hall,20.3,10.725,11.063,10.131,1.822,8.937,20.078,9.575,10.169,9.237,-0.594,0.338
2023,6,RB,00-0038134,Kenneth Walker III,17.9,18.4,13.811,12.901,6.021,11.913,24.986,0.5,4.999,4.089,-4.499,-3.589
2023,6,RB,00-0038396,Eric Gray,0.2,0.9,3.71,3.714,0.452,3.29,11.289,0.7,3.514,3.51,-2.814,-2.81
2023,6,RB,00-0038542,Bijan Robinson,13.0,15.425,14.058,14.874,5.71,12.784,24.905,2.425,1.874,1.058,0.551,1.367
2023,6,RB,00-0038551,Kendre Miller,2.2,6.4,6.837,6.651,0.691,4.798,15.122,4.2,4.451,4.637,-0.251,-0.437
2023,6,RB,00-0038555,Tank Bigsby,1.8,4.025,2.968,2.339,0.165,2.611,12.29,2.225,0.539,1.168,1.686,1.057
2023,6,RB,00-0038597,Chase Brown,2.2,0.525,2.026,2.386,0.04,1.326,7.902,1.675,0.186,0.174,1.489,1.501
2023,6,RB,00-0038611,Chris Rodriguez Jr.,2.3,0.7,2.408,3.773,0.162,2.51,11.442,1.6,1.473,0.108,0.127,1.492
2023,6,RB,00-0038685,Chris Brooks,2.8,6.6,7.884,6.48,1.367,4.696,16.838,3.8,3.68,5.084,0.12,-1.284
2023,6,RB,00-0038705,Emari Demercado,2.7,5.2,7.343,7.601,0.929,5.064,16.706,2.5,4.901,4.643,-2.401,-2.143
2023,6,RB,00-0038794,Jaleel McLaughlin,6.2,11.325,7.328,7.429,0.94,5.239,17.113,5.125,1.229,1.128,3.896,3.997
2023,6,RB,00-0039032,Tyjae Spears,7.3,9.525,9.275,9.693,1.951,8.028,17.654,2.225,2.393,1.975,-0.168,0.25
2023,6,RB,00-0039165,Zach Charbonnet,3.9,4.15,6.054,6.057,0.824,5.177,15.446,0.25,2.157,2.154,-1.907,-1.904
2023,6,WR,00-0028002,Randall Cobb,2.0,1.25,4.358,5.307,0.005,3.729,12.911,0.75,3.307,2.358,-2.557,-1.608
2023,6,WR,00-0029293,Marvin Jones,1.5,2.475,6.022,5.503,0.236,4.259,15.26,0.975,4.003,4.522,-3.028,-3.547
2023,6,WR,00-0030035,Adam Thielen,28.5,23.7,16.553,16.683,5.725,12.46,28.98,4.8,11.817,11.947,-7.017,-7.147
2023,6,WR,00-0030068,Marquise Goodwin,3.4,0.275,2.052,2.763,-0.05,2.323,10.928,3.125,0.637,1.348,2.488,1.777
2023,6,WR,00-0030279,Keenan Allen,21.5,25.74,18.635,19.022,6.546,14.804,27.37,4.24,2.478,2.865,1.762,1.375
2023,6,WR,00-0030431,Robert Woods,7.6,7.85,10.62,10.948,2.098,10.034,20.594,0.25,3.348,3.02,-3.098,-2.77
2023,6,WR,00-0030564,DeAndre Hopkins,3.0,12.025,12.655,12.077,3.047,9.265,21.642,9.025,9.077,9.655,-0.052,-0.63
2023,6,WR,00-0031235,Odell Beckham Jr.,5.4,4.675,7.821,7.898,1.194,6.549,17.565,0.725,2.498,2.421,-1.773,-1.696
2023,6,WR,00-0031236,Brandin Cooks,15.0,4.225,8.526,8.303,0.963,6.921,17.686,10.775,6.697,6.474,4.078,4.301
2023,6,WR,00-0031381,Davante Adams,4.9,21.65,17.16,17.883,6.186,14.213,26.388,16.75,12.983,12.26,3.767,4.49
2023,6,WR,00-0031408,Mike Evans,8.9,17.925,14.215,13.502,2.803,9.83,24.461,9.025,4.602,5.315,4.423,3.71
2023,6,WR,00-0031544,Amari Cooper,14.8,12.475,8.765,7.338,1.208,8.704,20.104,2.325,7.462,6.035,-5.137,-3.71
2023,6,WR,00-0031547,DeVante Parker,1.7,6.225,8.596,8.642,1.346,6.921,18.269,4.525,6.942,6.896,-2.417,-2.371
2023,6,WR,00-0031549,Nelson Agholor,6.0,9.25,7.707,7.355,0.461,5.58,15.495,3.25,1.355,1.707,1.895,1.543
2023,6,WR,00-0031588,Stefon Diggs,20.0,23.2,16.028,15.222,6.817,15.071,26.09,3.2,4.778,3.972,-1.578,-0.772
2023,6,WR,00-0031763,DeAndre Carter,0.0,0.725,2.955,3.743,-0.033,2.398,11.929,0.725,3.743,2.955,-3.018,-2.23
2023,6,WR,00-0031941,Jamison Crowder,0.0,1.025,0.339,0.031,-0.19,-0.084,2.68,1.025,0.031,0.339,0.994,0.686
2023,6,WR,00-0032200,Ty Montgomery,1.9,1.275,2.88,3.303,-0.005,2.48,11.491,0.625,1.403,0.98,-0.778,-0.355
2023,6,WR,00-0032211,Tyler Lockett,15.4,11.675,11.476,11.798,2.592,10.684,23.01,3.725,3.602,3.924,0.123,-0.199
2023,6,WR,00-0032398,Chris Moore,1.6,4.35,6.017,6.335,0.147,4.718,12.188,2.75,4.735,4.417,-1.985,-1.667
2023,6,WR,00-0032464,Kalif Raymond,5.6,8.875,6.276,6.746,0.206,5.286,16.119,3.275,1.146,0.676,2.129,2.599
2023,6,WR,00-0032765,Michael Thomas,9.5,10.825,12.736,13.012,2.911,11.524,22.848,1.325,3.512,3.236,-2.187,-1.911
2023,6,WR,00-0033009,Tyler Boyd,16.8,9.15,10.507,10.97,2.136,8.699,20.022,7.65,5.83,6.293,1.82,1.357
2023,6,WR,00-0033040,Tyreek Hill,28.3,22.0,16.805,14.238,4.967,13.01,27.12,6.3,14.062,11.495,-7.762,-5.195
2023,6,WR,00-0033251,Zach Pascal,0.0,1.475,2.732,3.587,-0.025,2.559,11.295,1.475,3.587,2.732,-2.112,-1.257
2023,6,WR,00-0033282,Curtis Samuel,14.2,12.575,10.506,10.625,1.717,8.44,19.346,1.625,3.575,3.694,-1.95,-2.069
2023,6,WR,00-0033292,Trent Taylor,0.0,0.0,1.809,3.566,-0.016,2.034,11.221,0.0,3.566,1.809,-3.566,-1.809
2023,6,WR,00-0033307,Kendrick Bourne,19.3,6.85,9.003,8.553,1.206,7.299,18.288,12.45,10.747,10.297,1.703,2.153
2023,6,WR,00-0033466,Isaiah McKenzie,4.3,1.25,2.93,3.712,-0.021,2.301,11.99,3.05,0.588,1.37,2.462,1.68
2023,6,WR,00-0033555,Mack Hollins,7.1,4.3,6.325,6.296,0.134,5.046,16.543,2.8,0.804,0.775,1.996,2.025
2023,6,WR,00-0033572,Jamal Agnew,0.0,2.075,1.909,0.523,-0.19,-0.014,2.648,2.075,0.523,1.909,1.552,0.166
2023,6,WR,00-0033591,Noah Brown,5.7,2.525,6.505,6.372,0.315,4.316,17.053,3.175,0.672,0.805,2.503,2.37
2023,6,WR,00-0033908,Cooper Kupp,27.8,18.1,16.693,17.853,5.679,13.779,27.262,9.7,9.947,11.107,-0.247,-1.407
2023,6,WR,00-0033921,Chris Godwin Jr.,13.7,12.125,12.172,12.493,3.111,10.525,23.792,1.575,1.207,1.528,0.368,0.047
2023,6,WR,00-0033943,Josh Reynolds,8.0,15.775,10.735,11.216,1.738,8.762,18.732,7.775,3.216,2.735,4.559,5.04
2023,6,WR,00-0034272,Marquez Valdes-Scantling,0.0,2.95,5.865,6.081,0.027,4.069,14.65,2.95,6.081,5.865,-3.131,-2.915
2023,6,WR,00-0034348,Courtland Sutton,14.6,11.175,10.219,9.997,1.821,8.839,19.969,3.425,4.603,4.381,-1.178,-0.956
2023,6,WR,00-0034386,Justin Watson,0.0,5.85,6.981,6.609,0.079,4.775,15.041,5.85,6.609,6.981,-0.759,-1.131
2023,6,WR,00-0034407,Ray-Ray McCloud,3.7,1.325,1.983,2.15,-0.016,2.45,10.979,2.375,1.55,1.717,0.825,0.658
2023,6,WR,00-0034419,Braxton Berrios,4.0,7.7,7.698,7.095,0.608,5.395,15.742,3.7,3.095,3.698,0.605,0.002
2023,6,WR,00-0034487,Trent Sherfield,0.0,3.475,3.027,0.465,-0.186,-0.002,2.618,3.475,0.465,3.027,3.01,0.448
2023,6,WR,00-0034521,Allen Lazard,1.8,8.15,8.851,8.909,1.726,6.042,17.378,6.35,7.109,7.051,-0.759,-0.701
2023,6,WR,00-0034646,Brandon Powell,4.9,2.675,3.42,4.386,0.011,3.316,11.657,2.225,0.514,1.48,1.711,0.745
2023,6,WR,00-0034764,Michael Gallup,5.4,7.75,8.407,8.037,1.442,6.096,18.186,2.35,2.637,3.007,-0.287,-0.657
2023,6,WR,00-0034775,Christian Kirk,13.9,17.04,15.143,16.695,5.602,13.159,24.562,3.14,2.795,1.243,0.345,1.897
2023,6,WR,00-0034777,DJ Chark,5.6,9.775,8.843,8.936,2.141,7.441,18.244,4.175,3.336,3.243,0.839,0.932
2023,6,WR,00-0034827,DJ Moore,10.1,26.4,12.601,9.551,3.559,10.685,23.711,16.3,0.549,2.501,15.751,13.799
2023,6,WR,00-0034837,Calvin Ridley,6.6,11.15,13.145,13.493,3.191,10.902,22.028,4.55,6.893,6.545,-2.343,-1.995
2023,6,WR,00-0034854,KhaDarel Hodge,0.0,2.5,3.398,3.592,-0.046,2.571,11.186,2.5,3.592,3.398,-1.092,-0.898
2023,6,WR,00-0034960,Jakobi Meyers,17.1,17.6,13.329,13.323,3.815,11.917,23.745,0.5,3.777,3.771,-3.277,-3.271
2023,6,WR,00-0034983,Hunter Renfrow,0.0,2.975,2.506,0.182,-0.16,0.021,2.632,2.975,0.182,2.506,2.793,0.469
2023,6,WR,00-0035140,Mecole Hardman,0.0,15.675,8.21,9.291,1.284,6.37,17.142,15.675,9.291,8.21,6.384,7.465
2023,6,WR,00-0035208,Olamide Zaccheaus,1.5,8.85,7.359,7.142,0.222,5.579,17.075,7.35,5.642,5.859,1.708,1.491
2023,6,WR,00-0035215,Deonte Harty,7.3,4.225,6.111,6.061,0.03,3.564,13.754,3.075,1.239,1.189,1.836,1.886
2023,6,WR,00-0035298,Scott Miller,1.4,1.2,3.127,3.695,-0.021,2.541,11.779,0.2,2.295,1.727,-2.095,-1.527
2023,6,WR,00-0035341,Trenton Irwin,0.0,9.6,3.933,0.974,-0.181,0.004,3.425,9.6,0.974,3.933,8.626,5.667
2023,6,WR,00-0035500,Greg Dortch,0.0,0.0,3.607,7.854,0.55,5.402,11.31,0.0,7.854,3.607,-7.854,-3.607
2023,6,WR,00-0035535,Darius Slayton,10.9,6.3,7.937,7.822,1.213,6.393,16.359,4.6,3.078,2.963,1.522,1.637
2023,6,WR,00-0035639,Parris Campbell,0.0,5.825,2.295,0.167,-0.195,0.204,5.115,5.825,0.167,2.295,5.658,3.53
2023,6,WR,00-0035640,DK Metcalf,10.9,14.2,11.606,12.385,2.915,10.395,21.799,3.3,1.485,0.706,1.815,2.594
2023,6,WR,00-0035659,Terry McLaurin,14.1,13.0,10.099,9.619,2.345,8.879,19.216,1.1,4.481,4.001,-3.381,-2.901
2023,6,WR,00-0035662,Marquise Brown,7.4,16.8,14.31,14.046,4.366,10.865,25.05,9.4,6.646,6.91,2.754,2.49
2023,6,WR,00-0035676,A.J. Brown,20.1,21.55,17.926,18.682,7.218,14.6,25.939,1.45,1.418,2.174,0.032,-0.724
2023,6,WR,00-0035719,Deebo Samuel Sr.,1.1,14.825,13.92,12.995,3.296,12.896,22.775,13.725,11.895,12.82,1.83,0.905
2023,6,WR,00-0036182,Nick Westbrook-Ikhine,5.5,9.825,7.699,7.776,0.992,6.464,17.997,4.325,2.276,2.199,2.049,2.126
2023,6,WR,00-0036196,Gabe Davis,3.1,17.15,11.11,11.416,2.508,8.919,20.025,14.05,8.316,8.01,5.734,6.04
2023,6,WR,00-0036233,Donovan Peoples-Jones,0.0,3.375,4.955,4.885,0.96,5.103,14.891,3.375,4.885,4.955,-1.51,-1.58
2023,6,WR,00-0036252,Michael Pittman,19.9,11.25,13.366,13.076,4.185,10.966,24.237,8.65,6.824,6.534,1.826,2.116
2023,6,WR,00-0036259,Jauan Jennings,4.6,3.775,3.716,3.228,0.054,3.505,12.891,0.825,1.372,0.884,-0.547,-0.059
2023,6,WR,00-0036261,Brandon Aiyuk,11.6,17.7,12.088,11.372,3.073,11.101,23.127,6.1,0.228,0.488,5.872,5.612
2023,6,WR,00-0036268,Laviska Shenault Jr.,4.7,2.0,3.365,3.403,-0.055,2.916,12.153,2.7,1.297,1.335,1.403,1.365
2023,6,WR,00-0036309,Darnell Mooney,6.8,6.1,7.755,7.155,0.337,5.847,17.294,0.7,0.355,0.955,0.345,-0.255
2023,6,WR,00-0036331,Devin Duvernay,0.0,1.075,1.661,0.467,-0.19,-0.002,2.648,1.075,0.467,1.661,0.608,-0.586
2023,6,WR,00-0036345,K.J. Osborn,8.8,8.875,8.557,9.304,2.066,7.568,19.416,0.075,0.504,0.243,-0.429,-0.168
2023,6,WR,00-0036358,CeeDee Lamb,18.7,14.8,13.274,13.977,4.039,12.154,22.37,3.9,4.723,5.426,-0.823,-1.526
2023,6,WR,00-0036407,Jerry Jeudy,4.4,9.45,11.153,11.216,2.159,8.861,21.472,5.05,6.816,6.753,-1.766,-1.703
2023,6,WR,00-0036410,Tee Higgins,4.0,9.225,12.212,13.824,3.437,11.582,21.601,5.225,9.824,8.212,-4.599,-2.987
2023,6,WR,00-0036415,Van Jefferson,0.0,4.8,6.807,7.382,0.82,5.849,16.714,4.8,7.382,6.807,-2.582,-2.007
2023,6,WR,00-0036550,Rashod Bateman,3.5,3.675,5.494,5.45,0.047,3.928,12.892,0.175,1.95,1.994,-1.775,-1.819
2023,6,WR,00-0036554,Nico Collins,12.0,18.925,12.305,12.174,4.29,10.258,19.829,6.925,0.174,0.305,6.751,6.62
2023,6,WR,00-0036613,Jaylen Waddle,18.1,11.825,11.285,11.254,2.651,11.999,22.731,6.275,6.846,6.815,-0.571,-0.54
2023,6,WR,00-0036626,Dyami Brown,0.0,3.675,3.717,4.168,0.006,2.892,12.422,3.675,4.168,3.717,-0.493,-0.042
2023,6,WR,00-0036635,Ihmir Smith-Marsette,0.0,0.0,-0.182,0.543,-0.186,0.246,4.459,0.0,0.543,0.182,-0.543,-0.182
2023,6,WR,00-0036841,Austin Trammell,0.0,0.375,0.554,0.228,-0.19,-0.084,2.703,0.375,0.228,0.554,0.147,-0.179
2023,6,WR,00-0036849,Tutu Atwell,4.0,12.175,12.529,13.112,2.43,11.157,24.216,8.175,9.112,8.529,-0.937,-0.354
2023,6,WR,00-0036877,Jaelon Darden,0.0,0.0,-1.032,0.086,-0.186,0.607,4.616,0.0,0.086,1.032,-0.086,-1.032
2023,6,WR,00-0036900,Ja'Marr Chase,14.0,25.175,18.503,17.821,6.434,15.129,28.364,11.175,3.821,4.503,7.354,6.672
2023,6,WR,00-0036912,DeVonta Smith,9.4,11.575,12.172,13.257,3.463,10.874,21.28,2.175,3.857,2.772,-1.682,-0.597
2023,6,WR,00-0036913,Kadarius Toney,9.4,5.4,6.157,5.991,0.547,4.131,13.997,4.0,3.409,3.243,0.591,0.757
2023,6,WR,00-0036936,Rondale Moore,6.6,7.3,7.705,8.224,0.218,6.266,19.046,0.7,1.624,1.105,-0.924,-0.405
2023,6,WR,00-0036955,Terrace Marshall Jr.,0.0,7.925,8.924,9.067,1.615,7.932,17.761,7.925,9.067,8.924,-1.142,-0.999
2023,6,WR,00-0036963,Amon-Ra St. Brown,30.4,17.375,14.408,14.677,4.868,12.603,25.258,13.025,15.723,15.992,-2.698,-2.967
2023,6,WR,00-0036980,Elijah Moore,6.7,7.525,8.401,7.53,1.65,7.228,17.61,0.825,0.83,1.701,-0.005,-0.876
2023,6,WR,00-0036988,Josh Palmer,10.0,7.75,7.686,7.141,1.521,6.977,17.65,2.25,2.859,2.314,-0.609,-0.064
2023,6,WR,00-0036991,Amari Rodgers,0.0,4.525,5.517,5.828,0.187,3.794,14.197,4.525,5.828,5.517,-1.303,-0.992
2023,6,WR,00-0037132,Britain Covey,0.0,0.0,-0.051,0.398,-0.186,0.029,4.631,0.0,0.398,0.051,-0.398,-0.051
2023,6,WR,00-0037238,Drake London,21.5,12.57,10.528,11.313,1.903,10.068,21.029,8.93,10.187,10.972,-1.257,-2.042
2023,6,WR,00-0037239,Chris Olave,16.6,10.9,12.7,12.465,3.081,11.323,23.815,5.7,4.135,3.9,1.565,1.8
2023,6,WR,00-0037240,Jameson Williams,13.3,1.55,4.195,4.733,0.038,3.664,12.934,11.75,8.567,9.105,3.183,2.645
2023,6,WR,00-0037257,David Bell,1.6,1.425,1.846,2.739,-0.011,2.474,11.414,0.175,1.139,0.246,-0.964,-0.071
2023,6,WR,00-0037261,Khalil Shakir,2.3,2.925,3.813,3.724,-0.055,2.48,11.461,0.625,1.424,1.513,-0.799,-0.888
2023,6,WR,00-0037272,Montrell Washington,0.0,0.0,0.395,0.591,-0.186,-0.02,5.0,0.0,0.591,0.395,-0.591,-0.395
2023,6,WR,00-0037273,Kyle Philips,1.6,0.8,3.405,3.382,-0.058,2.638,11.574,0.8,1.782,1.805,-0.982,-1.005
2023,6,WR,00-0037382,Brandon Johnson,0.0,8.275,5.608,6.114,0.028,4.295,14.025,8.275,6.114,5.608,2.161,2.667
2023,6,WR,00-0037487,Deven Thompkins,2.3,5.575,6.514,6.567,0.193,4.382,15.875,3.275,4.267,4.214,-0.992,-0.939
2023,6,WR,00-0037545,Rashid Shaheed,18.3,6.85,7.609,7.429,0.342,5.652,15.626,11.45,10.871,10.691,0.579,0.759
2023,6,WR,00-0037664,Alec Pierce,5.5,4.725,8.063,9.517,1.575,6.028,15.774,0.775,4.017,2.563,-3.242,-1.788
2023,6,WR,00-0037666,Jalen Tolbert,0.0,3.975,2.152,0.328,-0.19,-0.002,2.648,3.975,0.328,2.152,3.647,1.823
2023,6,WR,00-0037740,Garrett Wilson,17.0,12.375,12.556,11.731,2.898,10.111,21.996,4.625,5.269,4.444,-0.644,0.181
2023,6,WR,00-0037741,Jahan Dotson,0.0,7.0,8.0,8.146,0.858,7.141,18.288,7.0,8.146,8.0,-1.146,-1.0
2023,6,WR,00-0037745,Velus Jones Jr.,3.0,3.675,3.95,4.204,-0.048,2.065,10.882,0.675,1.204,0.95,-0.529,-0.275
2023,6,WR,00-0037801,KaVontae Turpin,0.0,4.55,2.27,-0.023,-0.19,-0.028,2.648,4.55,0.023,2.27,4.527,2.28
2023,6,WR,00-0038090,Skyy Moore,4.2,7.3,7.032,7.288,0.146,5.328,15.933,3.1,3.088,2.832,0.012,0.268
2023,6,WR,00-0038104,Tyquan Thornton,1.6,5.55,5.807,5.215,0.029,4.754,15.158,3.95,3.615,4.207,0.335,-0.257
2023,6,WR,00-0038117,Wan'Dale Robinson,14.2,10.525,9.753,9.741,1.968,6.771,18.004,3.675,4.459,4.447,-0.784,-0.772
2023,6,WR,00-0038496,Xavier Gipson,1.8,0.675,2.875,4.051,-0.03,2.354,11.584,1.125,2.251,1.075,-1.126,0.05
2023,6,WR,00-0038543,Jaxon Smith-Njigba,8.8,4.55,6.703,6.44,0.545,5.146,15.868,4.25,2.36,2.097,1.89,2.153
2023,6,WR,00-0038544,Quentin Johnston,0.0,2.6,4.416,3.881,0.011,3.082,12.035,2.6,3.881,4.416,-1.281,-1.816
2023,6,WR,00-0038559,Michael Wilson,9.2,12.15,8.828,8.994,1.058,7.822,17.395,2.95,0.206,0.372,2.744,2.578
2023,6,WR,00-0038563,Tre Tucker,8.1,2.5,2.902,3.797,-0.048,2.384,9.414,5.6,4.303,5.198,1.297,0.402
2023,6,WR,00-0038573,Derius Davis,0.0,3.125,0.641,-0.131,-0.193,-0.103,3.947,3.125,0.131,0.641,2.994,2.484
2023,6,WR,00-0038618,Xavier Hutchinson,1.5,0.633,2.05,3.049,-0.048,1.789,10.799,0.867,1.549,0.55,-0.682,0.316
2023,6,WR,00-0038619,Andrei Iosivas,7.3,0.95,2.966,3.734,-0.016,2.574,11.307,6.35,3.566,4.334,2.784,2.016
2023,6,WR,00-0038647,Ronnie Bell,0.0,3.025,-0.096,-1.173,-0.19,-0.002,2.648,3.025,1.173,0.096,1.852,2.929
2023,6,WR,00-0038752,Jake Bobo,6.3,2.933,4.003,4.66,-0.026,2.838,12.504,3.367,1.64,2.297,1.727,1.069
2023,6,WR,00-0038938,Jalin Hyatt,5.1,4.633,4.502,5.423,0.076,4.125,12.812,0.467,0.323,0.598,0.143,-0.131
2023,6,WR,00-0038941,Tyler Scott,3.2,2.3,3.919,4.259,-0.018,2.604,12.146,0.9,1.059,0.719,-0.159,0.181
2023,6,WR,00-0038976,Marvin Mims Jr.,0.0,11.25,3.039,1.054,-0.183,0.011,4.979,11.25,1.054,3.039,10.196,8.211
2023,6,WR,00-0038994,Jordan Addison,11.8,11.45,9.199,8.753,1.552,6.994,19.771,0.35,3.047,2.601,-2.697,-2.251
2023,6,WR,00-0038997,Josh Downs,13.1,10.625,10.786,10.863,2.53,8.914,20.857,2.475,2.237,2.314,0.238,0.161
2023,6,WR,00-0039052,Trey Palmer,6.7,5.55,5.602,5.59,0.131,3.969,12.889,1.15,1.11,1.098,0.04,0.052
2023,6,WR,00-0039062,Jonathan Mingo,4.1,6.05,7.97,7.82,1.215,7.131,17.666,1.95,3.72,3.87,-1.77,-1.92
2023,6,WR,00-0039064,Zay Flowers,17.1,11.025,14.423,15.458,4.316,12.823,23.656,6.075,1.642,2.677,4.433,3.398
2023,6,WR,00-0039067,Rashee Rice,11.2,8.6,8.39,7.615,1.135,5.827,16.302,2.6,3.585,2.81,-0.985,-0.21
2023,6,WR,00-0039075,Puka Nacua,6.6,23.425,21.187,23.593,6.81,17.072,29.272,16.825,16.993,14.587,-0.168,2.238
2023,7,RB,00-0030513,Latavius Murray,4.8,5.725,6.778,7.056,0.724,5.226,16.774,0.925,2.256,1.978,-1.331,-1.053
2023,7,RB,00-0030578,Cordarrelle Patterson,5.6,8.4,5.068,5.065,0.43,4.634,12.708,2.8,0.535,0.532,2.265,2.268
2023,7,RB,00-0030874,Damien Williams,0.2,4.475,4.581,4.993,0.272,3.493,12.806,4.275,4.793,4.381,-0.518,-0.106
2023,7,RB,00-0031376,Jerick McKinnon,4.6,7.0,6.233,6.403,0.612,4.322,13.134,2.4,1.803,1.633,0.597,0.767
2023,7,RB,00-0031687,Raheem Mostert,6.1,25.175,15.25,14.878,6.0,12.131,24.271,19.075,8.778,9.15,10.297,9.925
2023,7,RB,00-0032450,Dwayne Washington,0.0,0.925,-0.059,0.055,-0.195,-0.05,2.722,0.925,0.055,0.059,0.87,0.866
2023,7,RB,00-0033045,Ezekiel Elliott,9.1,8.4,7.462,8.071,1.152,6.824,18.388,0.7,1.029,1.638,-0.329,-0.938
2023,7,RB,00-0033280,Christian McCaffrey,22.6,24.9,16.651,15.223,9.163,15.655,27.504,2.3,7.377,5.949,-5.077,-3.649
2023,7,RB,00-0033293,Aaron Jones,8.7,12.55,12.07,10.8,2.131,8.49,21.385,3.85,2.1,3.37,1.75,0.48
2023,7,RB,00-0033308,Matt Breida,1.9,7.075,7.534,7.314,1.427,6.569,17.847,5.175,5.414,5.634,-0.239,-0.459
2023,7,RB,00-0033376,Patrick Ricard,5.1,0.925,3.007,1.855,0.164,1.729,8.576,4.175,3.245,2.093,0.93,2.082
2023,7,RB,00-0033526,Samaje Perine,7.1,5.75,7.041,6.7,1.006,5.563,15.75,1.35,0.4,0.059,0.95,1.291
2023,7,RB,00-0033699,Austin Ekeler,5.6,19.425,14.763,13.426,5.741,11.664,24.073,13.825,7.826,9.163,5.999,4.662
2023,7,RB,00-0033906,Alvin Kamara,29.3,17.375,14.3,13.045,5.765,13.729,25.016,11.925,16.255,15.0,-4.33,-3.075
2023,7,RB,00-0033923,Kareem Hunt,15.1,7.15,6.601,6.402,0.677,4.4,15.89,7.95,8.698,8.499,-0.748,-0.549
2023,7,RB,00-0033925,D'Onta Foreman,33.0,5.6,8.585,8.575,1.624,6.653,17.584,27.4,24.425,24.415,2.975,2.985
2023,7,RB,00-0033948,Jamaal Williams,1.4,13.0,9.376,9.063,1.834,8.41,20.583,11.6,7.663,7.976,3.937,3.624
2023,7,RB,00-0034115,Jeff Wilson,1.4,8.4,9.314,9.261,1.993,9.113,21.007,7.0,7.861,7.914,-0.861,-0.914
2023,7,RB,00-0034184,Gus Edwards,21.4,5.775,9.057,9.388,2.18,8.484,19.055,15.625,12.012,12.343,3.613,3.282
2023,7,RB,00-0034414,Boston Scott,0.0,5.0,0.596,0.297,-0.203,-0.037,2.722,5.0,0.297,0.596,4.703,4.404
2023,7,RB,00-0034614,Godwin Igwebuike,0.0,0.425,-0.978,-0.251,-0.203,-0.05,2.734,0.425,0.251,0.978,0.174,-0.553
2023,7,RB,00-0034838,Royce Freeman,6.6,1.9,3.661,3.654,0.298,3.912,12.815,4.7,2.946,2.939,1.754,1.761
2023,7,RB,00-0034844,Saquon Barkley,18.8,14.4,15.52,15.483,5.857,13.609,24.644,4.4,3.317,3.28,1.083,1.12
2023,7,RB,00-0034972,Alexander Mattison,6.2,13.025,11.387,11.334,3.333,11.498,22.97,6.825,5.134,5.187,1.691,1.638
2023,7,RB,00-0034975,Justice Hill,5.8,7.65,7.222,8.157,1.274,5.963,18.062,1.85,2.357,1.422,-0.507,0.428
2023,7,RB,00-0035537,Ty Johnson,0.0,5.5,2.707,0.632,-0.104,0.104,3.522,5.5,0.632,2.707,4.868,2.793
2023,7,RB,00-0035567,Craig Reynolds,3.5,4.75,5.365,6.367,0.538,4.071,15.082,1.25,2.867,1.865,-1.617,-0.615
2023,7,RB,00-0035594,Travis Homer,0.0,1.25,4.713,3.807,0.499,3.373,11.337,1.25,3.807,4.713,-2.557,-3.463
2023,7,RB,00-0035664,Darrell Henderson,13.6,5.425,7.47,7.674,0.752,5.836,17.293,8.175,5.926,6.13,2.249,2.045
2023,7,RB,00-0035700,Josh Jacobs,5.1,17.525,15.721,15.282,6.779,12.256,24.565,12.425,10.182,10.621,2.243,1.804
2023,7,RB,00-0035726,Jakob Johnson,0.0,0.875,0.298,-0.003,-0.16,-0.05,2.873,0.875,0.003,0.298,0.872,0.577
2023,7,RB,00-0036020,Salvon Ahmed,1.3,5.325,4.571,3.892,0.434,4.949,13.678,4.025,2.592,3.271,1.433,0.754
2023,7,RB,00-0036223,Jonathan Taylor,21.0,7.875,8.081,9.22,1.069,6.867,17.882,13.125,11.78,12.919,1.345,0.206
2023,7,RB,00-0036251,Zack Moss,7.2,20.725,15.336,15.971,5.031,12.959,24.123,13.525,8.771,8.136,4.754,5.389
2023,7,RB,00-0036265,AJ Dillon,11.5,6.325,11.478,11.773,2.143,10.081,22.161,5.175,0.273,0.022,4.902,5.153
2023,7,RB,00-0036275,D'Andre Swift,10.5,16.825,16.501,17.442,5.737,14.568,25.724,6.325,6.942,6.001,-0.617,0.324
2023,7,RB,00-0036297,Darrynton Evans,6.4,3.775,4.856,5.789,0.378,4.046,14.264,2.625,0.611,1.544,2.014,1.081
2023,7,RB,00-0036328,Antonio Gibson,5.1,6.5,8.201,8.399,1.275,6.324,14.627,1.4,3.299,3.101,-1.899,-1.701
2023,7,RB,00-0036360,Clyde Edwards-Helaire,0.5,4.5,4.156,3.955,0.182,2.716,12.472,4.0,3.455,3.656,0.545,0.344
2023,7,RB,00-0036370,Joshua Kelley,13.5,3.625,8.248,9.609,1.645,7.476,21.144,9.875,3.891,5.252,5.984,4.623
2023,7,RB,00-0036414,Cam Akers,8.1,5.575,5.034,5.451,0.545,4.293,13.861,2.525,2.649,3.066,-0.124,-0.541
2023,7,RB,00-0036425,DeeJay Dallas,1.0,0.675,3.069,3.011,0.072,2.371,10.257,0.325,2.011,2.069,-1.686,-1.744
2023,7,RB,00-0036450,Ke'Shawn Vaughn,0.7,2.45,4.086,4.678,0.219,3.612,14.685,1.75,3.978,3.386,-2.228,-1.636
2023,7,RB,00-0036567,Elijah Mitchell,-0.1,6.4,5.669,5.156,0.32,3.957,14.742,6.5,5.256,5.769,1.244,0.731
2023,7,RB,00-0036842,Kene Nwangwu,0.0,2.475,0.172,0.199,-0.195,-0.05,2.722,2.475,0.199,0.172,2.276,2.303
2023,7,RB,00-0036875,Rhamondre Stevenson,14.5,8.4,10.198,10.288,2.142,9.589,21.738,6.1,4.212,4.302,1.888,1.798
2023,7,RB,00-0036893,Najee Harris,15.8,7.025,9.258,9.394,1.924,8.775,18.852,8.775,6.406,6.542,2.369,2.233
2023,7,RB,00-0036919,Kenny Gainwell,7.6,4.5,7.249,7.087,1.002,6.415,16.044,3.1,0.513,0.351,2.587,2.749
2023,7,RB,00-0036973,Travis Etienne,22.7,21.925,15.607,14.764,5.494,12.376,24.403,0.775,7.936,7.093,-7.161,-6.318
2023,7,RB,00-0036997,Javonte Williams,12.6,6.85,8.383,8.109,1.096,5.863,17.705,5.75,4.491,4.217,1.259,1.533
2023,7,RB,00-0037197,Isiah Pacheco,16.0,17.45,15.224,16.524,5.191,12.801,24.959,1.45,0.524,0.776,0.926,0.674
2023,7,RB,00-0037228,Jaylen Warren,10.1,10.8,9.761,9.404,2.209,8.304,19.981,0.7,0.696,0.339,0.004,0.361
2023,7,RB,00-0037248,James Cook,19.2,10.025,11.222,10.982,2.52,9.027,20.404,9.175,8.218,7.978,0.957,1.197
2023,7,RB,00-0037256,Rachaad White,15.9,11.525,11.66,11.712,4.178,11.424,22.632,4.375,4.188,4.24,0.187,0.135
2023,7,RB,00-0037263,Tyler Allgeier,14.2,4.55,6.564,6.264,0.946,4.808,15.637,9.65,7.936,7.636,1.714,2.014
2023,7,RB,00-0037267,Jerome Ford,17.4,15.95,11.694,11.48,2.433,9.457,19.938,1.45,5.92,5.706,-4.47,-4.256
2023,7,RB,00-0037276,Ty Chandler,2.2,1.4,3.131,4.165,0.295,2.949,10.198,0.8,1.965,0.931,-1.165,-0.131
2023,7,RB,00-0037525,Jordan Mason,0.0,6.5,1.032,0.063,-0.187,-0.003,3.15,6.5,0.063,1.032,6.437,5.468
2023,7,RB,00-0037746,Brian Robinson,8.3,10.5,10.404,10.432,1.812,8.209,20.301,2.2,2.132,2.104,0.068,0.096
2023,7,RB,00-0038040,Zamir White,5.8,1.575,3.637,4.432,0.164,2.679,12.077,4.225,1.368,2.163,2.857,2.062
2023,7,RB,00-0038098,Pierre Strong,2.5,3.425,4.335,4.846,0.232,2.942,13.158,0.925,2.346,1.835,-1.421,-0.91
2023,7,RB,00-0038134,Kenneth Walker III,13.1,20.2,16.121,17.553,7.427,15.816,26.61,7.1,4.453,3.021,2.647,4.079
2023,7,RB,00-0038396,Eric Gray,0.0,0.95,0.018,0.14,-0.195,-0.08,2.722,0.95,0.14,0.018,0.81,0.932
2023,7,RB,00-0038542,Bijan Robinson,0.3,13.375,12.88,12.517,4.691,11.654,23.277,13.075,12.217,12.58,0.858,0.495
2023,7,RB,00-0038555,Tank Bigsby,0.2,2.65,2.155,2.436,0.131,2.914,12.676,2.45,2.236,1.955,0.214,0.495
2023,7,RB,00-0038611,Chris Rodriguez Jr.,3.1,1.5,3.396,4.15,0.133,2.545,12.987,1.6,1.05,0.296,0.55,1.304
2023,7,RB,00-0038705,Emari Demercado,11.5,5.25,6.896,7.15,1.176,5.394,15.082,6.25,4.35,4.604,1.9,1.646
2023,7,RB,00-0038794,Jaleel McLaughlin,5.6,11.25,9.647,9.276,1.557,6.772,18.7,5.65,3.676,4.047,1.974,1.603
2023,7,RB,00-0038797,Emanuel Wilson,4.7,1.35,4.257,4.134,0.144,2.67,12.576,3.35,0.566,0.443,2.784,2.907
2023,7,RB,00-0039139,Jahmyr Gibbs,27.6,9.725,10.479,10.035,1.97,9.071,21.505,17.875,17.565,17.121,0.31,0.754
2023,7,WR,00-0027944,Julio Jones,1.3,4.85,6.529,6.418,0.924,5.539,16.148,3.55,5.118,5.229,-1.568,-1.679
2023,7,WR,00-0030068,Marquise Goodwin,3.3,1.125,3.242,3.717,-0.041,2.411,11.221,2.175,0.417,0.058,1.758,2.117
2023,7,WR,00-0030279,Keenan Allen,9.5,27.565,16.762,15.897,6.2,14.142,27.542,18.065,6.397,7.262,11.668,10.803
2023,7,WR,00-0031235,Odell Beckham Jr.,9.9,5.075,6.83,7.215,0.088,5.329,17.305,4.825,2.685,3.07,2.14,1.755
2023,7,WR,00-0031381,Davante Adams,12.7,17.775,14.296,13.844,4.595,12.945,26.309,5.075,1.144,1.596,3.931,3.479
2023,7,WR,00-0031408,Mike Evans,20.2,15.5,10.751,9.991,2.74,9.848,23.378,4.7,10.209,9.449,-5.509,-4.749
2023,7,WR,00-0031428,Allen Robinson,1.7,4.825,7.685,7.21,1.172,6.156,17.369,3.125,5.51,5.985,-2.385,-2.86
2023,7,WR,00-0031544,Amari Cooper,4.2,14.5,12.313,12.653,2.298,11.58,22.637,10.3,8.453,8.113,1.847,2.187
2023,7,WR,00-0031547,DeVante Parker,1.8,3.725,6.846,6.675,1.068,5.524,16.271,1.925,4.875,5.046,-2.95,-3.121
2023,7,WR,00-0031549,Nelson Agholor,8.2,6.425,7.796,7.526,0.305,5.995,16.015,1.775,0.674,0.404,1.101,1.371
2023,7,WR,00-0031588,Stefon Diggs,17.8,24.8,16.667,15.514,6.772,14.326,26.699,7.0,2.286,1.133,4.714,5.867
2023,7,WR,00-0031763,DeAndre Carter,0.0,0.725,0.124,0.228,-0.188,0.107,4.144,0.725,0.228,0.124,0.497,0.601
2023,7,WR,00-0031941,Jamison Crowder,0.0,1.025,-0.401,-0.149,-0.19,-0.099,2.692,1.025,0.149,0.401,0.876,0.624
2023,7,WR,00-0032211,Tyler Lockett,7.8,14.775,12.275,12.504,3.243,11.663,22.785,6.975,4.704,4.475,2.271,2.5
2023,7,WR,00-0032385,Sterling Shepard,1.3,1.325,2.954,2.978,-0.007,2.556,11.469,0.025,1.678,1.654,-1.653,-1.629
2023,7,WR,00-0032464,Kalif Raymond,4.0,6.85,6.009,6.039,0.171,4.429,14.736,2.85,2.039,2.009,0.811,0.841
2023,7,WR,00-0032765,Michael Thomas,13.2,10.075,12.116,12.409,2.814,10.728,22.767,3.125,0.791,1.084,2.334,2.041
2023,7,WR,00-0033040,Tyreek Hill,25.8,25.325,15.945,14.65,4.683,11.377,26.147,0.475,11.15,9.855,-10.675,-9.38
2023,7,WR,00-0033282,Curtis Samuel,6.5,14.575,9.181,7.746,1.686,8.573,19.664,8.075,1.246,2.681,6.829,5.394
2023,7,WR,00-0033292,Trent Taylor,0.0,0.0,-0.493,0.135,-0.19,-0.001,3.703,0.0,0.135,0.493,-0.135,-0.493
2023,7,WR,00-0033307,Kendrick Bourne,16.3,9.95,9.799,9.303,2.009,7.738,19.473,6.35,6.997,6.501,-0.647,-0.151
2023,7,WR,00-0033466,Isaiah McKenzie,0.7,1.9,2.948,3.737,-0.018,2.304,12.039,1.2,3.037,2.248,-1.837,-1.048
2023,7,WR,00-0033555,Mack Hollins,0.0,3.825,2.514,0.129,-0.181,0.067,3.488,3.825,0.129,2.514,3.696,1.311
2023,7,WR,00-0033572,Jamal Agnew,7.5,2.125,2.781,4.419,-0.018,2.91,12.297,5.375,3.081,4.719,2.294,0.656
2023,7,WR,00-0033908,Cooper Kupp,6.9,19.325,16.713,17.188,5.442,13.298,25.706,12.425,10.288,9.813,2.137,2.612
2023,7,WR,00-0033921,Chris Godwin Jr.,12.6,13.025,12.564,12.285,2.766,10.843,23.955,0.425,0.315,0.036,0.11,0.389
2023,7,WR,00-0033943,Josh Reynolds,6.3,14.775,11.086,11.856,2.099,8.274,19.237,8.475,5.556,4.786,2.919,3.689
2023,7,WR,00-0034272,Marquez Valdes-Scantling,17.4,2.125,5.558,5.686,0.009,4.101,14.298,15.275,11.714,11.842,3.561,3.433
2023,7,WR,00-0034297,Byron Pringle,2.6,1.85,2.847,3.162,-0.02,2.401,11.023,0.75,0.562,0.247,0.188,0.503
2023,7,WR,00-0034348,Courtland Sutton,19.6,11.925,11.352,10.764,2.398,8.996,20.965,7.675,8.836,8.248,-1.161,-0.573
2023,7,WR,00-0034407,Ray-Ray McCloud,4.0,2.25,4.528,5.411,0.02,3.51,12.731,1.75,1.411,0.528,0.339,1.222
2023,7,WR,00-0034418,Cedrick Wilson Jr.,6.8,2.95,4.867,5.149,0.027,3.759,13.538,3.85,1.651,1.933,2.199,1.917
2023,7,WR,00-0034419,Braxton Berrios,1.7,7.5,6.748,6.54,0.389,4.886,15.327,5.8,4.84,5.048,0.96,0.752
2023,7,WR,00-0034487,Trent Sherfield,1.5,2.225,4.152,4.498,0.007,3.332,12.751,0.725,2.998,2.652,-2.273,-1.927
2023,7,WR,00-0034646,Brandon Powell,10.9,3.9,4.624,5.224,0.047,3.513,13.002,7.0,5.676,6.276,1.324,0.724
2023,7,WR,00-0034775,Christian Kirk,19.0,15.025,14.149,14.886,3.686,10.842,24.867,3.975,4.114,4.851,-0.139,-0.876
2023,7,WR,00-0034827,DJ Moore,13.4,24.825,13.767,11.025,3.748,9.828,23.104,11.425,2.375,0.367,9.05,11.058
2023,7,WR,00-0034837,Calvin Ridley,1.5,11.5,11.937,12.378,2.577,9.381,20.526,10.0,10.878,10.437,-0.878,-0.437
2023,7,WR,00-0034854,KhaDarel Hodge,2.9,2.125,3.307,3.992,-0.043,3.055,12.226,0.775,1.092,0.407,-0.317,0.368
2023,7,WR,00-0034960,Jakobi Meyers,18.0,14.6,13.68,13.168,3.275,11.533,24.372,3.4,4.832,4.32,-1.432,-0.92
2023,7,WR,00-0034983,Hunter Renfrow,3.4,2.15,2.896,3.498,0.007,2.748,11.175,1.25,0.098,0.504,1.152,0.746
2023,7,WR,00-0035140,Mecole Hardman,1.6,12.375,9.242,7.291,0.45,6.651,16.078,10.775,5.691,7.642,5.084,3.133
2023,7,WR,00-0035164,Cody Thompson,0.0,0.667,1.026,0.263,-0.19,-0.025,2.692,0.667,0.263,1.026,0.404,-0.359
2023,7,WR,00-0035208,Olamide Zaccheaus,0.0,7.775,7.611,6.882,0.393,5.689,15.473,7.775,6.882,7.611,0.893,0.164
2023,7,WR,00-0035215,Deonte Harty,2.0,5.45,4.606,4.586,0.137,3.16,11.752,3.45,2.586,2.606,0.864,0.844
2023,7,WR,00-0035216,Diontae Johnson,12.9,8.125,11.641,12.369,2.251,9.732,21.028,4.775,0.531,1.259,4.244,3.516
2023,7,WR,00-0035298,Scott Miller,5.6,1.55,2.752,3.569,-0.028,2.483,11.775,4.05,2.031,2.848,2.019,1.202
2023,7,WR,00-0035500,Greg Dortch,0.0,0.0,-0.243,0.172,-0.19,-0.032,2.81,0.0,0.172,0.243,-0.172,-0.243
2023,7,WR,00-0035535,Darius Slayton,3.2,6.725,7.682,7.01,1.155,6.728,17.716,3.525,3.81,4.482,-0.285,-0.957
2023,7,WR,00-0035659,Terry McLaurin,15.0,12.425,11.954,11.365,2.885,10.116,23.413,2.575,3.635,3.046,-1.06,-0.471
2023,7,WR,00-0035662,Marquise Brown,7.9,14.3,12.517,11.588,3.811,10.717,21.641,6.4,3.688,4.617,2.712,1.783
2023,7,WR,00-0035676,A.J. Brown,29.7,24.85,17.143,15.61,5.978,14.614,28.146,4.85,14.09,12.557,-9.24,-7.707
2023,7,WR,00-0036165,Isaiah Hodgins,3.3,5.825,4.557,5.087,0.009,3.543,13.335,2.525,1.787,1.257,0.738,1.268
2023,7,WR,00-0036196,Gabe Davis,1.6,12.625,10.854,11.06,2.384,8.443,19.707,11.025,9.46,9.254,1.565,1.771
2023,7,WR,00-0036233,Donovan Peoples-Jones,4.2,2.825,6.227,6.912,0.969,5.017,15.971,1.375,2.712,2.027,-1.337,-0.652
2023,7,WR,00-0036252,Michael Pittman,16.3,12.825,11.935,11.839,4.366,10.596,21.551,3.475,4.461,4.365,-0.986,-0.89
2023,7,WR,00-0036259,Jauan Jennings,10.4,4.925,5.946,6.088,0.027,3.948,13.919,5.475,4.312,4.454,1.163,1.021
2023,7,WR,00-0036261,Brandon Aiyuk,10.7,12.375,14.263,12.905,3.677,12.408,25.46,1.675,2.205,3.563,-0.53,-1.888
2023,7,WR,00-0036309,Darnell Mooney,7.4,3.975,6.877,7.08,0.205,5.769,17.472,3.425,0.32,0.523,3.105,2.902
2023,7,WR,00-0036326,Chase Claypool,0.0,5.0,4.952,1.397,0.075,0.533,4.692,5.0,1.397,4.952,3.603,0.048
2023,7,WR,00-0036331,Devin Duvernay,0.0,0.7,1.041,0.176,-0.19,-0.024,2.67,0.7,0.176,1.041,0.524,-0.341
2023,7,WR,00-0036345,K.J. Osborn,9.7,7.975,8.524,9.144,2.453,7.841,18.233,1.725,0.556,1.176,1.169,0.549
2023,7,WR,00-0036387,Jalen Reagor,2.1,0.925,3.838,4.235,-0.022,2.488,14.518,1.175,2.135,1.738,-0.96,-0.563
2023,7,WR,00-0036407,Jerry Jeudy,11.4,9.175,10.708,10.557,2.155,8.946,20.317,2.225,0.843,0.692,1.382,1.533
2023,7,WR,00-0036415,Van Jefferson,1.5,3.2,4.333,5.085,0.046,4.298,13.402,1.7,3.585,2.833,-1.885,-1.133
2023,7,WR,00-0036497,Tim Jones,3.7,1.0,3.229,3.62,-0.024,2.5,11.003,2.7,0.08,0.471,2.62,2.229
2023,7,WR,00-0036550,Rashod Bateman,5.6,2.925,5.395,5.566,0.043,3.991,13.065,2.675,0.034,0.205,2.641,2.47
2023,7,WR,00-0036613,Jaylen Waddle,12.3,13.4,12.652,13.353,3.343,12.478,24.401,1.1,1.053,0.352,0.047,0.748
2023,7,WR,00-0036626,Dyami Brown,0.0,2.3,1.261,-0.074,-0.184,-0.024,2.67,2.3,0.074,1.261,2.226,1.039
2023,7,WR,00-0036841,Austin Trammell,0.0,0.0,0.297,0.216,-0.19,0.008,3.725,0.0,0.216,0.297,-0.216,-0.297
2023,7,WR,00-0036849,Tutu Atwell,10.1,9.375,9.777,9.974,1.773,8.944,19.737,0.725,0.126,0.323,0.599,0.402
2023,7,WR,00-0036912,DeVonta Smith,8.9,8.15,12.558,13.758,2.029,10.9,20.936,0.75,4.858,3.658,-4.108,-2.908
2023,7,WR,00-0036913,Kadarius Toney,2.3,5.55,7.437,6.748,0.793,4.719,15.296,3.25,4.448,5.137,-1.198,-1.887
2023,7,WR,00-0036936,Rondale Moore,4.6,8.35,8.752,8.126,0.849,6.295,17.891,3.75,3.526,4.152,0.224,-0.402
2023,7,WR,00-0036963,Amon-Ra St. Brown,23.2,20.2,18.484,20.671,5.727,12.686,26.472,3.0,2.529,4.716,0.471,-1.716
2023,7,WR,00-0036980,Elijah Moore,9.9,6.9,10.215,9.647,1.685,9.244,19.69,3.0,0.253,0.315,2.747,2.685
2023,7,WR,00-0036988,Josh Palmer,18.3,9.9,9.982,10.519,1.747,9.765,20.318,8.4,7.781,8.318,0.619,0.082
2023,7,WR,00-0037098,Samori Toure,1.3,2.975,3.49,3.808,-0.025,2.58,11.283,1.675,2.508,2.19,-0.833,-0.515
2023,7,WR,00-0037216,Justyn Ross,0.0,2.133,1.463,0.201,-0.19,-0.025,2.67,2.133,0.201,1.463,1.932,0.671
2023,7,WR,00-0037238,Drake London,11.4,13.27,11.249,10.912,2.474,9.853,21.143,1.87,0.488,0.151,1.382,1.719
2023,7,WR,00-0037239,Chris Olave,12.7,11.4,12.248,12.563,2.886,11.292,23.114,1.3,0.137,0.452,1.163,0.848
2023,7,WR,00-0037240,Jameson Williams,0.0,4.875,3.958,4.843,0.005,3.328,12.468,4.875,4.843,3.958,0.032,0.917
2023,7,WR,00-0037247,George Pickens,15.7,16.575,13.504,13.35,3.428,10.804,23.17,0.875,2.35,2.196,-1.475,-1.321
2023,7,WR,00-0037261,Khalil Shakir,7.5,1.475,3.804,4.352,-0.055,2.827,12.901,6.025,3.148,3.696,2.877,2.329
2023,7,WR,00-0037487,Deven Thompkins,2.4,5.4,5.576,6.293,0.041,4.194,15.952,3.0,3.893,3.176,-0.893,-0.176
2023,7,WR,00-0037545,Rashid Shaheed,7.2,8.85,8.015,8.627,0.536,6.086,18.285,1.65,1.427,0.815,0.223,0.835
2023,7,WR,00-0037664,Alec Pierce,8.3,4.9,6.979,7.01,1.201,5.79,15.915,3.4,1.29,1.321,2.11,2.079
2023,7,WR,00-0037741,Jahan Dotson,9.3,5.7,7.307,7.861,0.959,5.932,17.507,3.6,1.439,1.993,2.161,1.607
2023,7,WR,00-0037745,Velus Jones Jr.,1.0,0.925,2.512,3.269,-0.052,1.946,8.865,0.075,2.269,1.512,-2.194,-1.437
2023,7,WR,00-0037816,Romeo Doubs,11.0,10.8,11.412,12.021,2.507,10.856,22.848,0.2,1.021,0.412,-0.821,-0.212
2023,7,WR,00-0037837,Calvin Austin III,0.1,5.725,7.688,7.602,0.571,5.799,17.762,5.625,7.502,7.588,-1.877,-1.963
2023,7,WR,00-0038090,Skyy Moore,3.5,4.35,6.933,6.442,0.119,5.199,14.852,0.85,2.942,3.433,-2.092,-2.583
2023,7,WR,00-0038104,Tyquan Thornton,1.2,5.175,5.284,5.046,0.04,4.159,12.93,3.975,3.846,4.084,0.129,-0.109
2023,7,WR,00-0038117,Wan'Dale Robinson,3.2,9.225,10.017,8.341,1.808,7.248,20.497,6.025,5.141,6.817,0.884,-0.792
2023,7,WR,00-0038124,Christian Watson,5.7,10.2,10.198,9.536,2.39,8.605,21.321,4.5,3.836,4.498,0.664,0.002
2023,7,WR,00-0038393,Dontayvion Wicks,3.36,5.625,5.605,6.094,0.043,4.065,14.565,2.265,2.734,2.245,-0.469,0.02
2023,7,WR,00-0038543,Jaxon Smith-Njigba,16.3,5.675,7.296,6.895,0.697,5.537,15.86,10.625,9.405,9.004,1.22,1.621
2023,7,WR,00-0038544,Quentin Johnston,3.0,1.875,4.752,4.732,0.038,3.698,12.569,1.125,1.732,1.752,-0.607,-0.627
2023,7,WR,00-0038559,Michael Wilson,5.6,12.3,8.455,8.991,1.26,8.236,16.902,6.7,3.391,2.855,3.309,3.845
2023,7,WR,00-0038563,Tre Tucker,3.8,4.367,3.003,3.249,-0.045,2.506,11.255,0.567,0.551,0.797,0.016,-0.231
2023,7,WR,00-0038573,Derius Davis,3.4,2.75,3.466,3.94,-0.013,2.285,12.371,0.65,0.54,0.066,0.11,0.584
2023,7,WR,00-0038621,DeMario Douglas,11.4,3.7,4.762,4.569,0.006,3.511,13.532,7.7,6.831,6.638,0.869,1.062
2023,7,WR,00-0038627,Antoine Green,0.0,1.2,2.827,3.615,-0.04,2.276,10.979,1.2,3.615,2.827,-2.415,-1.627
2023,7,WR,00-0038752,Jake Bobo,16.1,3.775,4.732,5.064,-0.028,3.331,12.463,12.325,11.036,11.368,1.289,0.957
2023,7,WR,00-0038821,Rakim Jarrett,0.0,1.0,2.327,3.146,-0.052,2.008,9.615,1.0,3.146,2.327,-2.146,-1.327
2023,7,WR,00-0038938,Jalin Hyatt,9.5,4.75,4.872,5.029,0.109,4.432,13.077,4.75,4.471,4.628,0.279,0.122
2023,7,WR,00-0038941,Tyler Scott,5.3,2.525,3.86,4.083,-0.008,3.046,12.548,2.775,1.217,1.44,1.558,1.335
2023,7,WR,00-0038976,Marvin Mims Jr.,-1.1,6.175,4.491,4.657,0.048,3.482,13.327,7.275,5.757,5.591,1.518,1.684
2023,7,WR,00-0038994,Jordan Addison,31.3,10.35,9.143,9.023,1.643,7.531,19.049,20.95,22.277,22.157,-1.327,-1.207
2023,7,WR,00-0038997,Josh Downs,23.5,11.975,10.402,10.625,2.454,8.641,19.915,11.525,12.875,13.098,-1.35,-1.573
2023,7,WR,00-0039052,Trey Palmer,1.5,5.025,5.826,5.72,0.115,4.36,13.473,3.525,4.22,4.326,-0.695,-0.801
2023,7,WR,00-0039064,Zay Flowers,11.5,12.6,14.647,15.643,5.076,11.876,23.322,1.1,4.143,3.147,-3.043,-2.047
2023,7,WR,00-0039067,Rashee Rice,17.0,10.4,8.243,7.59,1.078,5.695,19.078,6.6,9.41,8.757,-2.81,-2.157
2023,7,WR,00-0039075,Puka Nacua,23.4,17.55,16.979,17.414,5.527,13.774,26.105,5.85,5.986,6.421,-0.136,-0.571
2023,7,WR,00-0039146,Jayden Reed,11.1,10.3,8.498,8.589,1.312,6.633,19.009,0.8,2.511,2.602,-1.711,-1.802
2023,8,RB,00-0030513,Latavius Murray,2.1,4.65,7.1,7.131,1.007,5.707,16.35,2.55,5.031,5.0,-2.481,-2.45
2023,8,RB,00-0030578,Cordarrelle Patterson,0.7,4.7,5.112,4.477,0.23,6.209,13.134,4.0,3.777,4.412,0.223,-0.412
2023,8,RB,00-0030874,Damien Williams,1.9,4.525,3.489,4.215,0.157,2.699,12.563,2.625,2.315,1.589,0.31,1.036
2023,8,RB,00-0031376,Jerick McKinnon,1.8,3.7,5.947,5.862,0.603,4.165,13.258,1.9,4.062,4.147,-2.162,-2.247
2023,8,RB,00-0031687,Raheem Mostert,10.6,15.4,15.527,15.062,5.486,11.379,24.192,4.8,4.462,4.927,0.338,-0.127
2023,8,RB,00-0032104,Ameer Abdullah,2.9,2.375,2.365,2.655,0.044,2.133,9.274,0.525,0.245,0.535,0.28,-0.01
2023,8,RB,00-0032764,Derrick Henry,16.2,13.72,7.139,10.879,2.969,9.157,22.049,2.48,5.321,9.061,-2.841,-6.581
2023,8,RB,00-0033045,Ezekiel Elliott,3.6,8.25,8.547,8.613,1.398,6.861,18.949,4.65,5.013,4.947,-0.363,-0.297
2023,8,RB,00-0033280,Christian McCaffrey,29.8,24.825,17.369,17.234,7.17,15.492,25.762,4.975,12.566,12.431,-7.591,-7.456
2023,8,RB,00-0033293,Aaron Jones,8.6,11.4,9.431,8.307,1.756,7.728,19.455,2.8,0.293,0.831,2.507,1.969
2023,8,RB,00-0033296,Alex Armah,1.0,0.3,1.634,2.636,-0.034,1.57,8.985,0.7,1.636,0.634,-0.936,0.066
2023,8,RB,00-0033308,Matt Breida,2.7,4.85,5.368,6.061,0.876,5.555,16.217,2.15,3.361,2.668,-1.211,-0.518
2023,8,RB,00-0033526,Samaje Perine,4.1,6.425,6.528,6.822,1.084,7.618,14.874,2.325,2.722,2.428,-0.397,-0.103
2023,8,RB,00-0033699,Austin Ekeler,23.3,12.8,16.104,16.544,5.333,12.366,24.603,10.5,6.756,7.196,3.744,3.304
2023,8,RB,00-0033893,Dalvin Cook,0.5,3.35,4.549,5.006,0.314,3.501,13.914,2.85,4.506,4.049,-1.656,-1.199
2023,8,RB,00-0033897,Joe Mixon,20.0,11.3,12.837,13.182,4.164,11.884,23.499,8.7,6.818,7.163,1.882,1.537
2023,8,RB,00-0033906,Alvin Kamara,27.0,21.7,18.742,17.061,7.115,14.642,26.626,5.3,9.939,8.258,-4.639,-2.958
2023,8,RB,00-0033923,Kareem Hunt,13.7,9.475,6.512,6.365,0.697,5.852,16.958,4.225,7.335,7.188,-3.11,-2.963
2023,8,RB,00-0033925,D'Onta Foreman,4.6,12.975,10.332,10.565,2.388,9.099,20.11,8.375,5.965,5.732,2.41,2.643
2023,8,RB,00-0033948,Jamaal Williams,4.8,7.675,8.875,8.006,1.313,6.648,17.726,2.875,3.206,4.075,-0.331,-1.2
2023,8,RB,00-0034115,Jeff Wilson,5.7,8.1,9.798,10.333,1.816,8.45,20.726,2.4,4.633,4.098,-2.233,-1.698
2023,8,RB,00-0034184,Gus Edwards,29.4,9.85,11.204,12.831,3.536,9.307,20.705,19.55,16.569,18.196,2.981,1.354
2023,8,RB,00-0034208,Mike Boone,2.6,0.375,3.816,4.054,0.092,2.55,10.103,2.225,1.454,1.216,0.771,1.009
2023,8,RB,00-0034414,Boston Scott,1.4,2.15,3.733,4.111,0.201,3.078,11.886,0.75,2.711,2.333,-1.961,-1.583
2023,8,RB,00-0034614,Godwin Igwebuike,0.0,0.425,-0.76,-0.004,-0.196,-0.064,2.735,0.425,0.004,0.76,0.421,-0.335
2023,8,RB,00-0034681,Chase Edmonds,4.1,4.2,4.384,4.707,0.217,3.396,13.751,0.1,0.607,0.284,-0.507,-0.184
2023,8,RB,00-0034838,Royce Freeman,10.4,1.825,5.755,4.994,0.487,4.274,13.885,8.575,5.406,4.645,3.169,3.93
2023,8,RB,00-0034844,Saquon Barkley,15.8,17.275,16.475,17.37,5.766,13.329,22.12,1.475,1.57,0.675,-0.095,0.8
2023,8,RB,00-0034972,Alexander Mattison,4.3,10.2,11.734,11.413,3.213,10.93,23.748,5.9,7.113,7.434,-1.213,-1.534
2023,8,RB,00-0034975,Justice Hill,9.5,7.025,9.978,10.357,1.518,6.889,18.577,2.475,0.857,0.478,1.618,1.997
2023,8,RB,00-0035243,Miles Sanders,0.0,8.075,10.842,10.7,2.318,9.043,21.464,8.075,10.7,10.842,-2.625,-2.767
2023,8,RB,00-0035250,Devin Singletary,6.3,5.635,6.26,8.129,0.667,5.488,17.585,0.665,1.829,0.04,-1.164,0.625
2023,8,RB,00-0035261,Tony Pollard,6.5,12.375,14.607,14.633,5.603,14.454,24.979,5.875,8.133,8.107,-2.258,-2.232
2023,8,RB,00-0035291,Trayveon Williams,0.6,0.9,2.657,2.779,0.057,2.238,8.585,0.3,2.179,2.057,-1.879,-1.757
2023,8,RB,00-0035567,Craig Reynolds,7.6,5.25,6.579,6.718,0.542,4.866,15.872,2.35,0.882,1.021,1.468,1.329
2023,8,RB,00-0035628,D'Ernest Johnson,0.8,1.225,3.117,3.961,0.152,2.504,11.592,0.425,3.161,2.317,-2.736,-1.892
2023,8,RB,00-0035664,Darrell Henderson,11.5,7.575,7.318,7.69,1.119,6.387,18.324,3.925,3.81,4.182,0.115,-0.257
2023,8,RB,00-0035700,Josh Jacobs,16.8,16.05,14.967,15.135,6.237,13.679,25.572,0.75,1.665,1.833,-0.915,-1.083
2023,8,RB,00-0035726,Jakob Johnson,0.0,0.875,-0.22,0.055,-0.212,-0.056,2.882,0.875,0.055,0.22,0.82,0.655
2023,8,RB,00-0036020,Salvon Ahmed,5.7,5.475,6.198,5.675,0.786,5.029,14.182,0.225,0.025,0.498,0.2,-0.273
2023,8,RB,00-0036139,Rico Dowdle,4.5,4.75,4.357,4.297,0.234,3.04,12.754,0.25,0.203,0.143,0.047,0.107
2023,8,RB,00-0036223,Jonathan Taylor,10.7,9.8,9.222,8.172,1.152,7.317,19.31,0.9,2.528,1.478,-1.628,-0.578
2023,8,RB,00-0036251,Zack Moss,14.4,16.9,12.247,11.906,4.759,11.316,23.539,2.5,2.494,2.153,0.006,0.347
2023,8,RB,00-0036265,AJ Dillon,10.2,7.375,9.445,9.711,3.324,9.24,19.806,2.825,0.489,0.755,2.336,2.07
2023,8,RB,00-0036275,D'Andre Swift,14.4,15.75,14.224,13.733,4.984,12.053,25.097,1.35,0.667,0.176,0.683,1.174
2023,8,RB,00-0036297,Darrynton Evans,13.0,3.45,6.354,6.793,0.667,4.603,15.884,9.55,6.207,6.646,3.343,2.904
2023,8,RB,00-0036328,Antonio Gibson,9.2,6.925,6.189,6.826,0.838,5.771,14.334,2.275,2.374,3.011,-0.099,-0.736
2023,8,RB,00-0036360,Clyde Edwards-Helaire,0.4,1.45,4.361,3.543,0.179,2.644,12.998,1.05,3.143,3.961,-2.093,-2.911
2023,8,RB,00-0036370,Joshua Kelley,2.1,6.025,7.849,8.614,1.531,7.424,18.574,3.925,6.514,5.749,-2.589,-1.824
2023,8,RB,00-0036414,Cam Akers,9.5,5.375,6.517,6.28,0.605,4.451,14.537,4.125,3.22,2.983,0.905,1.142
2023,8,RB,00-0036425,DeeJay Dallas,0.0,0.85,-0.492,-0.192,-0.196,-0.089,2.735,0.85,0.192,0.492,0.658,0.358
2023,8,RB,00-0036450,Ke'Shawn Vaughn,0.1,2.475,4.995,5.858,0.567,4.105,14.766,2.375,5.758,4.895,-3.383,-2.52
2023,8,RB,00-0036555,Chuba Hubbard,7.4,7.55,10.207,10.213,1.985,8.202,19.067,0.15,2.813,2.807,-2.663,-2.657
2023,8,RB,00-0036567,Elijah Mitchell,0.2,2.0,5.035,4.799,0.294,3.436,13.837,1.8,4.599,4.835,-2.799,-3.035
2023,8,RB,00-0036875,Rhamondre Stevenson,7.0,10.225,10.858,10.824,2.847,9.414,22.106,3.225,3.824,3.858,-0.599,-0.633
2023,8,RB,00-0036893,Najee Harris,10.5,9.65,10.429,10.3,2.816,9.149,20.501,0.85,0.2,0.071,0.65,0.779
2023,8,RB,00-0036919,Kenny Gainwell,5.6,4.95,7.018,6.872,0.676,5.438,16.927,0.65,1.272,1.418,-0.622,-0.768
2023,8,RB,00-0036924,Michael Carter,0.2,2.775,4.45,5.572,0.607,3.828,12.735,2.575,5.372,4.25,-2.797,-1.675
2023,8,RB,00-0036973,Travis Etienne,25.9,23.15,18.707,19.641,6.305,14.439,28.0,2.75,6.259,7.193,-3.509,-4.443
2023,8,RB,00-0036997,Javonte Williams,18.8,8.05,8.679,8.701,1.498,7.078,18.547,10.75,10.099,10.121,0.651,0.629
2023,8,RB,00-0037197,Isiah Pacheco,6.7,17.5,14.372,13.969,4.536,11.59,25.347,10.8,7.269,7.672,3.531,3.128
2023,8,RB,00-0037228,Jaylen Warren,7.8,10.175,9.681,9.492,2.109,8.107,19.76,2.375,1.692,1.881,0.683,0.494
2023,8,RB,00-0037248,James Cook,8.3,11.525,10.936,10.909,3.264,9.244,21.057,3.225,2.609,2.636,0.616,0.589
2023,8,RB,00-0037256,Rachaad White,17.9,10.175,12.181,12.119,4.282,10.191,20.694,7.725,5.781,5.719,1.944,2.006
2023,8,RB,00-0037258,Dameon Pierce,4.6,9.825,11.07,10.916,3.539,10.112,23.432,5.225,6.316,6.47,-1.091,-1.245
2023,8,RB,00-0037263,Tyler Allgeier,3.1,6.875,8.172,6.945,1.698,7.226,18.372,3.775,3.845,5.072,-0.07,-1.297
2023,8,RB,00-0037267,Jerome Ford,4.9,14.275,11.712,11.68,2.923,9.952,21.616,9.375,6.78,6.812,2.595,2.563
2023,8,RB,00-0037276,Ty Chandler,0.0,0.925,-0.678,-0.001,-0.196,-0.038,2.735,0.925,0.001,0.678,0.924,0.247
2023,8,RB,00-0037299,Keaontay Ingram,2.6,2.6,4.558,5.958,0.31,3.619,14.659,0.0,3.358,1.958,-3.358,-1.958
2023,8,RB,00-0037429,Raheem Blackshear,5.1,3.175,3.673,4.141,0.139,2.683,12.183,1.925,0.959,1.427,0.966,0.498
2023,8,RB,00-0037525,Jordan Mason,0.0,6.225,1.327,0.071,-0.168,-0.027,2.735,6.225,0.071,1.327,6.154,4.898
2023,8,RB,00-0037746,Brian Robinson,9.9,10.825,7.659,8.048,1.274,7.302,20.132,0.925,1.852,2.241,-0.927,-1.316
2023,8,RB,00-0038045,Isaiah Spiller,1.8,1.475,3.913,3.914,0.158,3.023,12.277,0.325,2.114,2.113,-1.789,-1.788
2023,8,RB,00-0038098,Pierre Strong,9.2,2.525,3.091,3.764,0.291,2.888,13.435,6.675,5.436,6.109,1.239,0.566
2023,8,RB,00-0038120,Breece Hall,21.3,15.575,11.958,11.568,2.79,10.454,20.965,5.725,9.732,9.342,-4.007,-3.617
2023,8,RB,00-0038134,Kenneth Walker III,8.0,18.875,13.744,13.113,6.342,12.753,24.414,10.875,5.113,5.744,5.762,5.131
2023,8,RB,00-0038488,Brady Russell,0.0,0.0,-0.353,0.55,-0.192,0.365,5.554,0.0,0.55,0.353,-0.55,-0.353
2023,8,RB,00-0038542,Bijan Robinson,12.2,10.95,9.954,9.953,2.114,8.963,20.475,1.25,2.247,2.246,-0.997,-0.996
2023,8,RB,00-0038551,Kendre Miller,2.9,5.35,6.092,6.019,0.389,4.324,14.416,2.45,3.119,3.192,-0.669,-0.742
2023,8,RB,00-0038555,Tank Bigsby,-1.1,0.95,3.461,3.966,0.124,2.814,13.101,2.05,5.066,4.561,-3.016,-2.511
2023,8,RB,00-0038705,Emari Demercado,8.9,8.075,10.206,10.826,1.905,8.191,19.349,0.825,1.926,1.306,-1.101,-0.481
2023,8,RB,00-0038738,Hunter Luepke,0.8,2.375,3.008,3.444,0.131,2.624,10.803,1.575,2.644,2.208,-1.069,-0.633
2023,8,RB,00-0038794,Jaleel McLaughlin,5.9,12.275,7.251,6.599,1.301,6.252,17.215,6.375,0.699,1.351,5.676,5.024
2023,8,RB,00-0039021,Roschon Johnson,6.1,4.375,6.1,6.028,0.553,4.334,14.986,1.725,0.072,0.0,1.653,1.725
2023,8,RB,00-0039032,Tyjae Spears,6.6,9.475,8.718,8.245,1.881,7.927,17.536,2.875,1.645,2.118,1.23,0.757
2023,8,RB,00-0039139,Jahmyr Gibbs,29.9,14.625,15.891,16.61,4.917,11.591,25.589,15.275,13.29,14.009,1.985,1.266
2023,8,RB,00-0039165,Zach Charbonnet,8.4,4.85,5.831,6.204,0.802,5.011,15.657,3.55,2.196,2.569,1.354,0.981
2023,8,WR,00-0027944,Julio Jones,7.8,3.725,4.831,5.563,0.127,5.065,14.437,4.075,2.237,2.969,1.838,1.106
2023,8,WR,00-0030035,Adam Thielen,15.2,25.725,20.256,21.85,6.695,14.35,26.972,10.525,6.65,5.056,3.875,5.469
2023,8,WR,00-0030068,Marquise Goodwin,-0.5,1.95,3.011,3.613,-0.018,2.374,11.118,2.45,4.113,3.511,-1.663,-1.061
2023,8,WR,00-0030279,Keenan Allen,14.9,22.165,18.62,20.211,6.864,15.157,27.606,7.265,5.311,3.72,1.954,3.545
2023,8,WR,00-0030564,DeAndre Hopkins,34.8,10.775,11.076,10.672,2.316,9.465,19.4,24.025,24.128,23.724,-0.103,0.301
2023,8,WR,00-0031235,Odell Beckham Jr.,0.0,6.125,7.587,7.324,0.569,5.542,16.17,6.125,7.324,7.587,-1.199,-1.462
2023,8,WR,00-0031236,Brandin Cooks,14.2,6.925,8.445,8.7,1.174,6.803,17.97,7.275,5.5,5.755,1.775,1.52
2023,8,WR,00-0031381,Davante Adams,2.1,10.4,14.461,14.679,3.116,11.89,24.228,8.3,12.579,12.361,-4.279,-4.061
2023,8,WR,00-0031408,Mike Evans,12.9,13.275,11.068,10.184,1.821,9.271,19.701,0.375,2.716,1.832,-2.341,-1.457
2023,8,WR,00-0031428,Allen Robinson,0.0,4.45,6.67,6.766,0.979,5.322,16.391,4.45,6.766,6.67,-2.316,-2.22
2023,8,WR,00-0031544,Amari Cooper,14.9,11.55,11.848,12.862,2.237,9.959,21.239,3.35,2.038,3.052,1.312,0.298
2023,8,WR,00-0031547,DeVante Parker,2.4,3.2,6.333,6.653,0.585,5.135,15.342,0.8,4.253,3.933,-3.453,-3.133
2023,8,WR,00-0031549,Nelson Agholor,0.0,6.5,6.922,7.059,0.328,5.685,15.681,6.5,7.059,6.922,-0.559,-0.422
2023,8,WR,00-0031588,Stefon Diggs,16.0,24.475,18.953,20.657,6.79,14.811,26.963,8.475,4.657,2.953,3.818,5.522
2023,8,WR,00-0031763,DeAndre Carter,0.0,0.075,0.1,0.242,-0.188,0.048,3.993,0.075,0.242,0.1,-0.167,-0.025
2023,8,WR,00-0031941,Jamison Crowder,22.5,1.025,1.99,4.055,0.001,2.76,10.366,21.475,18.445,20.51,3.03,0.965
2023,8,WR,00-0032200,Ty Montgomery,0.0,0.85,0.599,0.039,-0.191,-0.041,2.691,0.85,0.039,0.599,0.811,0.251
2023,8,WR,00-0032211,Tyler Lockett,22.1,10.25,12.053,12.403,2.75,10.603,22.569,11.85,9.697,10.047,2.153,1.803
2023,8,WR,00-0032464,Kalif Raymond,4.2,5.475,6.01,6.259,0.3,4.644,14.849,1.275,2.059,1.81,-0.784,-0.535
2023,8,WR,00-0032765,Michael Thomas,10.8,10.625,10.985,11.393,2.569,10.34,20.21,0.175,0.593,0.185,-0.418,-0.01
2023,8,WR,00-0033009,Tyler Boyd,13.6,10.55,10.658,10.073,2.067,8.872,21.098,3.05,3.527,2.942,-0.477,0.108
2023,8,WR,00-0033040,Tyreek Hill,25.2,24.1,17.386,16.995,7.953,13.64,27.403,1.1,8.205,7.814,-7.105,-6.714
2023,8,WR,00-0033251,Zach Pascal,0.0,1.0,2.674,3.376,-0.02,2.536,11.202,1.0,3.376,2.674,-2.376,-1.674
2023,8,WR,00-0033282,Curtis Samuel,6.2,14.35,10.569,10.364,1.575,8.291,20.134,8.15,4.164,4.369,3.986,3.781
2023,8,WR,00-0033292,Trent Taylor,-0.2,0.0,2.35,3.696,-0.012,2.04,10.887,0.2,3.896,2.55,-3.696,-2.35
2023,8,WR,00-0033307,Kendrick Bourne,12.6,11.875,11.664,11.199,2.798,9.759,21.206,0.725,1.401,0.936,-0.676,-0.211
2023,8,WR,00-0033466,Isaiah McKenzie,0.0,1.75,0.797,0.462,-0.184,-0.028,2.729,1.75,0.462,0.797,1.288,0.953
2023,8,WR,00-0033555,Mack Hollins,4.7,3.0,3.399,3.662,0.001,3.551,13.188,1.7,1.038,1.301,0.662,0.399
2023,8,WR,00-0033572,Jamal Agnew,0.0,3.625,1.776,0.183,-0.188,-0.023,2.691,3.625,0.183,1.776,3.442,1.849
2023,8,WR,00-0033591,Noah Brown,8.7,3.575,6.531,6.593,0.142,4.767,16.467,5.125,2.107,2.169,3.018,2.956
2023,8,WR,00-0033857,JuJu Smith-Schuster,7.3,3.825,6.049,5.587,0.418,4.977,15.151,3.475,1.713,1.251,1.762,2.224
2023,8,WR,00-0033908,Cooper Kupp,6.1,14.35,14.143,13.64,4.296,10.647,23.334,8.25,7.54,8.043,0.71,0.207
2023,8,WR,00-0033921,Chris Godwin Jr.,17.8,13.475,12.14,11.125,3.049,10.067,21.279,4.325,6.675,5.66,-2.35,-1.335
2023,8,WR,00-0033943,Josh Reynolds,0.3,10.45,9.67,9.33,1.339,7.619,23.329,10.15,9.03,9.37,1.12,0.78
2023,8,WR,00-0034272,Marquez Valdes-Scantling,2.7,5.3,6.113,6.28,0.154,4.595,14.699,2.6,3.58,3.413,-0.98,-0.813
2023,8,WR,00-0034297,Byron Pringle,0.0,2.125,2.661,3.534,-0.051,2.378,10.894,2.125,3.534,2.661,-1.409,-0.536
2023,8,WR,00-0034348,Courtland Sutton,10.9,12.05,11.315,10.6,2.159,8.516,21.69,1.15,0.3,0.415,0.85,0.735
2023,8,WR,00-0034386,Justin Watson,6.2,4.05,5.546,5.279,-0.026,4.027,11.926,2.15,0.921,0.654,1.229,1.496
2023,8,WR,00-0034407,Ray-Ray McCloud,6.3,3.25,4.825,5.121,0.033,3.637,12.9,3.05,1.179,1.475,1.871,1.575
2023,8,WR,00-0034418,Cedrick Wilson Jr.,7.1,4.65,5.505,5.743,0.063,4.085,13.689,2.45,1.357,1.595,1.093,0.855
2023,8,WR,00-0034419,Braxton Berrios,2.8,6.6,6.331,6.5,0.216,4.438,14.067,3.8,3.7,3.531,0.1,0.269
2023,8,WR,00-0034487,Trent Sherfield,0.0,1.65,1.277,0.294,-0.191,-0.022,2.691,1.65,0.294,1.277,1.356,0.373
2023,8,WR,00-0034521,Allen Lazard,7.5,7.525,6.714,6.239,0.856,5.562,15.769,0.025,1.261,0.786,-1.236,-0.761
2023,8,WR,00-0034646,Brandon Powell,2.2,6.25,7.042,7.471,0.77,5.203,15.863,4.05,5.271,4.842,-1.221,-0.792
2023,8,WR,00-0034764,Michael Gallup,4.0,8.775,9.723,10.082,2.063,8.035,19.573,4.775,6.082,5.723,-1.307,-0.948
2023,8,WR,00-0034775,Christian Kirk,8.6,15.925,13.666,14.626,3.716,11.764,22.649,7.325,6.026,5.066,1.299,2.259
2023,8,WR,00-0034777,DJ Chark,4.3,10.55,8.834,8.889,1.871,7.231,18.697,6.25,4.589,4.534,1.661,1.716
2023,8,WR,00-0034827,DJ Moore,9.5,24.9,15.301,13.146,4.421,10.853,23.878,15.4,3.646,5.801,11.754,9.599
2023,8,WR,00-0034837,Calvin Ridley,14.3,10.125,10.734,10.573,2.83,8.647,19.88,4.175,3.727,3.566,0.448,0.609
2023,8,WR,00-0034854,KhaDarel Hodge,10.5,2.225,2.694,3.019,-0.057,2.922,12.454,8.275,7.481,7.806,0.794,0.469
2023,8,WR,00-0034960,Jakobi Meyers,2.9,15.225,13.469,12.904,4.027,10.851,24.053,12.325,10.004,10.569,2.321,1.756
2023,8,WR,00-0034983,Hunter Renfrow,3.9,2.075,3.681,4.05,0.001,3.097,11.045,1.825,0.15,0.219,1.675,1.606
2023,8,WR,00-0035140,Mecole Hardman,3.6,5.775,5.793,5.353,0.068,3.588,13.206,2.175,1.753,2.193,0.422,-0.018
2023,8,WR,00-0035208,Olamide Zaccheaus,1.5,4.35,5.581,5.605,0.035,4.208,13.479,2.85,4.105,4.081,-1.255,-1.231
2023,8,WR,00-0035215,Deonte Harty,0.0,5.125,1.649,0.269,-0.189,-0.011,2.691,5.125,0.269,1.649,4.856,3.476
2023,8,WR,00-0035216,Diontae Johnson,16.5,8.5,10.67,11.204,2.23,9.542,21.249,8.0,5.296,5.83,2.704,2.17
2023,8,WR,00-0035298,Scott Miller,9.4,2.5,2.484,2.757,-0.025,2.522,11.541,6.9,6.643,6.916,0.257,-0.016
2023,8,WR,00-0035341,Trenton Irwin,4.4,4.725,6.583,6.542,0.46,4.842,14.651,0.325,2.142,2.183,-1.817,-1.858
2023,8,WR,00-0035535,Darius Slayton,0.9,5.975,6.258,5.812,0.882,6.348,16.201,5.075,4.912,5.358,0.163,-0.283
2023,8,WR,00-0035593,Juwann Winfree,0.0,1.325,3.063,3.667,-0.042,2.183,11.18,1.325,3.667,3.063,-2.342,-1.738
2023,8,WR,00-0035639,Parris Campbell,0.0,4.3,0.961,-0.175,-0.166,0.087,3.11,4.3,0.175,0.961,4.125,3.339
2023,8,WR,00-0035640,DK Metcalf,11.7,13.5,11.452,11.934,1.979,10.685,20.309,1.8,0.234,0.248,1.566,1.552
2023,8,WR,00-0035645,Gunner Olszewski,0.0,0.0,-1.107,-0.372,-0.188,0.562,4.671,0.0,0.372,1.107,-0.372,-1.107
2023,8,WR,00-0035659,Terry McLaurin,17.3,13.65,12.696,12.184,2.979,10.605,22.924,3.65,5.116,4.604,-1.466,-0.954
2023,8,WR,00-0035662,Marquise Brown,15.3,12.0,11.626,10.941,3.118,10.151,20.758,3.3,4.359,3.674,-1.059,-0.374
2023,8,WR,00-0035676,A.J. Brown,33.0,26.75,17.254,15.012,6.86,14.568,26.327,6.25,17.988,15.746,-11.738,-9.496
2023,8,WR,00-0035703,Miles Boykin,0.0,0.375,0.011,0.164,-0.191,-0.028,2.729,0.375,0.164,0.011,0.211,0.364
2023,8,WR,00-0035876,Andre Baccellia,0.0,2.075,1.606,0.119,-0.191,-0.022,2.691,2.075,0.119,1.606,1.956,0.469
2023,8,WR,00-0036182,Nick Westbrook-Ikhine,10.3,8.75,7.02,6.471,0.6,6.338,16.469,1.55,3.829,3.28,-2.279,-1.73
2023,8,WR,00-0036196,Gabe Davis,23.7,10.45,9.675,9.634,1.733,7.598,19.581,13.25,14.066,14.025,-0.816,-0.775
2023,8,WR,00-0036233,Donovan Peoples-Jones,0.0,3.45,2.704,1.176,-0.254,0.328,3.383,3.45,1.176,2.704,2.274,0.746
2023,8,WR,00-0036252,Michael Pittman,18.0,12.725,12.242,11.913,3.028,11.01,22.949,5.275,6.087,5.758,-0.812,-0.483
2023,8,WR,00-0036259,Jauan Jennings,0.0,5.75,3.825,0.149,-0.137,0.027,3.422,5.75,0.149,3.825,5.601,1.925
2023,8,WR,00-0036261,Brandon Aiyuk,15.9,13.225,13.819,13.902,3.669,12.208,23.155,2.675,1.998,2.081,0.677,0.594
2023,8,WR,00-0036309,Darnell Mooney,5.4,5.825,7.529,7.658,0.67,5.922,16.92,0.425,2.258,2.129,-1.833,-1.704
2023,8,WR,00-0036326,Chase Claypool,2.5,3.775,6.034,5.952,0.052,4.473,15.911,1.275,3.452,3.534,-2.177,-2.259
2023,8,WR,00-0036331,Devin Duvernay,0.0,0.7,0.627,0.215,-0.191,-0.028,2.691,0.7,0.215,0.627,0.485,0.073
2023,8,WR,00-0036345,K.J. Osborn,17.9,7.75,9.255,9.066,2.152,8.049,18.392,10.15,8.834,8.645,1.316,1.505
2023,8,WR,00-0036358,CeeDee Lamb,41.0,13.15,13.625,14.16,3.884,12.085,22.926,27.85,26.84,27.375,1.01,0.475
2023,8,WR,00-0036387,Jalen Reagor,0.0,1.575,3.455,3.958,-0.012,2.672,11.295,1.575,3.958,3.455,-2.383,-1.88
2023,8,WR,00-0036407,Jerry Jeudy,13.0,8.75,10.705,10.731,1.747,9.867,20.439,4.25,2.269,2.295,1.981,1.955
2023,8,WR,00-0036410,Tee Higgins,11.9,10.225,9.27,9.619,1.601,8.411,19.521,1.675,2.281,2.63,-0.606,-0.955
2023,8,WR,00-0036415,Van Jefferson,5.4,3.1,2.746,2.79,-0.008,2.839,11.139,2.3,2.61,2.654,-0.31,-0.354
2023,8,WR,00-0036527,DJ Turner,0.0,0.15,0.624,0.353,-0.191,0.083,3.62,0.15,0.353,0.624,-0.203,-0.474
2023,8,WR,00-0036550,Rashod Bateman,7.2,3.125,5.519,5.624,0.037,4.188,13.298,4.075,1.576,1.681,2.499,2.394
2023,8,WR,00-0036554,Nico Collins,7.0,15.025,12.794,12.559,2.919,9.403,19.979,8.025,5.559,5.794,2.466,2.231
2023,8,WR,00-0036613,Jaylen Waddle,25.1,13.375,12.05,12.416,3.299,10.762,24.697,11.725,12.684,13.05,-0.959,-1.325
2023,8,WR,00-0036620,Dee Eskridge,-0.5,0.425,3.009,3.47,-0.01,2.602,11.187,0.925,3.97,3.509,-3.045,-2.584
2023,8,WR,00-0036626,Dyami Brown,0.0,2.3,3.008,3.957,-0.012,2.764,11.879,2.3,3.957,3.008,-1.657,-0.708
2023,8,WR,00-0036635,Ihmir Smith-Marsette,0.0,0.0,-0.303,0.358,-0.186,0.501,4.608,0.0,0.358,0.303,-0.358,-0.303
2023,8,WR,00-0036646,Simi Fehoko,7.9,1.35,3.024,3.771,-0.012,2.269,10.878,6.55,4.129,4.876,2.421,1.674
2023,8,WR,00-0036841,Austin Trammell,0.0,0.0,-0.315,0.372,-0.186,0.249,4.552,0.0,0.372,0.315,-0.372,-0.315
2023,8,WR,00-0036849,Tutu Atwell,6.9,7.6,8.322,8.442,1.608,6.997,17.958,0.7,1.542,1.422,-0.842,-0.722
2023,8,WR,00-0036862,Ben Skowronek,9.0,1.1,2.972,3.611,-0.035,2.439,11.391,7.9,5.389,6.028,2.511,1.872
2023,8,WR,00-0036900,Ja'Marr Chase,25.2,26.65,16.612,13.88,6.832,15.941,26.925,1.45,11.32,8.588,-9.87,-7.138
2023,8,WR,00-0036912,DeVonta Smith,22.9,8.675,11.506,12.547,2.46,10.094,19.53,14.225,10.353,11.394,3.872,2.831
2023,8,WR,00-0036913,Kadarius Toney,1.1,5.9,6.634,6.574,0.752,4.441,14.58,4.8,5.474,5.534,-0.674,-0.734
2023,8,WR,00-0036936,Rondale Moore,4.1,5.45,8.023,7.845,1.048,6.125,17.806,1.35,3.745,3.923,-2.395,-2.573
2023,8,WR,00-0036955,Terrace Marshall Jr.,1.9,6.85,7.861,7.279,1.513,5.904,15.822,4.95,5.379,5.961,-0.429,-1.011
2023,8,WR,00-0036963,Amon-Ra St. Brown,16.8,22.45,18.388,18.223,7.008,16.245,27.952,5.65,1.423,1.588,4.227,4.062
2023,8,WR,00-0036980,Elijah Moore,5.0,7.6,9.683,9.31,1.818,7.775,20.907,2.6,4.31,4.683,-1.71,-2.083
2023,8,WR,00-0036988,Josh Palmer,5.4,13.4,13.624,14.188,3.336,11.618,23.394,8.0,8.788,8.224,-0.788,-0.224
2023,8,WR,00-0037132,Britain Covey,0.0,0.0,-0.051,0.486,-0.186,0.237,4.552,0.0,0.486,0.051,-0.486,-0.051
2023,8,WR,00-0037238,Drake London,10.5,14.845,12.002,11.243,3.218,9.972,21.686,4.345,0.743,1.502,3.602,2.843
2023,8,WR,00-0037239,Chris Olave,9.6,9.975,12.269,12.475,3.752,11.339,22.959,0.375,2.875,2.669,-2.5,-2.294
2023,8,WR,00-0037240,Jameson Williams,3.6,3.875,4.447,4.544,0.037,4.251,12.687,0.275,0.944,0.847,-0.669,-0.572
2023,8,WR,00-0037247,George Pickens,9.2,14.825,13.968,13.775,3.494,10.898,23.938,5.625,4.575,4.768,1.05,0.857
2023,8,WR,00-0037261,Khalil Shakir,15.2,2.975,4.581,4.891,-0.014,3.304,13.734,12.225,10.309,10.619,1.916,1.606
2023,8,WR,00-0037273,Kyle Philips,5.4,0.825,2.713,3.287,-0.028,3.016,12.052,4.575,2.113,2.687,2.462,1.888
2023,8,WR,00-0037487,Deven Thompkins,0.0,5.725,2.466,0.483,-0.176,-0.002,2.676,5.725,0.483,2.466,5.242,3.259
2023,8,WR,00-0037545,Rashid Shaheed,24.3,9.15,8.265,9.112,1.347,7.068,18.068,15.15,15.188,16.035,-0.038,-0.885
2023,8,WR,00-0037664,Alec Pierce,7.1,5.15,7.873,7.657,1.233,5.804,16.085,1.95,0.557,0.773,1.393,1.177
2023,8,WR,00-0037666,Jalen Tolbert,0.0,3.525,5.297,5.318,0.003,3.482,13.553,3.525,5.318,5.297,-1.793,-1.772
2023,8,WR,00-0037740,Garrett Wilson,17.6,12.55,13.267,12.387,4.463,10.738,22.974,5.05,5.213,4.333,-0.163,0.717
2023,8,WR,00-0037741,Jahan Dotson,24.8,7.0,8.007,8.423,1.212,6.747,17.778,17.8,16.377,16.793,1.423,1.007
2023,8,WR,00-0037742,Treylon Burks,0.0,5.675,8.182,8.407,0.572,7.213,18.056,5.675,8.407,8.182,-2.732,-2.507
2023,8,WR,00-0037745,Velus Jones Jr.,1.4,1.25,2.696,3.911,-0.045,2.094,10.799,0.15,2.511,1.296,-2.361,-1.146
2023,8,WR,00-0037801,KaVontae Turpin,2.3,3.925,3.255,2.954,-0.057,2.638,10.945,1.625,0.654,0.955,0.971,0.67
2023,8,WR,00-0037816,Romeo Doubs,11.8,12.3,11.533,12.131,2.475,10.56,22.697,0.5,0.331,0.267,0.169,0.233
2023,8,WR,00-0037837,Calvin Austin III,4.9,5.3,5.716,6.185,0.04,4.275,14.367,0.4,1.285,0.816,-0.885,-0.416
2023,8,WR,00-0038090,Skyy Moore,1.8,3.175,5.976,6.386,0.04,4.563,14.036,1.375,4.586,4.176,-3.211,-2.801
2023,8,WR,00-0038117,Wan'Dale Robinson,1.7,8.5,7.354,6.709,1.441,6.593,16.19,6.8,5.009,5.654,1.791,1.146
2023,8,WR,00-0038124,Christian Watson,6.3,11.1,9.785,10.492,2.186,8.785,19.75,4.8,4.192,3.485,0.608,1.315
2023,8,WR,00-0038393,Dontayvion Wicks,4.8,3.465,4.486,4.402,-0.062,3.357,13.289,1.335,0.398,0.314,0.937,1.021
2023,8,WR,00-0038496,Xavier Gipson,0.3,1.125,1.968,2.641,-0.045,2.644,10.886,0.825,2.341,1.668,-1.516,-0.843
2023,8,WR,00-0038543,Jaxon Smith-Njigba,12.6,7.65,8.227,7.843,1.752,6.694,16.618,4.95,4.757,4.373,0.193,0.577
2023,8,WR,00-0038544,Quentin Johnston,10.0,2.2,5.472,5.432,0.024,3.756,13.518,7.8,4.568,4.528,3.232,3.272
2023,8,WR,00-0038559,Michael Wilson,9.8,11.05,7.811,7.539,1.089,6.969,14.788,1.25,2.261,1.989,-1.011,-0.739
2023,8,WR,00-0038573,Derius Davis,2.4,3.35,3.999,4.354,-0.003,2.314,12.439,0.95,1.954,1.599,-1.004,-0.649
2023,8,WR,00-0038619,Andrei Iosivas,7.2,3.067,3.076,3.808,-0.02,2.558,10.778,4.133,3.392,4.124,0.741,0.009
2023,8,WR,00-0038621,DeMario Douglas,7.9,6.075,7.034,7.426,0.106,5.323,16.188,1.825,0.474,0.866,1.351,0.959
2023,8,WR,00-0038752,Jake Bobo,10.6,7.475,5.314,5.495,0.208,4.483,13.379,3.125,5.105,5.286,-1.98,-2.161
2023,8,WR,00-0038821,Rakim Jarrett,1.9,0.75,2.796,3.728,-0.024,2.457,11.177,1.15,1.828,0.896,-0.678,0.254
2023,8,WR,00-0038941,Tyler Scott,2.1,3.0,5.743,5.257,0.03,3.758,12.587,0.9,3.157,3.643,-2.257,-2.743
2023,8,WR,00-0038976,Marvin Mims Jr.,1.0,1.75,3.553,3.861,-0.047,2.78,12.034,0.75,2.861,2.553,-2.111,-1.803
2023,8,WR,00-0038977,Tank Dell,6.1,14.475,10.89,10.974,1.664,8.15,19.528,8.375,4.874,4.79,3.501,3.585
2023,8,WR,00-0038994,Jordan Addison,21.4,15.375,11.215,11.303,2.942,9.897,20.607,6.025,10.097,10.185,-4.072,-4.16
2023,8,WR,00-0038997,Josh Downs,14.2,14.425,12.533,12.642,3.008,9.869,20.996,0.225,1.558,1.667,-1.333,-1.442
2023,8,WR,00-0039052,Trey Palmer,5.2,4.65,5.528,6.285,0.122,4.346,13.872,0.55,1.085,0.328,-0.535,0.222
2023,8,WR,00-0039062,Jonathan Mingo,10.2,6.15,8.059,8.463,1.512,8.457,17.946,4.05,1.737,2.141,2.313,1.909
2023,8,WR,00-0039064,Zay Flowers,6.9,12.225,13.999,14.867,3.741,12.446,24.26,5.325,7.967,7.099,-2.642,-1.774
2023,8,WR,00-0039067,Rashee Rice,9.6,11.925,8.87,8.21,1.599,6.942,19.883,2.325,1.39,0.73,0.935,1.595
2023,8,WR,00-0039075,Puka Nacua,7.3,20.35,16.313,17.409,4.683,13.251,24.76,13.05,10.109,9.013,2.941,4.037
2023,8,WR,00-0039146,Jayden Reed,12.3,8.15,7.915,7.357,1.05,5.968,16.732,4.15,4.943,4.385,-0.793,-0.235
2023,9,RB,00-0030513,Latavius Murray,2.0,3.275,7.964,8.654,1.234,6.785,15.862,1.275,6.654,5.964,-5.379,-4.689
2023,9,RB,00-0030578,Cordarrelle Patterson,1.3,2.4,4.933,5.35,0.514,3.939,13.754,1.1,4.05,3.633,-2.95,-2.533
2023,9,RB,00-0031376,Jerick McKinnon,10.4,3.975,5.634,5.674,0.792,3.97,13.836,6.425,4.726,4.766,1.699,1.659
2023,9,RB,00-0031687,Raheem Mostert,14.5,16.675,12.533,12.543,3.572,10.759,23.066,2.175,1.957,1.967,0.218,0.208
2023,9,RB,00-0032104,Ameer Abdullah,4.5,2.2,3.142,2.843,0.074,2.392,8.85,2.3,1.657,1.358,0.643,0.942
2023,9,RB,00-0032764,Derrick Henry,19.2,17.27,8.448,10.371,3.028,10.046,20.873,1.93,8.829,10.752,-6.899,-8.822
2023,9,RB,00-0033045,Ezekiel Elliott,6.2,8.1,7.676,8.156,1.056,6.741,19.038,1.9,1.956,1.476,-0.056,0.424
2023,9,RB,00-0033293,Aaron Jones,17.9,11.6,8.005,8.407,1.744,7.77,19.193,6.3,9.493,9.895,-3.193,-3.595
2023,9,RB,00-0033296,Alex Armah,0.0,0.25,0.118,0.998,-0.192,-0.07,2.768,0.25,0.998,0.118,-0.748,0.132
2023,9,RB,00-0033308,Matt Breida,2.1,2.325,4.46,4.634,0.234,3.434,13.771,0.225,2.534,2.36,-2.309,-2.135
2023,9,RB,00-0033699,Austin Ekeler,21.0,16.375,14.041,13.806,3.869,11.906,25.9,4.625,7.194,6.959,-2.569,-2.334
2023,9,RB,00-0033854,Dare Ogunbowale,0.0,4.125,1.095,1.614,-0.182,-0.052,2.89,4.125,1.614,1.095,2.511,3.03
2023,9,RB,00-0033893,Dalvin Cook,1.8,2.0,4.088,4.615,0.156,2.794,13.281,0.2,2.815,2.288,-2.615,-2.088
2023,9,RB,00-0033897,Joe Mixon,17.8,12.8,14.125,13.616,4.514,12.438,24.85,5.0,4.184,3.675,0.816,1.325
2023,9,RB,00-0033906,Alvin Kamara,11.0,23.1,19.044,18.975,6.658,14.596,27.428,12.1,7.975,8.044,4.125,4.056
2023,9,RB,00-0033923,Kareem Hunt,9.8,11.525,8.7,8.262,1.243,6.174,19.157,1.725,1.538,1.1,0.187,0.625
2023,9,RB,00-0033925,D'Onta Foreman,8.3,12.425,9.695,8.738,1.895,8.277,19.287,4.125,0.438,1.395,3.687,2.73
2023,9,RB,00-0033948,Jamaal Williams,3.2,4.075,6.081,6.235,0.447,4.457,14.906,0.875,3.035,2.881,-2.16,-2.006
2023,9,RB,00-0034115,Jeff Wilson,6.8,6.775,8.138,7.649,1.469,6.666,18.298,0.025,0.849,1.338,-0.824,-1.313
2023,9,RB,00-0034184,Gus Edwards,17.2,15.475,13.427,14.958,4.44,10.416,23.939,1.725,2.242,3.773,-0.517,-2.048
2023,9,RB,00-0034208,Mike Boone,0.3,1.025,2.952,3.561,0.072,2.019,9.825,0.725,3.261,2.652,-2.536,-1.927
2023,9,RB,00-0034433,Nick Bawden,1.7,2.6,2.459,2.745,-0.025,1.77,11.114,0.9,1.045,0.759,-0.145,0.141
2023,9,RB,00-0034614,Godwin Igwebuike,0.0,0.425,-0.722,-0.287,-0.192,-0.06,2.768,0.425,0.287,0.722,0.138,-0.297
2023,9,RB,00-0034681,Chase Edmonds,0.4,2.65,3.777,4.17,0.18,3.075,13.007,2.25,3.77,3.377,-1.52,-1.127
2023,9,RB,00-0034750,Rashaad Penny,0.8,11.1,8.57,9.293,1.596,6.321,20.937,10.3,8.493,7.77,1.807,2.53
2023,9,RB,00-0034838,Royce Freeman,3.2,4.25,6.248,6.02,0.825,5.969,16.076,1.05,2.82,3.048,-1.77,-1.998
2023,9,RB,00-0034844,Saquon Barkley,14.3,18.9,17.564,17.842,7.806,15.728,29.357,4.6,3.542,3.264,1.058,1.336
2023,9,RB,00-0034972,Alexander Mattison,17.3,8.575,10.533,10.754,2.143,10.053,21.618,8.725,6.546,6.767,2.179,1.958
2023,9,RB,00-0034975,Justice Hill,4.0,8.575,9.322,9.836,1.315,7.394,20.174,4.575,5.836,5.322,-1.261,-0.747
2023,9,RB,00-0035243,Miles Sanders,9.1,6.15,7.898,7.817,1.098,6.492,17.385,2.95,1.283,1.202,1.667,1.748
2023,9,RB,00-0035250,Devin Singletary,4.6,5.585,6.626,7.601,1.019,5.906,17.091,0.985,3.001,2.026,-2.016,-1.041
2023,9,RB,00-0035261,Tony Pollard,9.3,10.225,14.052,15.879,4.388,11.367,24.075,0.925,6.579,4.752,-5.654,-3.827
2023,9,RB,00-0035291,Trayveon Williams,1.3,0.95,3.601,3.737,0.069,2.315,9.936,0.35,2.437,2.301,-2.087,-1.951
2023,9,RB,00-0035537,Ty Johnson,0.0,2.975,0.601,-0.207,-0.189,-0.036,2.768,2.975,0.207,0.601,2.768,2.374
2023,9,RB,00-0035664,Darrell Henderson,5.5,9.05,8.218,8.385,1.442,7.129,18.706,3.55,2.885,2.718,0.665,0.832
2023,9,RB,00-0035700,Josh Jacobs,21.8,13.275,15.758,15.731,5.671,13.738,23.598,8.525,6.069,6.042,2.456,2.483
2023,9,RB,00-0035860,Tony Jones,2.7,6.575,6.471,6.363,1.14,5.9,16.405,3.875,3.663,3.771,0.212,0.104
2023,9,RB,00-0036020,Salvon Ahmed,3.2,6.625,6.692,6.247,0.829,5.793,15.79,3.425,3.047,3.492,0.378,-0.067
2023,9,RB,00-0036139,Rico Dowdle,0.8,2.475,5.073,5.718,0.531,4.165,13.636,1.675,4.918,4.273,-3.243,-2.598
2023,9,RB,00-0036223,Jonathan Taylor,17.9,11.9,11.853,11.195,2.24,9.279,20.382,6.0,6.705,6.047,-0.705,-0.047
2023,9,RB,00-0036251,Zack Moss,2.6,18.25,11.794,11.654,4.47,10.448,23.899,15.65,9.054,9.194,6.596,6.456
2023,9,RB,00-0036265,AJ Dillon,5.3,9.1,10.064,10.326,2.912,8.537,20.644,3.8,5.026,4.764,-1.226,-0.964
2023,9,RB,00-0036269,La'Mical Perine,0.1,4.45,5.178,5.322,0.286,3.255,13.301,4.35,5.222,5.078,-0.872,-0.728
2023,9,RB,00-0036275,D'Andre Swift,9.4,14.875,14.37,14.655,4.44,12.036,26.232,5.475,5.255,4.97,0.22,0.505
2023,9,RB,00-0036297,Darrynton Evans,4.1,6.175,6.951,7.507,0.681,5.911,15.7,2.075,3.407,2.851,-1.332,-0.776
2023,9,RB,00-0036328,Antonio Gibson,12.6,8.325,7.707,8.398,1.427,6.185,14.109,4.275,4.202,4.893,0.073,-0.618
2023,9,RB,00-0036370,Joshua Kelley,3.2,5.875,5.506,6.477,0.74,4.69,15.267,2.675,3.277,2.306,-0.602,0.369
2023,9,RB,00-0036414,Cam Akers,6.8,5.975,5.666,5.729,0.613,4.498,14.711,0.825,1.071,1.134,-0.246,-0.309
2023,9,RB,00-0036425,DeeJay Dallas,0.0,0.475,-0.177,0.298,-0.192,-0.086,2.768,0.475,0.298,0.177,0.177,0.298
2023,9,RB,00-0036450,Ke'Shawn Vaughn,1.8,1.15,4.043,4.543,0.261,3.109,13.719,0.65,2.743,2.243,-2.093,-1.593
2023,9,RB,00-0036493,Deon Jackson,0.2,6.425,7.113,6.324,0.608,6.373,15.304,6.225,6.124,6.913,0.101,-0.688
2023,9,RB,00-0036555,Chuba Hubbard,10.7,8.8,11.384,12.581,3.39,9.88,21.652,1.9,1.881,0.684,0.019,1.216
2023,9,RB,00-0036857,Chris Evans,0.0,2.475,0.16,0.039,-0.189,-0.056,3.024,2.475,0.039,0.16,2.436,2.315
2023,9,RB,00-0036875,Rhamondre Stevenson,22.9,10.475,12.306,12.304,3.355,9.62,23.417,12.425,10.596,10.594,1.829,1.831
2023,9,RB,00-0036893,Najee Harris,15.6,10.65,10.148,9.597,2.502,8.624,20.114,4.95,6.003,5.452,-1.053,-0.502
2023,9,RB,00-0036919,Kenny Gainwell,9.3,4.825,5.93,6.26,0.986,5.344,15.748,4.475,3.04,3.37,1.435,1.105
2023,9,RB,00-0036924,Michael Carter,8.4,2.5,4.918,5.63,0.514,3.758,12.918,5.9,2.77,3.482,3.13,2.418
2023,9,RB,00-0037197,Isiah Pacheco,6.6,12.975,12.289,11.575,3.578,9.641,24.138,6.375,4.975,5.689,1.4,0.686
2023,9,RB,00-0037228,Jaylen Warren,14.3,10.075,9.526,9.136,1.75,7.471,19.72,4.225,5.164,4.774,-0.939,-0.549
2023,9,RB,00-0037248,James Cook,7.9,9.925,11.928,12.038,3.307,9.423,20.842,2.025,4.138,4.028,-2.113,-2.003
2023,9,RB,00-0037256,Rachaad White,27.9,12.85,12.899,13.631,4.411,12.193,22.705,15.05,14.269,15.001,0.781,0.049
2023,9,RB,00-0037263,Tyler Allgeier,11.0,7.1,7.639,7.727,1.936,6.455,18.299,3.9,3.273,3.361,0.627,0.539
2023,9,RB,00-0037267,Jerome Ford,12.7,10.725,10.863,10.674,2.089,8.917,21.131,1.975,2.026,1.837,-0.051,0.138
2023,9,RB,00-0037299,Keaontay Ingram,0.8,3.35,4.701,5.654,0.547,4.255,14.759,2.55,4.854,3.901,-2.304,-1.351
2023,9,RB,00-0037429,Raheem Blackshear,1.5,2.325,4.106,4.151,0.169,2.897,12.227,0.825,2.651,2.606,-1.826,-1.781
2023,9,RB,00-0037746,Brian Robinson,11.7,10.025,9.307,9.298,1.53,7.89,19.875,1.675,2.402,2.393,-0.727,-0.718
2023,9,RB,00-0038040,Zamir White,-0.2,2.6,4.165,4.624,0.232,3.289,12.281,2.8,4.824,4.365,-2.024,-1.565
2023,9,RB,00-0038098,Pierre Strong,1.2,4.15,5.97,6.347,0.353,4.206,15.101,2.95,5.147,4.77,-2.197,-1.82
2023,9,RB,00-0038120,Breece Hall,10.0,19.975,14.161,12.993,3.728,12.867,23.968,9.975,2.993,4.161,6.982,5.814
2023,9,RB,00-0038134,Kenneth Walker III,2.7,13.225,13.038,12.028,4.454,12.191,23.41,10.525,9.328,10.338,1.197,0.187
2023,9,RB,00-0038454,Keaton Mitchell,20.4,1.9,2.594,2.628,0.028,2.083,8.797,18.5,17.772,17.806,0.728,0.694
2023,9,RB,00-0038542,Bijan Robinson,5.9,9.325,10.109,9.953,2.223,8.723,20.727,3.425,4.053,4.209,-0.628,-0.784
2023,9,RB,00-0038551,Kendre Miller,4.1,4.975,5.34,4.992,0.364,3.547,14.094,0.875,0.892,1.24,-0.017,-0.365
2023,9,RB,00-0038611,Chris Rodriguez Jr.,0.0,2.033,0.412,0.147,-0.189,-0.011,2.847,2.033,0.147,0.412,1.886,1.621
2023,9,RB,00-0038738,Hunter Luepke,0.0,2.575,2.618,2.445,0.11,2.17,9.722,2.575,2.445,2.618,0.13,-0.043
2023,9,RB,00-0038797,Emanuel Wilson,4.3,2.467,3.567,4.129,0.144,2.953,11.88,1.833,0.171,0.733,1.662,1.1
2023,9,RB,00-0039021,Roschon Johnson,2.5,4.35,5.052,5.912,0.278,4.383,14.212,1.85,3.412,2.552,-1.562,-0.702
2023,9,RB,00-0039032,Tyjae Spears,6.2,9.9,8.804,8.562,2.298,7.847,17.144,3.7,2.362,2.604,1.338,1.096
2023,9,RB,00-0039165,Zach Charbonnet,2.3,5.7,6.842,7.794,1.125,5.972,16.805,3.4,5.494,4.542,-2.094,-1.142
2023,9,WR,00-0030035,Adam Thielen,7.9,21.65,21.417,24.004,5.975,15.451,27.048,13.75,16.104,13.517,-2.354,0.233
2023,9,WR,00-0030068,Marquise Goodwin,0.0,1.8,2.963,3.224,-0.054,2.411,11.027,1.8,3.224,2.963,-1.424,-1.163
2023,9,WR,00-0030279,Keenan Allen,15.7,14.525,15.686,15.598,4.706,13.36,25.102,1.175,0.102,0.014,1.073,1.161
2023,9,WR,00-0030564,DeAndre Hopkins,10.5,17.525,12.489,12.027,2.337,10.309,21.123,7.025,1.527,1.989,5.498,5.036
2023,9,WR,00-0031235,Odell Beckham Jr.,14.6,4.65,7.688,7.2,0.44,5.515,16.116,9.95,7.4,6.912,2.55,3.038
2023,9,WR,00-0031236,Brandin Cooks,1.7,9.55,9.343,9.948,1.031,6.742,18.619,7.85,8.248,7.643,-0.398,0.207
2023,9,WR,00-0031381,Davante Adams,7.4,7.05,10.355,10.68,2.77,10.201,21.76,0.35,3.28,2.955,-2.93,-2.605
2023,9,WR,00-0031408,Mike Evans,12.7,12.25,10.397,9.847,2.025,8.723,21.023,0.45,2.853,2.303,-2.403,-1.853
2023,9,WR,00-0031428,Allen Robinson,2.0,2.85,5.64,5.832,0.807,5.065,15.181,0.85,3.832,3.64,-2.982,-2.79
2023,9,WR,00-0031544,Amari Cooper,24.9,9.125,13.384,13.979,3.999,12.617,22.893,15.775,10.921,11.516,4.854,4.259
2023,9,WR,00-0031549,Nelson Agholor,1.2,6.15,6.07,6.368,0.033,4.487,13.404,4.95,5.168,4.87,-0.218,0.08
2023,9,WR,00-0031588,Stefon Diggs,22.6,19.475,18.441,17.996,6.995,14.673,26.981,3.125,4.604,4.159,-1.479,-1.034
2023,9,WR,00-0031763,DeAndre Carter,2.5,0.075,2.299,3.485,-0.05,1.877,10.85,2.425,0.985,0.201,1.44,2.224
2023,9,WR,00-0031868,Damiere Byrd,0.0,1.425,3.58,4.137,-0.03,3.189,12.371,1.425,4.137,3.58,-2.712,-2.155
2023,9,WR,00-0031941,Jamison Crowder,6.3,6.65,4.113,4.95,0.247,4.43,12.57,0.35,1.35,2.187,-1.0,-1.837
2023,9,WR,00-0032200,Ty Montgomery,0.0,0.85,0.077,0.098,-0.19,-0.058,2.701,0.85,0.098,0.077,0.752,0.773
2023,9,WR,00-0032211,Tyler Lockett,6.2,13.675,12.165,12.274,2.779,10.741,22.513,7.475,6.074,5.965,1.401,1.51
2023,9,WR,00-0032398,Chris Moore,3.9,4.75,4.244,5.041,0.041,4.321,13.177,0.85,1.141,0.344,-0.291,0.506
2023,9,WR,00-0032765,Michael Thomas,0.0,11.0,11.412,12.174,2.402,10.62,21.239,11.0,12.174,11.412,-1.174,-0.412
2023,9,WR,00-0032775,Demarcus Robinson,2.5,5.2,5.6,5.343,0.748,4.563,14.164,2.7,2.843,3.1,-0.143,-0.4
2023,9,WR,00-0033009,Tyler Boyd,8.6,11.725,11.855,12.264,2.854,9.1,20.179,3.125,3.664,3.255,-0.539,-0.13
2023,9,WR,00-0033040,Tyreek Hill,12.5,27.85,14.653,12.737,6.758,12.628,27.438,15.35,0.237,2.153,15.113,13.197
2023,9,WR,00-0033251,Zach Pascal,0.0,1.0,2.036,3.105,-0.054,2.296,10.643,1.0,3.105,2.036,-2.105,-1.036
2023,9,WR,00-0033292,Trent Taylor,0.0,-0.05,-0.23,0.241,-0.19,0.044,3.827,0.05,0.241,0.23,-0.191,-0.18
2023,9,WR,00-0033466,Isaiah McKenzie,3.2,1.35,3.424,3.878,-0.048,2.177,11.311,1.85,0.678,0.224,1.172,1.626
2023,9,WR,00-0033555,Mack Hollins,6.6,4.175,4.139,4.629,0.007,3.17,12.636,2.425,1.971,2.461,0.454,-0.036
2023,9,WR,00-0033591,Noah Brown,27.3,5.325,7.766,7.155,0.255,5.255,17.574,21.975,20.145,19.534,1.83,2.441
2023,9,WR,00-0033857,JuJu Smith-Schuster,11.1,3.7,5.269,5.528,0.174,4.56,13.216,7.4,5.572,5.831,1.828,1.569
2023,9,WR,00-0033908,Cooper Kupp,6.8,15.15,14.303,16.345,4.219,11.13,21.613,8.35,9.545,7.503,-1.195,0.847
2023,9,WR,00-0033921,Chris Godwin Jr.,3.6,15.875,12.373,11.965,3.411,10.384,21.994,12.275,8.365,8.773,3.91,3.502
2023,9,WR,00-0034272,Marquez Valdes-Scantling,4.2,5.575,6.494,6.803,0.176,4.66,14.774,1.375,2.603,2.294,-1.228,-0.919
2023,9,WR,00-0034297,Byron Pringle,8.5,1.775,2.666,3.29,-0.054,2.297,10.912,6.725,5.21,5.834,1.515,0.891
2023,9,WR,00-0034386,Justin Watson,3.5,3.825,5.482,5.394,0.009,4.052,12.837,0.325,1.894,1.982,-1.569,-1.657
2023,9,WR,00-0034418,Cedrick Wilson Jr.,10.1,6.425,5.647,5.844,0.047,4.629,14.061,3.675,4.256,4.453,-0.581,-0.778
2023,9,WR,00-0034419,Braxton Berrios,0.0,2.95,2.943,0.372,-0.162,0.004,2.701,2.95,0.372,2.943,2.578,0.007
2023,9,WR,00-0034487,Trent Sherfield,1.9,0.7,3.327,3.809,-0.011,2.814,11.478,1.2,1.909,1.427,-0.709,-0.227
2023,9,WR,00-0034521,Allen Lazard,3.8,7.675,7.535,7.462,1.212,6.192,16.903,3.875,3.662,3.735,0.213,0.14
2023,9,WR,00-0034646,Brandon Powell,9.5,6.8,7.116,7.488,0.351,5.143,15.336,2.7,2.012,2.384,0.688,0.316
2023,9,WR,00-0034764,Michael Gallup,3.9,5.975,8.393,7.791,1.049,6.625,18.503,2.075,3.891,4.493,-1.816,-2.418
2023,9,WR,00-0034777,DJ Chark,8.9,6.975,9.025,8.742,1.478,6.937,18.592,1.925,0.158,0.125,1.767,1.8
2023,9,WR,00-0034827,DJ Moore,5.4,20.5,13.159,11.296,3.622,9.856,20.522,15.1,5.896,7.759,9.204,7.341
2023,9,WR,00-0034854,KhaDarel Hodge,9.0,3.875,4.107,4.572,0.002,2.952,12.771,5.125,4.428,4.893,0.697,0.232
2023,9,WR,00-0034960,Jakobi Meyers,13.5,14.625,11.497,12.198,2.688,10.521,21.988,1.125,1.302,2.003,-0.177,-0.878
2023,9,WR,00-0034983,Hunter Renfrow,5.2,2.25,4.172,4.679,0.011,3.552,13.304,2.95,0.521,1.028,2.429,1.922
2023,9,WR,00-0035140,Mecole Hardman,4.0,1.7,5.32,4.624,-0.01,2.931,12.479,2.3,0.624,1.32,1.676,0.98
2023,9,WR,00-0035208,Olamide Zaccheaus,1.8,1.275,5.625,5.657,0.125,4.0,13.194,0.525,3.857,3.825,-3.332,-3.3
2023,9,WR,00-0035215,Deonte Harty,0.0,4.375,3.894,3.815,-0.047,2.586,11.694,4.375,3.815,3.894,0.56,0.481
2023,9,WR,00-0035216,Diontae Johnson,22.0,11.25,12.174,12.536,2.684,10.195,23.162,10.75,9.464,9.826,1.286,0.924
2023,9,WR,00-0035341,Trenton Irwin,0.0,5.275,3.186,0.293,-0.186,0.044,2.701,5.275,0.293,3.186,4.982,2.089
2023,9,WR,00-0035399,Stanley Morgan,0.0,0.0,0.398,0.502,-0.185,0.553,4.705,0.0,0.502,0.398,-0.502,-0.398
2023,9,WR,00-0035414,Jalen Guyton,0.0,5.675,4.949,5.268,0.312,4.638,13.372,5.675,5.268,4.949,0.407,0.726
2023,9,WR,00-0035480,Malik Taylor,1.7,0.0,2.071,3.511,-0.025,2.197,10.912,1.7,1.811,0.371,-0.111,1.329
2023,9,WR,00-0035500,Greg Dortch,1.2,0.0,1.359,4.954,0.177,3.754,12.213,1.2,3.754,0.159,-2.554,1.041
2023,9,WR,00-0035535,Darius Slayton,9.9,5.125,7.235,6.887,1.374,6.003,16.977,4.775,3.013,2.665,1.762,2.11
2023,9,WR,00-0035639,Parris Campbell,3.5,2.2,3.549,4.161,0.437,3.961,12.592,1.3,0.661,0.049,0.639,1.251
2023,9,WR,00-0035640,DK Metcalf,6.0,13.05,11.752,11.383,2.691,10.867,24.057,7.05,5.383,5.752,1.667,1.298
2023,9,WR,00-0035645,Gunner Olszewski,0.0,-0.15,-0.659,0.187,-0.19,0.047,3.871,0.15,0.187,0.659,-0.037,-0.509
2023,9,WR,00-0035659,Terry McLaurin,12.3,13.825,12.771,12.423,3.377,10.634,22.039,1.525,0.123,0.471,1.402,1.054
2023,9,WR,00-0035662,Marquise Brown,6.4,11.675,10.568,9.851,2.798,9.199,19.795,5.275,3.451,4.168,1.824,1.107
2023,9,WR,00-0035676,A.J. Brown,19.6,25.375,17.57,15.63,6.184,14.32,26.584,5.775,3.97,2.03,1.805,3.745
2023,9,WR,00-0035703,Miles Boykin,1.6,0.375,1.563,2.478,-0.061,2.1,10.326,1.225,0.878,0.037,0.347,1.188
2023,9,WR,00-0035934,Trishton Jackson,3.2,1.7,2.766,2.898,-0.061,2.319,9.769,1.5,0.302,0.434,1.198,1.066
2023,9,WR,00-0036133,James Proche,0.0,0.0,0.481,0.093,-0.19,-0.058,2.747,0.0,0.093,0.481,-0.093,-0.481
2023,9,WR,00-0036165,Isaiah Hodgins,0.0,3.15,4.978,4.956,0.069,3.767,14.078,3.15,4.956,4.978,-1.806,-1.828
2023,9,WR,00-0036182,Nick Westbrook-Ikhine,3.3,8.45,6.497,6.24,0.391,5.718,16.39,5.15,2.94,3.197,2.21,1.953
2023,9,WR,00-0036196,Gabe Davis,0.0,12.6,12.06,12.12,2.449,10.583,21.806,12.6,12.12,12.06,0.48,0.54
2023,9,WR,00-0036252,Michael Pittman,14.4,16.1,14.3,15.955,5.477,12.011,25.248,1.7,1.555,0.1,0.145,1.6
2023,9,WR,00-0036309,Darnell Mooney,13.2,4.9,7.884,7.78,0.653,6.415,17.371,8.3,5.42,5.316,2.88,2.984
2023,9,WR,00-0036326,Chase Claypool,0.0,4.4,2.437,0.4,-0.19,-0.002,2.701,4.4,0.4,2.437,4.0,1.963
2023,9,WR,00-0036331,Devin Duvernay,3.0,0.0,2.555,3.776,-0.041,2.417,11.252,3.0,0.776,0.445,2.224,2.555
2023,9,WR,00-0036345,K.J. Osborn,3.7,11.575,10.543,10.629,2.424,9.623,19.872,7.875,6.929,6.843,0.946,1.032
2023,9,WR,00-0036358,CeeDee Lamb,28.1,20.85,14.734,14.528,3.71,12.356,25.861,7.25,13.572,13.366,-6.322,-6.116
2023,9,WR,00-0036387,Jalen Reagor,2.1,1.575,3.963,4.74,0.01,3.585,12.176,0.525,2.64,1.863,-2.115,-1.338
2023,9,WR,00-0036410,Tee Higgins,19.0,5.975,10.174,9.609,1.412,7.896,19.033,13.025,9.391,8.826,3.634,4.199
2023,9,WR,00-0036415,Van Jefferson,2.4,2.95,4.432,4.265,0.043,3.657,12.396,0.55,1.865,2.032,-1.315,-1.482
2023,9,WR,00-0036527,DJ Turner,0.0,0.15,0.494,0.399,-0.19,0.094,3.629,0.15,0.399,0.494,-0.249,-0.344
2023,9,WR,00-0036550,Rashod Bateman,5.8,4.525,6.116,5.887,0.045,4.222,13.65,1.275,0.087,0.316,1.188,0.959
2023,9,WR,00-0036554,Nico Collins,14.4,15.425,11.315,11.525,1.946,10.155,21.084,1.025,2.875,3.085,-1.85,-2.06
2023,9,WR,00-0036613,Jaylen Waddle,8.4,17.5,13.654,12.412,3.798,11.265,25.846,9.1,4.012,5.254,5.088,3.846
2023,9,WR,00-0036620,Dee Eskridge,0.0,0.2,0.096,0.003,-0.19,-0.035,2.701,0.2,0.003,0.096,0.197,0.104
2023,9,WR,00-0036626,Dyami Brown,5.3,0.525,2.885,3.425,-0.052,2.509,11.046,4.775,1.875,2.415,2.9,2.36
2023,9,WR,00-0036630,Tylan Wallace,0.0,1.825,0.774,0.199,-0.19,-0.039,2.701,1.825,0.199,0.774,1.626,1.051
2023,9,WR,00-0036635,Ihmir Smith-Marsette,0.0,0.0,-0.104,0.502,-0.185,0.288,4.505,0.0,0.502,0.104,-0.502,-0.104
2023,9,WR,00-0036841,Austin Trammell,1.6,0.0,1.397,3.395,-0.009,2.332,10.45,1.6,1.795,0.203,-0.195,1.397
2023,9,WR,00-0036849,Tutu Atwell,5.3,7.475,7.38,7.746,1.281,5.947,16.177,2.175,2.446,2.08,-0.271,0.095
2023,9,WR,00-0036862,Ben Skowronek,-0.2,3.35,2.519,3.387,-0.052,2.402,11.508,3.55,3.587,2.719,-0.037,0.831
2023,9,WR,00-0036900,Ja'Marr Chase,8.1,26.425,21.851,22.049,8.065,17.399,28.301,18.325,13.949,13.751,4.376,4.574
2023,9,WR,00-0036912,DeVonta Smith,14.1,10.7,12.028,12.145,3.551,10.92,21.546,3.4,1.955,2.072,1.445,1.328
2023,9,WR,00-0036913,Kadarius Toney,2.8,5.125,6.366,6.11,0.183,3.755,13.53,2.325,3.31,3.566,-0.985,-1.241
2023,9,WR,00-0036936,Rondale Moore,1.8,6.475,6.638,6.81,1.108,5.659,16.351,4.675,5.01,4.838,-0.335,-0.163
2023,9,WR,00-0036955,Terrace Marshall Jr.,0.0,6.25,6.494,6.081,1.011,5.034,15.741,6.25,6.081,6.494,0.169,-0.244
2023,9,WR,00-0036980,Elijah Moore,3.4,5.9,9.927,10.034,2.577,8.179,19.707,2.5,6.634,6.527,-4.134,-4.027
2023,9,WR,00-0037132,Britain Covey,0.0,0.0,0.196,0.543,-0.185,0.033,4.567,0.0,0.543,0.196,-0.543,-0.196
2023,9,WR,00-0037239,Chris Olave,16.6,12.025,12.895,13.901,4.547,12.381,23.791,4.575,2.699,3.705,1.876,0.87
2023,9,WR,00-0037247,George Pickens,1.9,14.25,13.091,13.594,2.824,10.981,22.741,12.35,11.694,11.191,0.656,1.159
2023,9,WR,00-0037261,Khalil Shakir,9.7,6.775,7.168,7.657,0.737,5.359,14.981,2.925,2.043,2.532,0.882,0.393
2023,9,WR,00-0037273,Kyle Philips,10.8,2.175,3.243,3.623,-0.031,2.743,13.001,8.625,7.177,7.557,1.448,1.068
2023,9,WR,00-0037487,Deven Thompkins,0.0,5.075,1.157,0.057,-0.186,-0.026,2.701,5.075,0.057,1.157,5.018,3.918
2023,9,WR,00-0037545,Rashid Shaheed,5.2,13.65,8.998,9.274,1.566,7.391,19.71,8.45,4.074,3.798,4.376,4.652
2023,9,WR,00-0037614,John Metchie III,2.4,3.3,3.838,4.067,-0.017,2.719,11.965,0.9,1.667,1.438,-0.767,-0.538
2023,9,WR,00-0037664,Alec Pierce,0.0,5.725,8.23,8.37,1.358,6.198,17.261,5.725,8.37,8.23,-2.645,-2.505
2023,9,WR,00-0037666,Jalen Tolbert,13.9,3.525,4.745,5.334,0.033,3.856,13.49,10.375,8.566,9.155,1.809,1.22
2023,9,WR,00-0037740,Garrett Wilson,13.0,14.5,14.632,13.687,4.801,11.314,23.287,1.5,0.687,1.632,0.813,-0.132
2023,9,WR,00-0037741,Jahan Dotson,16.9,10.025,9.776,9.76,2.147,7.842,19.785,6.875,7.14,7.124,-0.265,-0.249
2023,9,WR,00-0037742,Treylon Burks,4.8,4.2,6.226,6.523,0.243,5.109,17.41,0.6,1.723,1.426,-1.123,-0.826
2023,9,WR,00-0037745,Velus Jones Jr.,0.0,1.6,2.668,3.749,-0.028,2.292,11.027,1.6,3.749,2.668,-2.149,-1.068
2023,9,WR,00-0037801,KaVontae Turpin,7.5,4.5,2.951,3.067,-0.052,2.65,11.126,3.0,4.433,4.549,-1.433,-1.549
2023,9,WR,00-0037816,Romeo Doubs,6.6,10.675,10.898,10.492,1.876,10.271,22.475,4.075,3.892,4.298,0.183,-0.223
2023,9,WR,00-0037837,Calvin Austin III,1.0,2.725,3.722,3.477,-0.056,2.562,11.865,1.725,2.477,2.722,-0.752,-0.997
2023,9,WR,00-0038090,Skyy Moore,5.3,3.15,5.455,5.505,0.036,4.3,13.8,2.15,0.205,0.155,1.945,1.995
2023,9,WR,00-0038104,Tyquan Thornton,1.7,5.025,4.228,3.383,-0.001,2.663,11.554,3.325,1.683,2.528,1.642,0.797
2023,9,WR,00-0038117,Wan'Dale Robinson,13.5,6.5,7.871,7.149,0.947,6.523,17.445,7.0,6.351,5.629,0.649,1.371
2023,9,WR,00-0038124,Christian Watson,4.7,8.525,9.998,9.95,2.145,8.598,19.823,3.825,5.25,5.298,-1.425,-1.473
2023,9,WR,00-0038393,Dontayvion Wicks,6.9,2.54,3.694,3.62,-0.006,2.684,11.384,4.36,3.28,3.206,1.08,1.154
2023,9,WR,00-0038465,Malik Heath,0.0,0.0,2.812,3.519,-0.054,2.509,10.947,0.0,3.519,2.812,-3.519,-2.812
2023,9,WR,00-0038496,Xavier Gipson,5.2,1.2,2.313,2.72,-0.054,2.185,7.97,4.0,2.48,2.887,1.52,1.113
2023,9,WR,00-0038543,Jaxon Smith-Njigba,12.3,10.3,8.82,9.064,1.749,6.956,18.173,2.0,3.236,3.48,-1.236,-1.48
2023,9,WR,00-0038544,Quentin Johnston,3.6,3.95,5.787,5.565,0.081,4.28,14.271,0.35,1.965,2.187,-1.615,-1.837
2023,9,WR,00-0038563,Tre Tucker,7.6,4.225,3.474,3.762,-0.022,2.864,10.962,3.375,3.838,4.126,-0.463,-0.751
2023,9,WR,00-0038573,Derius Davis,7.0,3.625,4.012,4.931,-0.01,2.434,12.055,3.375,2.069,2.988,1.306,0.387
2023,9,WR,00-0038618,Xavier Hutchinson,1.2,0.85,2.831,3.564,-0.054,2.276,11.108,0.35,2.364,1.631,-2.014,-1.281
2023,9,WR,00-0038619,Andrei Iosivas,1.9,4.1,3.728,3.777,-0.059,2.487,12.609,2.2,1.877,1.828,0.323,0.372
2023,9,WR,00-0038621,DeMario Douglas,10.5,7.3,7.823,7.858,0.624,5.596,17.077,3.2,2.642,2.677,0.558,0.523
2023,9,WR,00-0038821,Rakim Jarrett,0.0,1.225,0.509,0.156,-0.19,-0.029,2.701,1.225,0.156,0.509,1.069,0.716
2023,9,WR,00-0038938,Jalin Hyatt,3.9,7.125,5.896,5.899,0.055,5.238,14.782,3.225,1.999,1.996,1.226,1.229
2023,9,WR,00-0038941,Tyler Scott,-0.5,3.125,5.68,5.602,0.033,3.888,13.132,3.625,6.102,6.18,-2.477,-2.555
2023,9,WR,00-0038977,Tank Dell,29.6,10.95,10.294,9.932,1.73,7.697,19.718,18.65,19.668,19.306,-1.018,-0.656
2023,9,WR,00-0038979,Cedric Tillman,1.3,1.5,3.608,3.004,-0.015,2.707,8.78,0.2,1.704,2.308,-1.504,-2.108
2023,9,WR,00-0038994,Jordan Addison,10.2,20.725,11.552,11.217,2.372,10.362,21.295,10.525,1.017,1.352,9.508,9.173
2023,9,WR,00-0038997,Josh Downs,2.0,16.625,12.532,12.522,3.234,10.698,21.311,14.625,10.522,10.532,4.103,4.093
2023,9,WR,00-0039052,Trey Palmer,8.1,5.5,5.717,5.962,0.396,4.947,15.263,2.6,2.138,2.383,0.462,0.217
2023,9,WR,00-0039062,Jonathan Mingo,1.5,7.3,9.727,9.676,1.901,8.014,18.65,5.8,8.176,8.227,-2.376,-2.427
2023,9,WR,00-0039064,Zay Flowers,2.1,11.95,13.369,13.925,3.569,12.334,22.559,9.85,11.825,11.269,-1.975,-1.419
2023,9,WR,00-0039067,Rashee Rice,9.7,12.775,9.222,8.352,1.642,7.29,19.433,3.075,1.348,0.478,1.727,2.597
2023,9,WR,00-0039075,Puka Nacua,6.2,14.35,13.595,12.06,3.904,11.328,22.823,8.15,5.86,7.395,2.29,0.755
2023,9,WR,00-0039146,Jayden Reed,7.0,8.9,7.925,8.004,0.694,6.738,18.008,1.9,1.004,0.925,0.896,0.975
2023,10,RB,00-0030513,Latavius Murray,14.9,3.35,6.071,6.379,0.913,5.674,15.394,11.55,8.521,8.829,3.029,2.721
2023,10,RB,00-0030578,Cordarrelle Patterson,4.0,2.3,5.292,5.637,0.521,3.905,13.703,1.7,1.637,1.292,0.063,0.408
2023,10,RB,00-0032104,Ameer Abdullah,1.4,2.475,3.525,3.844,0.129,2.769,11.486,1.075,2.444,2.125,-1.369,-1.05
2023,10,RB,00-0032450,Dwayne Washington,0.0,0.925,-0.299,0.144,-0.194,-0.052,2.771,0.925,0.144,0.299,0.781,0.626
2023,10,RB,00-0032764,Derrick Henry,3.0,15.975,11.211,11.282,3.748,10.95,22.822,12.975,8.282,8.211,4.693,4.764
2023,10,RB,00-0033045,Ezekiel Elliott,10.8,7.7,7.959,8.239,1.249,6.077,17.962,3.1,2.561,2.841,0.539,0.259
2023,10,RB,00-0033280,Christian McCaffrey,20.2,20.1,17.506,19.027,6.885,17.708,28.268,0.1,1.173,2.694,-1.073,-2.594
2023,10,RB,00-0033293,Aaron Jones,9.4,9.4,10.407,10.553,2.319,9.149,22.299,0.0,1.153,1.007,-1.153,-1.007
2023,10,RB,00-0033296,Alex Armah,1.3,0.25,1.965,1.997,-0.04,1.06,8.522,1.05,0.697,0.665,0.353,0.385
2023,10,RB,00-0033308,Matt Breida,0.3,2.0,3.558,4.425,0.247,3.474,13.461,1.7,4.125,3.258,-2.425,-1.558
2023,10,RB,00-0033376,Patrick Ricard,0.0,2.2,3.458,2.699,0.102,2.249,9.776,2.2,2.699,3.458,-0.499,-1.258
2023,10,RB,00-0033526,Samaje Perine,7.3,6.075,5.922,6.089,0.827,4.489,13.932,1.225,1.211,1.378,0.014,-0.153
2023,10,RB,00-0033553,James Conner,7.3,11.85,10.191,10.357,2.347,9.278,21.519,4.55,3.057,2.891,1.493,1.659
2023,10,RB,00-0033699,Austin Ekeler,21.5,15.025,15.089,15.392,4.843,12.413,26.999,6.475,6.108,6.411,0.367,0.064
2023,10,RB,00-0033854,Dare Ogunbowale,0.0,3.425,-0.301,0.053,-0.194,-0.072,2.666,3.425,0.053,0.301,3.372,3.124
2023,10,RB,00-0033893,Dalvin Cook,2.6,1.75,3.793,4.38,0.138,2.693,13.226,0.85,1.78,1.193,-0.93,-0.343
2023,10,RB,00-0033897,Joe Mixon,12.5,15.1,14.451,15.716,5.287,12.715,26.041,2.6,3.216,1.951,-0.616,0.649
2023,10,RB,00-0033906,Alvin Kamara,18.5,21.175,16.881,17.065,5.575,13.125,27.636,2.675,1.435,1.619,1.24,1.056
2023,10,RB,00-0033923,Kareem Hunt,9.2,13.675,7.943,8.021,1.198,7.454,19.053,4.475,1.179,1.257,3.296,3.218
2023,10,RB,00-0033925,D'Onta Foreman,17.2,13.4,10.746,10.796,2.371,9.336,20.563,3.8,6.404,6.454,-2.604,-2.654
2023,10,RB,00-0033948,Jamaal Williams,2.0,3.075,5.623,6.03,0.55,4.041,14.178,1.075,4.03,3.623,-2.955,-2.548
2023,10,RB,00-0034184,Gus Edwards,9.8,18.575,11.876,13.216,4.133,10.082,20.835,8.775,3.416,2.076,5.359,6.699
2023,10,RB,00-0034208,Mike Boone,2.6,1.0,3.333,3.97,0.115,2.244,11.141,1.6,1.37,0.733,0.23,0.867
2023,10,RB,00-0034681,Chase Edmonds,1.7,1.625,3.971,4.442,0.204,2.969,12.517,0.075,2.742,2.271,-2.667,-2.196
2023,10,RB,00-0034844,Saquon Barkley,7.1,15.675,16.154,16.127,5.789,13.787,21.759,8.575,9.027,9.054,-0.452,-0.479
2023,10,RB,00-0034972,Alexander Mattison,4.3,9.75,10.486,10.626,2.405,9.278,22.235,5.45,6.326,6.186,-0.876,-0.736
2023,10,RB,00-0034975,Justice Hill,0.7,6.45,8.902,9.059,1.977,7.647,18.234,5.75,8.359,8.202,-2.609,-2.452
2023,10,RB,00-0035243,Miles Sanders,3.0,4.125,6.191,6.492,0.826,5.258,14.952,1.125,3.492,3.191,-2.367,-2.066
2023,10,RB,00-0035250,Devin Singletary,23.1,4.525,8.19,8.451,1.703,7.654,17.706,18.575,14.649,14.91,3.926,3.665
2023,10,RB,00-0035261,Tony Pollard,5.5,10.3,15.349,15.952,5.692,11.726,23.611,4.8,10.452,9.849,-5.652,-5.049
2023,10,RB,00-0035291,Trayveon Williams,1.2,1.175,3.642,4.098,0.127,2.488,11.691,0.025,2.898,2.442,-2.873,-2.417
2023,10,RB,00-0035537,Ty Johnson,0.2,2.8,4.281,4.065,0.321,3.555,12.315,2.6,3.865,4.081,-1.265,-1.481
2023,10,RB,00-0035628,D'Ernest Johnson,6.0,0.625,2.573,3.845,0.126,2.472,11.674,5.375,2.155,3.427,3.22,1.948
2023,10,RB,00-0035685,David Montgomery,17.6,17.925,14.593,13.645,6.257,11.854,24.716,0.325,3.955,3.007,-3.63,-2.682
2023,10,RB,00-0035700,Josh Jacobs,12.7,13.75,14.949,15.594,5.342,12.296,23.632,1.05,2.894,2.249,-1.844,-1.199
2023,10,RB,00-0035860,Tony Jones,1.3,6.95,6.842,6.881,1.198,5.832,16.445,5.65,5.581,5.542,0.069,0.108
2023,10,RB,00-0036139,Rico Dowdle,13.9,2.0,5.279,5.568,0.474,3.788,13.883,11.9,8.332,8.621,3.568,3.279
2023,10,RB,00-0036223,Jonathan Taylor,14.5,15.275,13.575,13.99,4.012,10.54,24.701,0.775,0.51,0.925,0.265,-0.15
2023,10,RB,00-0036251,Zack Moss,0.2,10.525,10.368,9.217,1.794,8.157,19.363,10.325,9.017,10.168,1.308,0.157
2023,10,RB,00-0036265,AJ Dillon,9.1,10.15,8.361,9.443,2.56,8.6,20.506,1.05,0.343,0.739,0.707,0.311
2023,10,RB,00-0036297,Darrynton Evans,0.5,6.975,7.222,7.266,0.902,4.931,15.336,6.475,6.766,6.722,-0.291,-0.247
2023,10,RB,00-0036328,Antonio Gibson,16.5,8.875,8.253,8.961,1.625,7.276,14.711,7.625,7.539,8.247,0.086,-0.622
2023,10,RB,00-0036336,Anthony McFarland,0.0,2.9,0.304,0.067,-0.194,-0.03,2.745,2.9,0.067,0.304,2.833,2.596
2023,10,RB,00-0036370,Joshua Kelley,1.6,5.05,5.696,5.635,0.631,4.657,14.241,3.45,4.035,4.096,-0.585,-0.646
2023,10,RB,00-0036425,DeeJay Dallas,0.0,0.475,0.081,0.144,-0.194,-0.073,2.768,0.475,0.144,0.081,0.331,0.394
2023,10,RB,00-0036555,Chuba Hubbard,5.9,9.65,10.5,10.341,2.897,9.811,21.289,3.75,4.441,4.6,-0.691,-0.85
2023,10,RB,00-0036567,Elijah Mitchell,2.3,1.8,3.676,4.079,0.134,2.617,13.645,0.5,1.779,1.376,-1.279,-0.876
2023,10,RB,00-0036842,Kene Nwangwu,0.9,0.975,2.373,3.435,0.147,2.521,11.001,0.075,2.535,1.473,-2.46,-1.398
2023,10,RB,00-0036857,Chris Evans,0.0,2.475,0.15,-0.012,-0.195,-0.041,2.666,2.475,0.012,0.15,2.463,2.325
2023,10,RB,00-0036875,Rhamondre Stevenson,13.2,15.6,13.445,13.782,3.76,11.557,24.381,2.4,0.582,0.245,1.818,2.155
2023,10,RB,00-0036893,Najee Harris,18.6,11.725,11.433,11.367,3.007,9.007,22.014,6.875,7.233,7.167,-0.358,-0.292
2023,10,RB,00-0036924,Michael Carter,0.0,3.575,5.359,5.917,0.616,3.873,13.081,3.575,5.917,5.359,-2.342,-1.784
2023,10,RB,00-0036973,Travis Etienne,6.4,27.075,17.852,17.392,6.571,15.874,26.53,20.675,10.992,11.452,9.683,9.223
2023,10,RB,00-0036997,Javonte Williams,21.0,10.625,11.682,11.254,2.39,8.806,19.366,10.375,9.746,9.318,0.629,1.057
2023,10,RB,00-0037228,Jaylen Warren,19.0,10.775,9.49,9.535,2.025,8.668,19.798,8.225,9.465,9.51,-1.24,-1.285
2023,10,RB,00-0037248,James Cook,12.0,10.625,11.381,11.973,3.058,9.373,20.754,1.375,0.027,0.619,1.348,0.756
2023,10,RB,00-0037256,Rachaad White,17.8,17.125,15.773,15.793,5.107,11.784,26.779,0.675,2.007,2.027,-1.332,-1.352
2023,10,RB,00-0037263,Tyler Allgeier,4.8,8.35,9.088,9.108,1.607,7.431,19.564,3.55,4.308,4.288,-0.758,-0.738
2023,10,RB,00-0037267,Jerome Ford,11.9,11.525,10.023,9.76,2.403,8.815,20.885,0.375,2.14,1.877,-1.765,-1.502
2023,10,RB,00-0037276,Ty Chandler,10.5,0.925,2.107,3.256,0.109,2.327,10.915,9.575,7.244,8.393,2.331,1.182
2023,10,RB,00-0037299,Keaontay Ingram,0.2,3.4,5.389,5.926,0.555,4.259,14.856,3.2,5.726,5.189,-2.526,-1.989
2023,10,RB,00-0037410,Jashaun Corbin,4.3,0.0,-0.218,0.247,-0.19,0.267,5.494,4.3,4.053,4.518,0.247,-0.218
2023,10,RB,00-0037429,Raheem Blackshear,2.3,2.475,3.316,3.872,0.224,3.117,11.48,0.175,1.572,1.016,-1.397,-0.841
2023,10,RB,00-0037525,Jordan Mason,0.0,5.4,0.725,0.235,-0.195,-0.045,2.666,5.4,0.235,0.725,5.165,4.675
2023,10,RB,00-0037746,Brian Robinson,27.7,10.875,9.677,10.427,1.84,8.615,19.619,16.825,17.273,18.023,-0.448,-1.198
2023,10,RB,00-0038040,Zamir White,0.5,2.5,3.678,3.938,0.211,3.147,12.264,2.0,3.438,3.178,-1.438,-1.178
2023,10,RB,00-0038098,Pierre Strong,0.0,3.225,1.325,0.685,-0.188,-0.027,2.85,3.225,0.685,1.325,2.54,1.9
2023,10,RB,00-0038120,Breece Hall,10.5,20.0,14.106,12.568,3.669,12.079,24.117,9.5,2.068,3.606,7.432,5.894
2023,10,RB,00-0038134,Kenneth Walker III,19.7,10.425,11.201,11.392,3.587,10.176,22.751,9.275,8.308,8.499,0.967,0.776
2023,10,RB,00-0038454,Keaton Mitchell,13.6,11.15,6.807,6.127,0.722,4.308,12.277,2.45,7.473,6.793,-5.023,-4.343
2023,10,RB,00-0038488,Brady Russell,0.0,0.0,-0.003,0.479,-0.19,0.153,4.771,0.0,0.479,0.003,-0.479,-0.003
2023,10,RB,00-0038542,Bijan Robinson,17.6,7.85,10.015,10.495,2.023,8.36,21.253,9.75,7.105,7.585,2.645,2.165
2023,10,RB,00-0038555,Tank Bigsby,0.5,0.425,3.358,4.119,0.127,2.473,12.421,0.075,3.619,2.858,-3.544,-2.783
2023,10,RB,00-0038622,Deuce Vaughn,1.9,2.725,4.678,4.62,0.172,3.395,14.125,0.825,2.72,2.778,-1.895,-1.953
2023,10,RB,00-0038794,Jaleel McLaughlin,3.2,8.9,7.924,8.328,0.534,5.838,17.974,5.7,5.128,4.724,0.572,0.976
2023,10,RB,00-0039021,Roschon Johnson,7.2,3.25,5.613,6.151,0.562,4.162,14.041,3.95,1.049,1.587,2.901,2.363
2023,10,RB,00-0039032,Tyjae Spears,10.0,9.25,8.454,7.912,1.859,7.854,17.186,0.75,2.088,1.546,-1.338,-0.796
2023,10,RB,00-0039139,Jahmyr Gibbs,26.2,18.95,17.194,18.191,5.76,13.459,26.501,7.25,8.009,9.006,-0.759,-1.756
2023,10,RB,00-0039165,Zach Charbonnet,10.2,4.9,7.859,8.371,0.777,5.489,16.399,5.3,1.829,2.341,3.471,2.959
2023,10,WR,00-0030035,Adam Thielen,10.2,19.825,15.736,16.279,5.171,12.074,27.955,9.625,6.079,5.536,3.546,4.089
2023,10,WR,00-0030279,Keenan Allen,40.5,15.4,15.086,15.338,4.614,12.139,24.446,25.1,25.162,25.414,-0.062,-0.314
2023,10,WR,00-0030431,Robert Woods,2.5,6.4,9.027,8.846,0.957,7.388,18.386,3.9,6.346,6.527,-2.446,-2.627
2023,10,WR,00-0030564,DeAndre Hopkins,5.7,17.575,12.399,11.848,3.022,9.689,21.375,11.875,6.148,6.699,5.727,5.176
2023,10,WR,00-0031235,Odell Beckham Jr.,11.0,7.475,7.747,7.333,1.318,6.212,16.916,3.525,3.667,3.253,-0.142,0.272
2023,10,WR,00-0031236,Brandin Cooks,32.3,8.3,8.564,8.278,0.508,6.111,16.531,24.0,24.022,23.736,-0.022,0.264
2023,10,WR,00-0031381,Davante Adams,14.6,6.775,9.438,9.159,2.722,9.507,19.01,7.825,5.441,5.162,2.384,2.663
2023,10,WR,00-0031408,Mike Evans,26.3,13.675,11.0,11.288,1.982,8.944,19.551,12.625,15.012,15.3,-2.387,-2.675
2023,10,WR,00-0031544,Amari Cooper,15.8,14.7,11.474,11.398,2.264,9.818,21.51,1.1,4.402,4.326,-3.302,-3.226
2023,10,WR,00-0031549,Nelson Agholor,0.0,3.85,4.527,5.06,0.007,3.748,13.441,3.85,5.06,4.527,-1.21,-0.677
2023,10,WR,00-0031588,Stefon Diggs,6.4,19.1,18.53,19.416,7.26,14.814,27.348,12.7,13.016,12.13,-0.316,0.57
2023,10,WR,00-0031763,DeAndre Carter,1.5,0.625,1.713,2.643,-0.048,2.105,11.318,0.875,1.143,0.213,-0.268,0.662
2023,10,WR,00-0031941,Jamison Crowder,0.0,7.2,5.034,5.597,0.684,5.016,14.436,7.2,5.597,5.034,1.603,2.166
2023,10,WR,00-0032200,Ty Montgomery,0.0,0.85,0.541,0.011,-0.192,-0.107,2.79,0.85,0.011,0.541,0.839,0.309
2023,10,WR,00-0032211,Tyler Lockett,23.2,12.875,13.329,13.591,3.601,11.873,22.733,10.325,9.609,9.871,0.716,0.454
2023,10,WR,00-0032385,Sterling Shepard,7.2,1.65,1.209,1.697,-0.021,2.341,10.455,5.55,5.503,5.991,0.047,-0.441
2023,10,WR,00-0032398,Chris Moore,4.1,4.25,4.568,5.561,0.032,4.054,12.965,0.15,1.461,0.468,-1.311,-0.318
2023,10,WR,00-0032464,Kalif Raymond,6.6,5.325,5.45,5.708,0.039,3.878,13.963,1.275,0.892,1.15,0.383,0.125
2023,10,WR,00-0032765,Michael Thomas,1.9,8.375,8.955,9.216,1.586,7.609,18.42,6.475,7.316,7.055,-0.841,-0.58
2023,10,WR,00-0033009,Tyler Boyd,19.7,12.225,10.656,10.929,2.407,8.738,20.483,7.475,8.771,9.044,-1.296,-1.569
2023,10,WR,00-0033251,Zach Pascal,0.0,0.0,3.408,3.627,-0.051,2.633,11.189,0.0,3.627,3.408,-3.627,-3.408
2023,10,WR,00-0033282,Curtis Samuel,2.6,11.35,9.053,8.433,1.8,6.656,19.671,8.75,5.833,6.453,2.917,2.297
2023,10,WR,00-0033292,Trent Taylor,0.0,-0.05,-0.152,0.119,-0.192,0.065,4.098,0.05,0.119,0.152,-0.069,-0.102
2023,10,WR,00-0033466,Isaiah McKenzie,7.1,2.05,2.939,3.88,-0.014,2.538,11.93,5.05,3.22,4.161,1.83,0.889
2023,10,WR,00-0033572,Jamal Agnew,0.0,1.9,1.839,0.196,-0.192,-0.023,2.687,1.9,0.196,1.839,1.704,0.061
2023,10,WR,00-0033591,Noah Brown,24.2,11.65,9.614,9.537,1.815,7.686,19.147,12.55,14.663,14.586,-2.113,-2.036
2023,10,WR,00-0033857,JuJu Smith-Schuster,1.9,6.1,5.924,5.927,0.529,4.609,15.12,4.2,4.027,4.024,0.173,0.176
2023,10,WR,00-0033921,Chris Godwin Jr.,9.4,11.925,12.542,12.919,2.939,11.052,22.929,2.525,3.519,3.142,-0.994,-0.617
2023,10,WR,00-0033943,Josh Reynolds,3.5,8.05,8.32,8.551,0.912,6.685,16.999,4.55,5.051,4.82,-0.501,-0.27
2023,10,WR,00-0034279,Equanimeous St. Brown,1.4,2.1,3.366,4.022,-0.051,3.23,10.66,0.7,2.622,1.966,-1.922,-1.266
2023,10,WR,00-0034297,Byron Pringle,1.7,3.275,3.474,3.636,-0.02,2.427,10.663,1.575,1.936,1.774,-0.361,-0.199
2023,10,WR,00-0034348,Courtland Sutton,17.3,11.85,10.965,10.923,2.768,8.442,20.12,5.45,6.377,6.335,-0.927,-0.885
2023,10,WR,00-0034407,Ray-Ray McCloud,0.0,3.775,2.342,0.466,-0.189,-0.006,2.676,3.775,0.466,2.342,3.309,1.433
2023,10,WR,00-0034521,Allen Lazard,2.7,4.85,6.172,5.647,0.711,5.987,15.756,2.15,2.947,3.472,-0.797,-1.322
2023,10,WR,00-0034646,Brandon Powell,7.5,6.875,7.302,7.416,0.462,5.701,16.199,0.625,0.084,0.198,0.541,0.427
2023,10,WR,00-0034764,Michael Gallup,15.0,4.2,7.444,6.962,0.264,6.199,15.436,10.8,8.038,7.556,2.762,3.244
2023,10,WR,00-0034775,Christian Kirk,14.4,13.975,12.456,13.138,2.843,10.146,21.634,0.425,1.262,1.944,-0.837,-1.519
2023,10,WR,00-0034827,DJ Moore,10.9,9.6,13.391,12.168,3.238,10.261,22.726,1.3,1.268,2.491,0.032,-1.191
2023,10,WR,00-0034837,Calvin Ridley,4.0,10.75,12.224,13.142,3.114,10.823,21.486,6.75,9.142,8.224,-2.392,-1.474
2023,10,WR,00-0034960,Jakobi Meyers,4.1,12.875,10.161,9.587,1.927,9.258,20.424,8.775,5.487,6.061,3.288,2.714
2023,10,WR,00-0034983,Hunter Renfrow,1.5,3.125,4.117,4.33,0.045,4.173,14.153,1.625,2.83,2.617,-1.205,-0.992
2023,10,WR,00-0035215,Deonte Harty,0.0,2.325,2.916,3.487,-0.048,2.344,11.552,2.325,3.487,2.916,-1.162,-0.591
2023,10,WR,00-0035216,Diontae Johnson,2.7,14.8,13.593,12.696,3.094,11.078,24.289,12.1,9.996,10.893,2.104,1.207
2023,10,WR,00-0035298,Scott Miller,7.2,4.85,3.688,4.084,-0.023,2.749,12.135,2.35,3.116,3.512,-0.766,-1.162
2023,10,WR,00-0035341,Trenton Irwin,13.4,4.6,4.73,5.277,0.085,3.963,14.14,8.8,8.123,8.67,0.677,0.13
2023,10,WR,00-0035406,Lil'Jordan Humphrey,2.4,3.15,3.733,3.854,-0.021,2.744,11.359,0.75,1.454,1.333,-0.704,-0.583
2023,10,WR,00-0035414,Jalen Guyton,14.1,4.9,5.235,4.884,-0.005,3.516,13.458,9.2,9.216,8.865,-0.016,0.335
2023,10,WR,00-0035480,Malik Taylor,1.6,0.425,1.635,2.902,-0.021,2.499,10.664,1.175,1.302,0.035,-0.127,1.14
2023,10,WR,00-0035500,Greg Dortch,0.0,0.3,0.347,0.199,-0.192,-0.028,2.7,0.3,0.199,0.347,0.101,-0.047
2023,10,WR,00-0035535,Darius Slayton,5.1,6.225,6.456,5.351,0.855,5.841,16.21,1.125,0.251,1.356,0.874,-0.231
2023,10,WR,00-0035639,Parris Campbell,1.6,1.95,1.492,2.664,0.352,3.271,11.878,0.35,1.064,0.108,-0.714,0.242
2023,10,WR,00-0035640,DK Metcalf,16.8,10.25,12.711,13.555,3.406,12.238,23.261,6.55,3.245,4.089,3.305,2.461
2023,10,WR,00-0035645,Gunner Olszewski,0.0,-0.25,-1.212,-1.066,-0.192,0.603,3.895,0.25,1.066,1.212,-0.816,-0.962
2023,10,WR,00-0035659,Terry McLaurin,7.3,14.675,12.218,11.539,3.635,10.198,21.994,7.375,4.239,4.918,3.136,2.457
2023,10,WR,00-0035662,Marquise Brown,3.8,9.25,12.775,11.952,3.667,10.069,22.39,5.45,8.152,8.975,-2.702,-3.525
2023,10,WR,00-0035703,Miles Boykin,0.0,0.775,-0.152,0.074,-0.192,-0.034,2.687,0.775,0.074,0.152,0.701,0.623
2023,10,WR,00-0035719,Deebo Samuel Sr.,15.9,9.575,9.401,8.761,1.786,8.171,19.062,6.325,7.139,6.499,-0.814,-0.174
2023,10,WR,00-0036133,James Proche,0.0,0.0,1.851,2.982,-0.006,2.488,10.633,0.0,2.982,1.851,-2.982,-1.851
2023,10,WR,00-0036165,Isaiah Hodgins,0.0,3.15,3.043,2.941,0.044,3.59,12.84,3.15,2.941,3.043,0.209,0.107
2023,10,WR,00-0036182,Nick Westbrook-Ikhine,1.9,5.25,6.098,5.97,0.187,5.092,15.168,3.35,4.07,4.198,-0.72,-0.848
2023,10,WR,00-0036196,Gabe Davis,9.6,7.1,10.696,10.386,2.207,7.92,19.2,2.5,0.786,1.096,1.714,1.404
2023,10,WR,00-0036252,Michael Pittman,16.4,17.15,14.828,15.08,4.827,12.919,25.066,0.75,1.32,1.572,-0.57,-0.822
2023,10,WR,00-0036259,Jauan Jennings,1.8,4.475,6.791,6.681,0.176,5.175,15.593,2.675,4.881,4.991,-2.206,-2.316
2023,10,WR,00-0036261,Brandon Aiyuk,14.5,12.0,14.944,15.931,4.478,12.3,23.267,2.5,1.431,0.444,1.069,2.056
2023,10,WR,00-0036309,Darnell Mooney,3.4,8.2,9.248,9.588,1.726,8.088,18.418,4.8,6.188,5.848,-1.388,-1.048
2023,10,WR,00-0036331,Devin Duvernay,0.0,0.75,0.123,0.101,-0.192,0.105,3.986,0.75,0.101,0.123,0.649,0.627
2023,10,WR,00-0036358,CeeDee Lamb,39.5,24.175,18.269,18.818,6.756,14.604,26.727,15.325,20.682,21.231,-5.357,-5.906
2023,10,WR,00-0036364,Lynn Bowden,2.2,6.795,6.893,6.089,1.148,5.756,14.917,4.595,3.889,4.693,0.706,-0.098
2023,10,WR,00-0036407,Jerry Jeudy,6.5,9.95,11.353,12.014,2.9,8.614,20.967,3.45,5.514,4.853,-2.064,-1.403
2023,10,WR,00-0036415,Van Jefferson,0.0,2.325,5.851,5.575,0.155,3.969,13.035,2.325,5.575,5.851,-3.25,-3.526
2023,10,WR,00-0036482,Mike Strachan,5.5,0.825,2.6,3.213,-0.051,2.236,10.22,4.675,2.287,2.9,2.388,1.775
2023,10,WR,00-0036497,Tim Jones,3.7,1.925,3.982,3.833,-0.025,2.563,11.248,1.775,0.133,0.282,1.642,1.493
2023,10,WR,00-0036550,Rashod Bateman,4.5,5.525,6.012,5.669,0.08,4.58,13.54,1.025,1.169,1.512,-0.144,-0.487
2023,10,WR,00-0036626,Dyami Brown,12.1,1.325,3.405,3.528,-0.051,2.552,10.887,10.775,8.572,8.695,2.203,2.08
2023,10,WR,00-0036635,Ihmir Smith-Marsette,6.0,0.0,-0.527,0.415,-0.188,0.167,5.051,6.0,5.585,6.527,0.415,-0.527
2023,10,WR,00-0036900,Ja'Marr Chase,23.4,24.875,17.212,15.905,8.094,14.922,27.217,1.475,7.495,6.188,-6.02,-4.713
2023,10,WR,00-0036936,Rondale Moore,9.3,4.275,7.424,7.386,0.893,5.368,17.99,5.025,1.914,1.876,3.111,3.149
2023,10,WR,00-0036955,Terrace Marshall Jr.,2.1,4.125,4.752,5.012,0.755,3.315,13.403,2.025,2.912,2.652,-0.887,-0.627
2023,10,WR,00-0036963,Amon-Ra St. Brown,30.5,21.75,17.896,17.849,7.316,14.757,27.429,8.75,12.651,12.604,-3.901,-3.854
2023,10,WR,00-0036980,Elijah Moore,15.4,6.25,7.607,7.719,0.961,6.473,17.119,9.15,7.681,7.793,1.469,1.357
2023,10,WR,00-0037238,Drake London,6.6,14.52,13.643,14.118,3.913,12.055,23.849,7.92,7.518,7.043,0.402,0.877
2023,10,WR,00-0037239,Chris Olave,21.4,13.875,12.871,13.499,3.544,11.56,23.646,7.525,7.901,8.529,-0.376,-1.004
2023,10,WR,00-0037240,Jameson Williams,3.8,4.775,4.894,4.763,-0.001,4.037,12.824,0.975,0.963,1.094,0.012,-0.119
2023,10,WR,00-0037247,George Pickens,7.5,13.35,11.758,12.126,2.708,10.283,21.762,5.85,4.626,4.258,1.224,1.592
2023,10,WR,00-0037261,Khalil Shakir,3.4,8.675,8.032,7.975,0.951,5.818,16.777,5.275,4.575,4.632,0.7,0.643
2023,10,WR,00-0037273,Kyle Philips,9.1,4.45,4.74,4.861,0.106,3.937,14.106,4.65,4.239,4.36,0.411,0.29
2023,10,WR,00-0037291,Jalen Nailor,2.6,7.025,4.31,5.36,0.411,3.805,12.372,4.425,2.76,1.71,1.665,2.715
2023,10,WR,00-0037487,Deven Thompkins,2.1,1.175,2.916,3.29,0.068,3.724,11.575,0.925,1.19,0.816,-0.265,0.109
2023,10,WR,00-0037545,Rashid Shaheed,7.4,13.75,8.365,9.253,1.468,7.022,17.936,6.35,1.853,0.965,4.497,5.385
2023,10,WR,00-0037614,John Metchie III,4.5,3.225,3.547,4.076,-0.016,2.509,12.337,1.275,0.424,0.953,0.851,0.322
2023,10,WR,00-0037664,Alec Pierce,3.1,5.225,8.289,8.732,1.134,5.89,16.83,2.125,5.632,5.189,-3.507,-3.064
2023,10,WR,00-0037666,Jalen Tolbert,2.2,5.8,5.1,5.291,0.005,3.96,14.407,3.6,3.091,2.9,0.509,0.7
2023,10,WR,00-0037740,Garrett Wilson,18.3,14.0,14.02,12.894,5.258,11.934,22.446,4.3,5.406,4.28,-1.106,0.02
2023,10,WR,00-0037741,Jahan Dotson,0.0,12.75,9.139,9.135,2.27,8.288,19.12,12.75,9.135,9.139,3.615,3.611
2023,10,WR,00-0037816,Romeo Doubs,12.1,7.7,8.896,8.387,1.444,7.737,18.798,4.4,3.713,3.204,0.687,1.196
2023,10,WR,00-0037837,Calvin Austin III,1.9,1.5,3.129,3.331,-0.048,2.463,10.713,0.4,1.431,1.229,-1.031,-0.829
2023,10,WR,00-0038117,Wan'Dale Robinson,2.6,8.15,6.254,5.67,0.764,5.722,15.62,5.55,3.07,3.654,2.48,1.896
2023,10,WR,00-0038124,Christian Watson,4.3,7.075,8.506,8.303,1.841,7.263,19.051,2.775,4.003,4.206,-1.228,-1.431
2023,10,WR,00-0038393,Dontayvion Wicks,8.1,4.265,4.506,4.79,0.001,3.226,12.357,3.835,3.31,3.594,0.525,0.241
2023,10,WR,00-0038496,Xavier Gipson,3.4,1.825,1.936,2.558,-0.051,2.406,10.109,1.575,0.842,1.464,0.733,0.111
2023,10,WR,00-0038543,Jaxon Smith-Njigba,9.3,12.5,10.553,10.513,2.024,8.241,20.412,3.2,1.213,1.253,1.987,1.947
2023,10,WR,00-0038544,Quentin Johnston,13.4,4.15,6.991,6.314,0.336,4.703,14.3,9.25,7.086,6.409,2.164,2.841
2023,10,WR,00-0038559,Michael Wilson,6.4,6.85,8.712,8.155,1.981,7.029,17.539,0.45,1.755,2.312,-1.305,-1.862
2023,10,WR,00-0038563,Tre Tucker,0.9,5.275,4.564,5.448,0.02,4.09,13.873,4.375,4.548,3.664,-0.173,0.711
2023,10,WR,00-0038573,Derius Davis,2.7,3.2,3.41,4.067,-0.002,2.49,12.275,0.5,1.367,0.71,-0.867,-0.21
2023,10,WR,00-0038608,Kayshon Boutte,2.1,0.0,4.864,5.456,0.58,4.721,15.142,2.1,3.356,2.764,-1.256,-0.664
2023,10,WR,00-0038618,Xavier Hutchinson,1.7,0.675,3.049,3.689,-0.051,2.096,9.501,1.025,1.989,1.349,-0.964,-0.324
2023,10,WR,00-0038619,Andrei Iosivas,0.0,4.575,3.298,3.708,-0.048,2.389,11.375,4.575,3.708,3.298,0.867,1.277
2023,10,WR,00-0038621,DeMario Douglas,14.4,8.3,9.763,9.524,1.559,7.223,18.101,6.1,4.876,4.637,1.224,1.463
2023,10,WR,00-0038647,Ronnie Bell,3.0,3.025,2.682,3.578,-0.023,2.17,11.175,0.025,0.578,0.318,-0.553,-0.293
2023,10,WR,00-0038752,Jake Bobo,3.3,8.25,7.365,7.237,0.465,4.931,13.523,4.95,3.937,4.065,1.013,0.885
2023,10,WR,00-0038938,Jalin Hyatt,0.0,5.375,4.794,4.488,0.675,5.331,14.911,5.375,4.488,4.794,0.887,0.581
2023,10,WR,00-0038941,Tyler Scott,4.1,2.525,5.134,5.265,0.047,3.896,12.431,1.575,1.165,1.034,0.41,0.541
2023,10,WR,00-0038976,Marvin Mims Jr.,-0.3,0.325,3.116,3.837,-0.049,2.669,11.339,0.625,4.137,3.416,-3.512,-2.791
2023,10,WR,00-0038977,Tank Dell,18.9,11.975,11.544,11.645,1.84,9.122,20.983,6.925,7.255,7.356,-0.33,-0.431
2023,10,WR,00-0038979,Cedric Tillman,0.0,1.4,3.779,4.298,-0.018,3.307,12.04,1.4,4.298,3.779,-2.898,-2.379
2023,10,WR,00-0038994,Jordan Addison,10.9,18.675,12.837,12.062,2.816,10.332,20.786,7.775,1.162,1.937,6.613,5.838
2023,10,WR,00-0038997,Josh Downs,6.0,13.2,10.794,10.642,2.41,8.357,19.453,7.2,4.642,4.794,2.558,2.406
2023,10,WR,00-0039052,Trey Palmer,4.1,5.375,7.469,7.51,0.789,6.254,16.999,1.275,3.41,3.369,-2.135,-2.094
2023,10,WR,00-0039062,Jonathan Mingo,5.0,6.4,8.11,8.068,1.394,6.537,17.283,1.4,3.068,3.11,-1.668,-1.71
2023,10,WR,00-0039064,Zay Flowers,12.3,9.4,10.319,10.765,1.824,9.19,20.368,2.9,1.535,1.981,1.365,0.919
2023,10,WR,00-0039146,Jayden Reed,19.4,8.025,7.163,7.596,0.397,5.692,16.942,11.375,11.804,12.237,-0.429,-0.862
2023,11,RB,00-0030513,Latavius Murray,3.5,5.95,7.272,7.612,1.389,7.003,18.238,2.45,4.112,3.772,-1.662,-1.322
2023,11,RB,00-0031376,Jerick McKinnon,3.5,5.45,5.643,5.18,0.667,4.366,13.122,1.95,1.68,2.143,0.27,-0.193
2023,11,RB,00-0031687,Raheem Mostert,10.3,16.35,14.491,16.663,4.528,14.275,23.875,6.05,6.363,4.191,-0.313,1.859
2023,11,RB,00-0032104,Ameer Abdullah,1.4,2.2,3.047,3.316,0.14,2.74,9.572,0.8,1.916,1.647,-1.116,-0.847
2023,11,RB,00-0032764,Derrick Henry,5.4,14.425,11.39,11.085,3.025,10.118,21.239,9.025,5.685,5.99,3.34,3.035
2023,11,RB,00-0033280,Christian McCaffrey,21.3,21.7,19.189,19.822,7.052,17.547,28.531,0.4,1.478,2.111,-1.078,-1.711
2023,11,RB,00-0033293,Aaron Jones,2.7,11.15,11.909,11.708,2.404,9.967,23.766,8.45,9.008,9.209,-0.558,-0.759
2023,11,RB,00-0033308,Matt Breida,-0.1,1.75,3.835,4.591,0.245,3.333,12.953,1.85,4.691,3.935,-2.841,-2.085
2023,11,RB,00-0033526,Samaje Perine,13.7,5.025,6.603,6.622,1.451,5.043,13.713,8.675,7.078,7.097,1.597,1.578
2023,11,RB,00-0033553,James Conner,8.3,9.525,10.319,10.422,2.135,8.288,21.311,1.225,2.122,2.019,-0.897,-0.794
2023,11,RB,00-0033699,Austin Ekeler,7.0,17.85,14.078,12.402,5.327,12.339,25.7,10.85,5.402,7.078,5.448,3.772
2023,11,RB,00-0033893,Dalvin Cook,1.3,1.825,3.498,4.225,0.205,2.728,12.848,0.525,2.925,2.198,-2.4,-1.673
2023,11,RB,00-0033897,Joe Mixon,21.0,14.875,14.522,14.709,5.317,12.065,25.767,6.125,6.291,6.478,-0.166,-0.353
2023,11,RB,00-0033923,Kareem Hunt,6.7,11.95,9.172,9.839,1.433,7.174,18.453,5.25,3.139,2.472,2.111,2.778
2023,11,RB,00-0033925,D'Onta Foreman,7.4,15.775,10.949,10.718,2.242,9.729,21.871,8.375,3.318,3.549,5.057,4.826
2023,11,RB,00-0034184,Gus Edwards,21.0,19.45,11.439,12.67,3.077,10.781,22.666,1.55,8.33,9.561,-6.78,-8.011
2023,11,RB,00-0034208,Mike Boone,1.5,1.65,3.699,3.312,0.087,2.592,9.223,0.15,1.812,2.199,-1.662,-2.049
2023,11,RB,00-0034414,Boston Scott,0.8,2.0,3.421,4.344,0.181,2.99,11.711,1.2,3.544,2.621,-2.344,-1.421
2023,11,RB,00-0034681,Chase Edmonds,2.9,1.85,3.294,4.223,0.222,3.282,12.917,1.05,1.323,0.394,-0.273,0.656
2023,11,RB,00-0034838,Royce Freeman,7.3,5.05,8.845,9.332,1.09,6.426,17.691,2.25,2.032,1.545,0.218,0.705
2023,11,RB,00-0034844,Saquon Barkley,30.0,14.0,14.106,12.136,5.531,11.067,21.877,16.0,17.864,15.894,-1.864,0.106
2023,11,RB,00-0034972,Alexander Mattison,7.0,8.025,10.659,11.167,2.058,8.959,21.853,1.025,4.167,3.659,-3.142,-2.634
2023,11,RB,00-0034975,Justice Hill,1.7,5.0,8.14,8.106,1.164,6.731,17.392,3.3,6.406,6.44,-3.106,-3.14
2023,11,RB,00-0035243,Miles Sanders,6.2,3.325,5.418,5.987,0.556,4.209,13.999,2.875,0.213,0.782,2.662,2.093
2023,11,RB,00-0035250,Devin Singletary,19.8,10.3,12.621,13.478,2.833,9.995,21.917,9.5,6.322,7.179,3.178,2.321
2023,11,RB,00-0035261,Tony Pollard,18.0,9.575,12.494,12.878,4.069,10.632,23.517,8.425,5.122,5.506,3.303,2.919
2023,11,RB,00-0035291,Trayveon Williams,2.0,1.35,3.425,4.049,0.147,2.786,11.334,0.65,2.049,1.425,-1.399,-0.775
2023,11,RB,00-0035537,Ty Johnson,14.8,1.175,4.222,3.998,0.256,3.044,11.299,13.625,10.802,10.578,2.823,3.047
2023,11,RB,00-0035567,Craig Reynolds,0.0,7.15,1.18,0.056,-0.185,0.022,2.948,7.15,0.056,1.18,7.094,5.97
2023,11,RB,00-0035628,D'Ernest Johnson,6.4,2.175,3.967,4.615,0.154,2.865,12.075,4.225,1.785,2.433,2.44,1.792
2023,11,RB,00-0035664,Darrell Henderson,12.9,7.875,9.9,10.008,2.431,7.9,19.209,5.025,2.892,3.0,2.133,2.025
2023,11,RB,00-0035685,David Montgomery,17.8,19.225,13.316,13.567,6.379,14.507,24.137,1.425,4.233,4.484,-2.808,-3.059
2023,11,RB,00-0035700,Josh Jacobs,6.1,14.1,12.68,10.328,4.435,8.862,21.74,8.0,4.228,6.58,3.772,1.42
2023,11,RB,00-0035715,Derrick Gore,2.3,5.475,6.743,6.017,0.391,3.821,13.313,3.175,3.717,4.443,-0.542,-1.268
2023,11,RB,00-0035860,Tony Jones,3.1,7.15,5.167,6.075,0.25,4.345,14.252,4.05,2.975,2.067,1.075,1.983
2023,11,RB,00-0036020,Salvon Ahmed,12.1,5.65,7.317,6.075,0.839,5.336,14.091,6.45,6.025,4.783,0.425,1.667
2023,11,RB,00-0036139,Rico Dowdle,4.0,5.1,6.622,6.434,0.552,4.634,15.648,1.1,2.434,2.622,-1.334,-1.522
2023,11,RB,00-0036187,Reggie Gilliam,0.0,0.875,0.848,0.207,-0.193,-0.053,2.889,0.875,0.207,0.848,0.668,0.027
2023,11,RB,00-0036265,AJ Dillon,10.1,9.025,10.086,10.837,2.365,8.79,20.957,1.075,0.737,0.014,0.338,1.061
2023,11,RB,00-0036275,D'Andre Swift,19.7,13.025,13.701,13.237,3.889,10.924,23.921,6.675,6.463,5.999,0.212,0.676
2023,11,RB,00-0036336,Anthony McFarland,0.0,2.875,0.065,0.114,-0.194,-0.031,2.745,2.875,0.114,0.065,2.761,2.81
2023,11,RB,00-0036360,Clyde Edwards-Helaire,2.0,0.975,3.177,3.734,0.14,2.677,11.848,1.025,1.734,1.177,-0.709,-0.152
2023,11,RB,00-0036370,Joshua Kelley,1.3,5.1,5.341,5.26,0.557,3.646,14.369,3.8,3.96,4.041,-0.16,-0.241
2023,11,RB,00-0036425,DeeJay Dallas,2.4,0.25,2.069,2.94,0.025,1.55,8.627,2.15,0.54,0.331,1.61,1.819
2023,11,RB,00-0036555,Chuba Hubbard,8.5,10.0,9.228,9.568,2.604,8.91,19.633,1.5,1.068,0.728,0.432,0.772
2023,11,RB,00-0036567,Elijah Mitchell,2.4,0.525,4.023,3.538,0.166,2.627,12.236,1.875,1.138,1.623,0.737,0.252
2023,11,RB,00-0036893,Najee Harris,4.6,15.125,11.245,11.131,3.141,9.394,21.062,10.525,6.531,6.645,3.994,3.88
2023,11,RB,00-0036906,Khalil Herbert,6.1,10.025,11.631,11.234,2.831,10.058,21.646,3.925,5.134,5.531,-1.209,-1.606
2023,11,RB,00-0036919,Kenny Gainwell,1.5,6.3,6.189,6.446,0.907,5.171,16.13,4.8,4.946,4.689,-0.146,0.111
2023,11,RB,00-0036973,Travis Etienne,8.9,19.575,17.341,17.282,5.833,13.501,25.233,10.675,8.382,8.441,2.293,2.234
2023,11,RB,00-0036997,Javonte Williams,7.3,14.9,12.407,11.673,2.615,9.784,23.392,7.6,4.373,5.107,3.227,2.493
2023,11,RB,00-0037197,Isiah Pacheco,10.1,11.275,11.287,11.142,3.251,9.495,22.369,1.175,1.042,1.187,0.133,-0.012
2023,11,RB,00-0037228,Jaylen Warren,23.5,12.8,10.871,10.631,2.078,8.869,20.044,10.7,12.869,12.629,-2.169,-1.929
2023,11,RB,00-0037248,James Cook,19.2,11.85,11.686,12.053,2.749,9.786,21.103,7.35,7.147,7.514,0.203,-0.164
2023,11,RB,00-0037256,Rachaad White,17.8,19.875,14.315,13.935,5.047,11.919,25.601,2.075,3.865,3.485,-1.79,-1.41
2023,11,RB,00-0037267,Jerome Ford,11.9,11.725,11.492,10.028,2.125,8.905,20.191,0.175,1.872,0.408,-1.697,-0.233
2023,11,RB,00-0037276,Ty Chandler,15.0,3.175,3.676,3.893,0.205,3.029,12.993,11.825,11.107,11.324,0.718,0.501
2023,11,RB,00-0037429,Raheem Blackshear,0.0,3.025,-0.232,0.081,-0.182,-0.035,2.77,3.025,0.081,0.232,2.944,2.793
2023,11,RB,00-0037525,Jordan Mason,0.0,2.175,0.506,0.469,-0.193,1.748,3.887,2.175,0.469,0.506,1.706,1.669
2023,11,RB,00-0037746,Brian Robinson,20.2,14.4,11.861,12.047,3.843,9.493,20.534,5.8,8.153,8.339,-2.353,-2.539
2023,11,RB,00-0038098,Pierre Strong,1.5,3.225,4.173,4.682,0.283,3.08,14.122,1.725,3.182,2.673,-1.457,-0.948
2023,11,RB,00-0038120,Breece Hall,18.3,15.525,13.314,11.612,4.049,9.491,21.536,2.775,6.688,4.986,-3.913,-2.211
2023,11,RB,00-0038134,Kenneth Walker III,2.6,10.875,10.235,10.658,3.322,9.461,22.202,8.275,8.058,7.635,0.217,0.64
2023,11,RB,00-0038454,Keaton Mitchell,5.1,11.967,7.767,6.71,0.594,4.831,12.799,6.867,1.61,2.667,5.256,4.2
2023,11,RB,00-0038555,Tank Bigsby,2.1,0.35,2.852,3.69,0.147,2.626,11.867,1.75,1.59,0.752,0.16,0.998
2023,11,RB,00-0038611,Chris Rodriguez Jr.,3.8,1.525,3.139,4.018,0.161,2.526,11.67,2.275,0.218,0.661,2.057,1.614
2023,11,RB,00-0038738,Hunter Luepke,0.0,1.8,0.174,0.182,-0.193,-0.053,2.713,1.8,0.182,0.174,1.618,1.626
2023,11,RB,00-0038794,Jaleel McLaughlin,6.5,5.225,5.95,5.972,0.35,3.882,15.349,1.275,0.528,0.55,0.747,0.725
2023,11,RB,00-0038797,Emanuel Wilson,3.1,2.925,3.993,4.253,0.207,2.89,12.253,0.175,1.153,0.893,-0.978,-0.718
2023,11,RB,00-0039021,Roschon Johnson,3.0,4.425,6.141,6.269,0.85,5.018,14.93,1.425,3.269,3.141,-1.844,-1.716
2023,11,RB,00-0039032,Tyjae Spears,4.6,7.525,8.658,8.716,1.899,7.767,18.594,2.925,4.116,4.058,-1.191,-1.133
2023,11,RB,00-0039040,De'Von Achane,1.5,25.425,20.864,22.721,5.807,17.259,25.314,23.925,21.221,19.364,2.704,4.561
2023,11,RB,00-0039136,Zach Evans,0.0,1.0,3.516,3.997,0.153,2.588,12.766,1.0,3.997,3.516,-2.997,-2.516
2023,11,RB,00-0039139,Jahmyr Gibbs,21.5,23.2,19.09,18.581,7.132,16.547,27.343,1.7,2.919,2.41,-1.219,-0.71
2023,11,RB,00-0039165,Zach Charbonnet,12.9,6.2,8.63,8.578,1.324,5.929,18.41,6.7,4.322,4.27,2.378,2.43
2023,11,WR,00-0027944,Julio Jones,2.5,3.475,4.069,4.438,0.034,4.287,12.211,0.975,1.938,1.569,-0.963,-0.594
2023,11,WR,00-0030035,Adam Thielen,15.4,15.45,15.218,15.028,3.695,11.85,23.239,0.05,0.372,0.182,-0.322,-0.132
2023,11,WR,00-0030279,Keenan Allen,27.6,20.15,16.661,15.369,6.748,14.118,26.392,7.45,12.231,10.939,-4.781,-3.489
2023,11,WR,00-0030431,Robert Woods,9.4,5.425,7.988,7.671,0.613,6.336,17.275,3.975,1.729,1.412,2.246,2.563
2023,11,WR,00-0030564,DeAndre Hopkins,15.9,13.5,11.255,10.914,2.3,9.483,20.276,2.4,4.986,4.645,-2.586,-2.245
2023,11,WR,00-0031235,Odell Beckham Jr.,15.6,8.875,8.025,7.63,1.111,5.948,17.286,6.725,7.97,7.575,-1.245,-0.85
2023,11,WR,00-0031236,Brandin Cooks,7.2,15.8,10.179,10.518,1.772,8.72,20.228,8.6,3.318,2.979,5.282,5.621
2023,11,WR,00-0031381,Davante Adams,21.2,9.2,11.718,10.73,3.515,9.033,20.141,12.0,10.47,9.482,1.53,2.518
2023,11,WR,00-0031408,Mike Evans,15.3,18.025,10.664,9.423,3.675,9.635,20.602,2.725,5.877,4.636,-3.152,-1.911
2023,11,WR,00-0031428,Allen Robinson,5.0,2.9,4.691,4.463,0.226,4.647,13.136,2.1,0.537,0.309,1.563,1.791
2023,11,WR,00-0031544,Amari Cooper,7.4,14.95,11.498,9.531,2.868,9.625,21.982,7.55,2.131,4.098,5.419,3.452
2023,11,WR,00-0031549,Nelson Agholor,10.7,2.35,4.836,5.374,0.022,3.468,12.646,8.35,5.326,5.864,3.024,2.486
2023,11,WR,00-0031588,Stefon Diggs,6.7,15.7,16.718,18.196,4.388,12.834,24.922,9.0,11.496,10.018,-2.496,-1.018
2023,11,WR,00-0031763,DeAndre Carter,0.0,1.0,-0.108,0.216,-0.189,0.055,3.526,1.0,0.216,0.108,0.784,0.892
2023,11,WR,00-0031941,Jamison Crowder,3.2,7.2,5.152,5.566,0.29,4.71,14.266,4.0,2.366,1.952,1.634,2.048
2023,11,WR,00-0032211,Tyler Lockett,10.1,14.825,13.72,13.702,3.18,11.999,24.394,4.725,3.602,3.62,1.123,1.105
2023,11,WR,00-0032385,Sterling Shepard,1.5,3.1,3.091,3.361,-0.015,2.443,10.766,1.6,1.861,1.591,-0.261,0.009
2023,11,WR,00-0032398,Chris Moore,9.7,3.75,5.329,5.847,0.041,4.118,12.8,5.95,3.853,4.371,2.097,1.579
2023,11,WR,00-0032464,Kalif Raymond,1.5,5.1,6.419,6.285,0.233,4.601,14.093,3.6,4.785,4.919,-1.185,-1.319
2023,11,WR,00-0032543,Alex Erickson,2.2,0.0,2.283,3.501,-0.058,1.992,10.929,2.2,1.301,0.083,0.899,2.117
2023,11,WR,00-0032688,Robbie Chosen,5.9,4.025,3.95,3.858,-0.053,2.704,11.283,1.875,2.042,1.95,-0.167,-0.075
2023,11,WR,00-0032775,Demarcus Robinson,4.4,4.1,5.188,4.912,0.031,3.941,14.2,0.3,0.512,0.788,-0.212,-0.488
2023,11,WR,00-0033009,Tyler Boyd,5.2,14.675,12.554,13.68,2.901,10.887,20.862,9.475,8.48,7.354,0.995,2.121
2023,11,WR,00-0033040,Tyreek Hill,30.6,22.95,19.552,20.684,8.287,15.133,27.324,7.65,9.916,11.048,-2.266,-3.398
2023,11,WR,00-0033282,Curtis Samuel,1.5,7.375,6.995,6.179,1.323,5.542,16.376,5.875,4.679,5.495,1.196,0.38
2023,11,WR,00-0033292,Trent Taylor,0.0,-0.05,0.208,0.263,-0.189,-0.085,4.378,0.05,0.263,0.208,-0.213,-0.158
2023,11,WR,00-0033891,Zay Jones,6.0,8.475,8.767,9.844,1.071,8.875,18.675,2.475,3.844,2.767,-1.369,-0.292
2023,11,WR,00-0033908,Cooper Kupp,2.1,11.9,14.681,16.65,4.758,11.635,23.083,9.8,14.55,12.581,-4.75,-2.781
2023,11,WR,00-0033921,Chris Godwin Jr.,9.9,10.85,10.182,9.787,2.414,9.297,20.511,0.95,0.113,0.282,0.837,0.668
2023,11,WR,00-0033943,Josh Reynolds,2.1,4.525,7.228,7.312,0.24,5.569,16.578,2.425,5.212,5.128,-2.787,-2.703
2023,11,WR,00-0034272,Marquez Valdes-Scantling,0.0,6.075,6.875,7.201,0.482,5.337,15.195,6.075,7.201,6.875,-1.126,-0.8
2023,11,WR,00-0034279,Equanimeous St. Brown,3.9,1.45,4.273,4.599,-0.027,3.103,11.685,2.45,0.699,0.373,1.751,2.077
2023,11,WR,00-0034297,Byron Pringle,5.2,3.2,3.768,3.801,-0.021,2.551,11.24,2.0,1.399,1.432,0.601,0.568
2023,11,WR,00-0034348,Courtland Sutton,16.6,15.6,12.118,12.078,3.048,10.481,22.166,1.0,4.522,4.482,-3.522,-3.482
2023,11,WR,00-0034386,Justin Watson,16.3,4.325,5.674,5.358,0.013,3.935,12.833,11.975,10.942,10.626,1.033,1.349
2023,11,WR,00-0034407,Ray-Ray McCloud,0.0,3.5,1.57,0.402,-0.187,0.005,2.655,3.5,0.402,1.57,3.098,1.93
2023,11,WR,00-0034418,Cedrick Wilson Jr.,5.3,8.3,6.382,6.223,0.081,5.294,13.968,3.0,0.923,1.082,2.077,1.918
2023,11,WR,00-0034521,Allen Lazard,0.0,3.95,6.007,5.917,1.117,5.448,15.856,3.95,5.917,6.007,-1.967,-2.057
2023,11,WR,00-0034646,Brandon Powell,6.2,7.525,7.359,7.687,0.456,5.648,16.362,1.325,1.487,1.159,-0.162,0.166
2023,11,WR,00-0034764,Michael Gallup,6.1,7.075,7.097,6.933,0.485,5.972,15.223,0.975,0.833,0.997,0.142,-0.022
2023,11,WR,00-0034775,Christian Kirk,7.8,13.975,13.055,13.453,3.577,12.025,22.116,6.175,5.653,5.255,0.522,0.92
2023,11,WR,00-0034827,DJ Moore,22.6,9.8,12.164,12.351,3.15,10.544,21.555,12.8,10.249,10.436,2.551,2.364
2023,11,WR,00-0034837,Calvin Ridley,31.1,6.6,10.773,10.878,2.056,9.165,19.626,24.5,20.222,20.327,4.278,4.173
2023,11,WR,00-0034928,Steven Sims,4.5,3.4,5.45,5.489,0.041,3.604,14.049,1.1,0.989,0.95,0.111,0.15
2023,11,WR,00-0034960,Jakobi Meyers,8.9,9.625,10.09,10.289,2.019,7.434,17.818,0.725,1.389,1.19,-0.664,-0.465
2023,11,WR,00-0034983,Hunter Renfrow,9.2,3.5,4.593,5.349,0.045,3.629,13.657,5.7,3.851,4.607,1.849,1.093
2023,11,WR,00-0035140,Mecole Hardman,3.2,2.3,4.729,4.572,0.009,2.906,12.75,0.9,1.372,1.529,-0.472,-0.629
2023,11,WR,00-0035208,Olamide Zaccheaus,0.0,1.2,4.628,5.425,0.025,3.748,12.67,1.2,5.425,4.628,-4.225,-3.428
2023,11,WR,00-0035215,Deonte Harty,-0.2,0.5,2.234,3.049,-0.059,2.247,10.63,0.7,3.249,2.434,-2.549,-1.734
2023,11,WR,00-0035216,Diontae Johnson,3.6,13.525,10.662,9.033,2.914,8.646,21.251,9.925,5.433,7.062,4.492,2.863
2023,11,WR,00-0035341,Trenton Irwin,6.6,4.45,5.56,6.122,0.27,4.638,15.087,2.15,0.478,1.04,1.672,1.11
2023,11,WR,00-0035406,Lil'Jordan Humphrey,0.0,3.75,3.722,3.948,-0.026,2.65,11.335,3.75,3.948,3.722,-0.198,0.028
2023,11,WR,00-0035500,Greg Dortch,13.6,0.3,2.605,4.463,0.111,3.851,11.714,13.3,9.137,10.995,4.163,2.305
2023,11,WR,00-0035535,Darius Slayton,18.2,4.775,7.465,7.002,0.775,5.788,16.76,13.425,11.198,10.735,2.227,2.69
2023,11,WR,00-0035640,DK Metcalf,20.4,11.35,12.564,12.283,3.396,11.382,24.117,9.05,8.117,7.836,0.933,1.214
2023,11,WR,00-0035645,Gunner Olszewski,0.0,0.0,-0.754,0.306,-0.189,-0.102,3.741,0.0,0.306,0.754,-0.306,-0.754
2023,11,WR,00-0035659,Terry McLaurin,9.3,12.975,13.712,14.95,4.146,11.591,23.379,3.675,5.65,4.412,-1.975,-0.737
2023,11,WR,00-0035662,Marquise Brown,3.2,8.35,11.732,11.886,2.653,10.583,20.694,5.15,8.686,8.532,-3.536,-3.382
2023,11,WR,00-0035676,A.J. Brown,1.8,25.6,16.453,15.294,5.645,13.237,25.965,23.8,13.494,14.653,10.306,9.147
2023,11,WR,00-0035719,Deebo Samuel Sr.,9.2,7.275,9.347,8.814,1.3,5.904,19.593,1.925,0.386,0.147,1.539,1.778
2023,11,WR,00-0036133,James Proche,0.0,0.0,-0.324,-0.224,-0.189,-0.03,2.703,0.0,0.224,0.324,-0.224,-0.324
2023,11,WR,00-0036165,Isaiah Hodgins,4.2,1.8,4.337,4.741,0.034,3.642,12.249,2.4,0.541,0.137,1.859,2.263
2023,11,WR,00-0036182,Nick Westbrook-Ikhine,1.7,5.25,5.165,5.312,0.032,4.231,12.488,3.55,3.612,3.465,-0.062,0.085
2023,11,WR,00-0036233,Donovan Peoples-Jones,0.0,1.475,6.165,6.809,0.933,4.925,14.918,1.475,6.809,6.165,-5.334,-4.69
2023,11,WR,00-0036259,Jauan Jennings,0.0,4.2,6.326,6.165,0.223,4.954,15.268,4.2,6.165,6.326,-1.965,-2.126
2023,11,WR,00-0036261,Brandon Aiyuk,26.6,13.175,13.315,13.381,3.561,12.027,23.727,13.425,13.219,13.285,0.206,0.14
2023,11,WR,00-0036268,Laviska Shenault Jr.,2.9,3.0,3.474,3.873,-0.015,2.355,12.196,0.1,0.973,0.574,-0.873,-0.474
2023,11,WR,00-0036309,Darnell Mooney,3.4,7.35,9.453,9.74,1.844,7.621,18.733,3.95,6.34,6.053,-2.39,-2.103
2023,11,WR,00-0036331,Devin Duvernay,0.0,0.75,0.392,0.2,-0.189,0.055,3.667,0.75,0.2,0.392,0.55,0.358
2023,11,WR,00-0036345,K.J. Osborn,1.7,10.025,10.031,10.135,2.232,13.029,19.254,8.325,8.435,8.331,-0.11,-0.006
2023,11,WR,00-0036358,CeeDee Lamb,16.5,31.825,17.906,16.175,7.443,14.743,26.878,15.325,0.325,1.406,15.0,13.919
2023,11,WR,00-0036407,Jerry Jeudy,10.8,8.825,10.991,11.147,2.925,8.658,20.818,1.975,0.347,0.191,1.628,1.784
2023,11,WR,00-0036527,DJ Turner,0.0,0.15,0.374,0.21,-0.189,0.092,3.574,0.15,0.21,0.374,-0.06,-0.224
2023,11,WR,00-0036550,Rashod Bateman,8.0,5.775,6.885,6.481,0.169,4.625,14.476,2.225,1.519,1.115,0.706,1.11
2023,11,WR,00-0036554,Nico Collins,13.5,10.075,12.008,11.57,2.016,9.13,22.668,3.425,1.93,1.492,1.495,1.933
2023,11,WR,00-0036613,Jaylen Waddle,9.5,15.975,13.784,13.534,2.892,10.955,25.622,6.475,4.034,4.284,2.441,2.191
2023,11,WR,00-0036620,Dee Eskridge,0.0,-0.125,2.398,3.647,-0.024,2.104,11.174,0.125,3.647,2.398,-3.522,-2.273
2023,11,WR,00-0036626,Dyami Brown,1.7,4.35,3.867,4.025,-0.015,2.789,11.679,2.65,2.325,2.167,0.325,0.483
2023,11,WR,00-0036635,Ihmir Smith-Marsette,0.0,1.5,-0.611,0.402,-0.185,0.306,4.54,1.5,0.402,0.611,1.098,0.889
2023,11,WR,00-0036841,Austin Trammell,5.3,0.4,2.155,3.539,-0.022,2.036,11.174,4.9,1.761,3.145,3.139,1.755
2023,11,WR,00-0036849,Tutu Atwell,2.7,6.575,7.702,7.409,1.03,5.619,16.877,3.875,4.709,5.002,-0.834,-1.127
2023,11,WR,00-0036862,Ben Skowronek,0.0,2.525,0.607,0.091,-0.189,-0.03,2.655,2.525,0.091,0.607,2.434,1.918
2023,11,WR,00-0036900,Ja'Marr Chase,9.2,17.675,17.936,18.126,6.276,13.662,26.93,8.475,8.926,8.736,-0.451,-0.261
2023,11,WR,00-0036912,DeVonta Smith,15.9,13.825,11.46,11.049,3.186,9.279,20.47,2.075,4.851,4.44,-2.776,-2.365
2023,11,WR,00-0036913,Kadarius Toney,4.6,3.9,4.732,4.631,0.01,3.385,13.055,0.7,0.031,0.132,0.669,0.568
2023,11,WR,00-0036936,Rondale Moore,12.4,4.95,8.456,8.662,0.892,6.706,18.304,7.45,3.738,3.944,3.712,3.506
2023,11,WR,00-0036963,Amon-Ra St. Brown,21.7,25.225,18.316,17.818,7.314,15.409,28.185,3.525,3.882,3.384,-0.357,0.141
2023,11,WR,00-0036980,Elijah Moore,12.0,8.425,7.809,7.164,0.894,6.651,17.05,3.575,4.836,4.191,-1.261,-0.616
2023,11,WR,00-0037132,Britain Covey,0.0,0.0,-0.027,0.521,-0.185,0.013,4.54,0.0,0.521,0.027,-0.521,-0.027
2023,11,WR,00-0037156,Irvin Charles,0.0,0.0,0.264,0.615,-0.185,1.216,4.54,0.0,0.615,0.264,-0.615,-0.264
2023,11,WR,00-0037240,Jameson Williams,12.4,5.175,5.416,4.784,0.043,3.792,13.064,7.225,7.616,6.984,-0.391,0.241
2023,11,WR,00-0037247,George Pickens,7.7,8.575,8.721,7.73,1.609,7.18,17.918,0.875,0.03,1.021,0.845,-0.146
2023,11,WR,00-0037261,Khalil Shakir,20.5,8.95,7.84,7.748,0.833,6.099,16.882,11.55,12.752,12.66,-1.202,-1.11
2023,11,WR,00-0037273,Kyle Philips,2.0,6.725,5.844,6.46,0.591,4.817,15.171,4.725,4.46,3.844,0.265,0.881
2023,11,WR,00-0037487,Deven Thompkins,1.7,1.125,2.889,4.333,0.01,3.049,12.541,0.575,2.633,1.189,-2.058,-0.614
2023,11,WR,00-0037614,John Metchie III,2.2,3.525,4.267,4.292,-0.017,2.649,11.634,1.325,2.092,2.067,-0.767,-0.742
2023,11,WR,00-0037666,Jalen Tolbert,3.2,4.025,5.285,5.565,0.029,4.363,13.793,0.825,2.365,2.085,-1.54,-1.26
2023,11,WR,00-0037740,Garrett Wilson,0.9,16.475,15.484,15.378,7.342,11.958,23.085,15.575,14.478,14.584,1.097,0.991
2023,11,WR,00-0037741,Jahan Dotson,11.3,12.75,9.655,9.989,2.283,8.521,19.3,1.45,1.311,1.645,0.139,-0.195
2023,11,WR,00-0037801,KaVontae Turpin,4.3,4.85,3.744,3.388,-0.057,2.615,10.782,0.55,0.912,0.556,-0.362,-0.006
2023,11,WR,00-0037816,Romeo Doubs,16.3,10.375,8.822,9.015,1.585,7.277,19.18,5.925,7.285,7.478,-1.36,-1.553
2023,11,WR,00-0037837,Calvin Austin III,0.0,1.975,0.238,-0.136,-0.189,-0.016,2.655,1.975,0.136,0.238,1.839,1.737
2023,11,WR,00-0038090,Skyy Moore,1.4,3.7,5.999,5.938,0.043,4.202,13.857,2.3,4.538,4.599,-2.238,-2.299
2023,11,WR,00-0038117,Wan'Dale Robinson,6.7,5.25,6.851,6.923,0.41,4.806,13.655,1.45,0.223,0.151,1.227,1.299
2023,11,WR,00-0038124,Christian Watson,10.2,5.25,8.302,8.382,1.147,6.883,18.534,4.95,1.818,1.898,3.132,3.052
2023,11,WR,00-0038393,Dontayvion Wicks,12.1,5.79,5.976,6.406,0.252,4.863,15.011,6.31,5.694,6.124,0.616,0.186
2023,11,WR,00-0038465,Malik Heath,1.7,0.0,2.735,3.653,-0.052,2.284,11.174,1.7,1.953,1.035,-0.253,0.665
2023,11,WR,00-0038496,Xavier Gipson,1.7,2.675,3.755,4.56,0.018,3.453,12.193,0.975,2.86,2.055,-1.885,-1.08
2023,11,WR,00-0038543,Jaxon Smith-Njigba,7.0,12.625,10.176,9.909,2.219,8.354,19.953,5.625,2.909,3.176,2.716,2.449
2023,11,WR,00-0038544,Quentin Johnston,4.1,7.5,7.758,7.28,0.445,5.711,16.909,3.4,3.18,3.658,0.22,-0.258
2023,11,WR,00-0038563,Tre Tucker,5.0,5.1,4.04,4.658,-0.018,3.005,12.205,0.1,0.342,0.96,-0.242,-0.86
2023,11,WR,00-0038573,Derius Davis,0.7,3.875,3.508,4.325,0.003,2.605,12.284,3.175,3.625,2.808,-0.45,0.367
2023,11,WR,00-0038576,Charlie Jones,0.0,2.533,0.108,0.06,-0.189,-0.089,2.655,2.533,0.06,0.108,2.473,2.426
2023,11,WR,00-0038752,Jake Bobo,1.8,9.075,6.046,6.721,0.158,4.462,12.908,7.275,4.921,4.246,2.354,3.029
2023,11,WR,00-0038821,Rakim Jarrett,5.1,0.8,2.19,3.255,-0.025,2.371,10.368,4.3,1.845,2.91,2.455,1.39
2023,11,WR,00-0038891,Shedrick Jackson,0.0,0.0,-0.177,0.432,-0.185,0.013,4.791,0.0,0.432,0.177,-0.432,-0.177
2023,11,WR,00-0038938,Jalin Hyatt,1.7,4.625,5.285,5.728,0.175,4.199,13.703,2.925,4.028,3.585,-1.103,-0.66
2023,11,WR,00-0038941,Tyler Scott,-0.6,2.75,5.246,5.815,0.037,4.144,12.812,3.35,6.415,5.846,-3.065,-2.496
2023,11,WR,00-0038976,Marvin Mims Jr.,3.2,-0.1,4.014,4.514,-0.02,3.661,12.481,3.3,1.314,0.814,1.986,2.486
2023,11,WR,00-0038977,Tank Dell,28.9,15.725,12.707,12.444,3.937,11.738,23.768,13.175,16.456,16.193,-3.281,-3.018
2023,11,WR,00-0038979,Cedric Tillman,2.0,0.933,4.219,4.358,0.103,3.532,12.147,1.067,2.358,2.219,-1.292,-1.153
2023,11,WR,00-0038994,Jordan Addison,7.4,18.45,13.022,12.566,3.094,10.978,23.277,11.05,5.166,5.622,5.884,5.428
2023,11,WR,00-0039052,Trey Palmer,6.8,4.725,6.655,6.579,0.705,5.827,16.966,2.075,0.221,0.145,1.854,1.93
2023,11,WR,00-0039062,Jonathan Mingo,1.6,5.2,9.269,10.632,1.407,8.576,16.86,3.6,9.032,7.669,-5.432,-4.069
2023,11,WR,00-0039064,Zay Flowers,8.0,8.2,10.421,10.085,2.055,8.34,19.514,0.2,2.085,2.421,-1.885,-2.221
2023,11,WR,00-0039067,Rashee Rice,8.2,11.875,8.906,8.86,1.428,7.617,18.01,3.675,0.66,0.706,3.015,2.969
2023,11,WR,00-0039075,Puka Nacua,18.7,10.875,15.036,15.347,4.747,12.399,24.508,7.825,3.353,3.664,4.472,4.161
2023,11,WR,00-0039146,Jayden Reed,19.2,12.45,8.376,8.933,1.209,7.472,18.299,6.75,10.267,10.824,-3.517,-4.074
2023,12,RB,00-0030513,Latavius Murray,7.8,5.625,6.84,7.199,0.954,5.955,17.124,2.175,0.601,0.96,1.574,1.215
2023,12,RB,00-0030578,Cordarrelle Patterson,4.3,2.9,4.411,5.334,0.184,3.342,13.84,1.4,1.034,0.111,0.366,1.289
2023,12,RB,00-0031687,Raheem Mostert,21.4,10.375,13.176,13.184,3.984,11.399,23.262,11.025,8.216,8.224,2.809,2.801
2023,12,RB,00-0032104,Ameer Abdullah,2.3,2.55,2.711,2.867,0.077,2.756,9.512,0.25,0.567,0.411,-0.317,-0.161
2023,12,RB,00-0032764,Derrick Henry,20.6,10.95,11.267,11.223,3.138,9.643,20.556,9.65,9.377,9.333,0.273,0.317
2023,12,RB,00-0033045,Ezekiel Elliott,7.2,7.425,7.609,7.665,1.15,5.85,17.845,0.225,0.465,0.409,-0.24,-0.184
2023,12,RB,00-0033280,Christian McCaffrey,30.9,23.475,22.592,26.287,10.471,20.567,29.355,7.425,4.613,8.308,2.812,-0.883
2023,12,RB,00-0033308,Matt Breida,2.6,1.25,4.013,4.998,0.191,3.105,12.847,1.35,2.398,1.413,-1.048,-0.063
2023,12,RB,00-0033526,Samaje Perine,13.6,8.05,6.601,6.281,1.76,5.464,13.83,5.55,7.319,6.999,-1.769,-1.449
2023,12,RB,00-0033553,James Conner,7.2,6.7,9.991,9.679,2.717,8.739,19.102,0.5,2.479,2.791,-1.979,-2.291
2023,12,RB,00-0033699,Austin Ekeler,9.4,18.2,15.283,15.56,4.454,12.388,26.711,8.8,6.16,5.883,2.64,2.917
2023,12,RB,00-0033893,Dalvin Cook,4.1,1.55,3.138,3.958,0.243,3.082,12.261,2.55,0.142,0.962,2.408,1.588
2023,12,RB,00-0033897,Joe Mixon,8.0,17.825,13.671,13.649,4.321,11.828,23.349,9.825,5.649,5.671,4.176,4.154
2023,12,RB,00-0033906,Alvin Kamara,15.9,21.45,15.452,16.376,6.249,15.716,27.525,5.55,0.476,0.448,5.074,5.102
2023,12,RB,00-0033923,Kareem Hunt,2.2,9.85,8.33,8.587,1.497,7.047,18.355,7.65,6.387,6.13,1.263,1.52
2023,12,RB,00-0033948,Jamaal Williams,3.0,2.85,5.465,5.889,0.556,4.036,13.818,0.15,2.889,2.465,-2.739,-2.315
2023,12,RB,00-0034115,Jeff Wilson,10.3,5.825,5.333,5.266,0.314,4.536,13.764,4.475,5.034,4.967,-0.559,-0.492
2023,12,RB,00-0034184,Gus Edwards,4.7,19.35,11.427,11.894,3.581,10.316,22.192,14.65,7.194,6.727,7.456,7.923
2023,12,RB,00-0034414,Boston Scott,1.4,1.2,4.084,4.332,0.14,2.725,12.273,0.2,2.932,2.684,-2.732,-2.484
2023,12,RB,00-0034433,Nick Bawden,1.6,2.7,1.681,2.158,0.123,1.614,10.674,1.1,0.558,0.081,0.542,1.019
2023,12,RB,00-0034681,Chase Edmonds,1.1,2.275,4.469,4.552,0.243,3.494,13.263,1.175,3.452,3.369,-2.277,-2.194
2023,12,RB,00-0034838,Royce Freeman,13.7,6.875,10.068,11.053,2.236,7.347,19.281,6.825,2.647,3.632,4.178,3.193
2023,12,RB,00-0034844,Saquon Barkley,6.2,16.8,16.643,16.963,6.8,13.005,22.699,10.6,10.763,10.443,-0.163,0.157
2023,12,RB,00-0034972,Alexander Mattison,8.3,8.225,10.579,11.219,2.849,9.241,21.926,0.075,2.919,2.279,-2.844,-2.204
2023,12,RB,00-0034975,Justice Hill,3.1,3.975,6.952,6.889,0.82,5.111,16.129,0.875,3.789,3.852,-2.914,-2.977
2023,12,RB,00-0035243,Miles Sanders,2.8,4.575,6.169,6.432,0.993,6.169,16.174,1.775,3.632,3.369,-1.857,-1.594
2023,12,RB,00-0035250,Devin Singletary,13.2,13.45,14.306,13.888,3.896,12.059,23.596,0.25,0.688,1.106,-0.438,-0.856
2023,12,RB,00-0035261,Tony Pollard,22.3,9.825,14.548,15.507,4.999,11.98,25.355,12.475,6.793,7.752,5.682,4.723
2023,12,RB,00-0035291,Trayveon Williams,0.0,1.275,0.235,0.177,-0.168,-0.082,2.707,1.275,0.177,0.235,1.098,1.04
2023,12,RB,00-0035537,Ty Johnson,1.9,3.75,3.834,4.33,0.298,3.294,12.056,1.85,2.43,1.934,-0.58,-0.084
2023,12,RB,00-0035594,Travis Homer,0.0,0.0,-0.796,-0.075,-0.194,-0.086,2.785,0.0,0.075,0.796,-0.075,-0.796
2023,12,RB,00-0035628,D'Ernest Johnson,7.1,3.775,5.086,5.431,0.315,3.503,13.608,3.325,1.669,2.014,1.656,1.311
2023,12,RB,00-0035685,David Montgomery,15.1,15.15,12.154,12.528,3.351,12.658,23.287,0.05,2.572,2.946,-2.522,-2.896
2023,12,RB,00-0035700,Josh Jacobs,22.5,14.35,12.568,11.393,4.046,11.721,22.197,8.15,11.107,9.932,-2.957,-1.782
2023,12,RB,00-0035973,Patrick Taylor,2.5,2.725,4.565,3.95,0.364,3.453,12.481,0.225,1.45,2.065,-1.225,-1.84
2023,12,RB,00-0036139,Rico Dowdle,9.6,5.8,6.924,6.724,0.769,4.863,15.559,3.8,2.876,2.676,0.924,1.124
2023,12,RB,00-0036223,Jonathan Taylor,21.1,16.025,14.14,13.439,4.36,11.542,24.547,5.075,7.661,6.96,-2.586,-1.885
2023,12,RB,00-0036251,Zack Moss,9.0,6.1,6.396,5.688,0.579,4.656,15.312,2.9,3.312,2.604,-0.412,0.296
2023,12,RB,00-0036265,AJ Dillon,11.1,8.675,10.11,10.263,2.539,8.596,20.29,2.425,0.837,0.99,1.588,1.435
2023,12,RB,00-0036275,D'Andre Swift,9.4,13.5,12.735,12.331,3.874,11.13,23.645,4.1,2.931,3.335,1.169,0.765
2023,12,RB,00-0036297,Darrynton Evans,1.6,6.0,5.177,4.743,0.281,3.579,13.581,4.4,3.143,3.577,1.257,0.823
2023,12,RB,00-0036328,Antonio Gibson,6.7,10.85,7.662,7.72,1.833,7.528,17.165,4.15,1.02,0.962,3.13,3.188
2023,12,RB,00-0036360,Clyde Edwards-Helaire,0.5,1.375,3.584,3.917,0.137,2.655,12.57,0.875,3.417,3.084,-2.542,-2.209
2023,12,RB,00-0036370,Joshua Kelley,3.4,2.05,5.206,4.98,0.507,3.547,13.864,1.35,1.58,1.806,-0.23,-0.456
2023,12,RB,00-0036425,DeeJay Dallas,2.5,0.6,1.784,2.876,0.034,1.86,9.351,1.9,0.376,0.716,1.524,1.184
2023,12,RB,00-0036555,Chuba Hubbard,20.2,8.125,9.033,9.123,2.38,8.953,19.644,12.075,11.077,11.167,0.998,0.908
2023,12,RB,00-0036567,Elijah Mitchell,4.6,1.2,3.985,4.314,0.268,3.051,13.386,3.4,0.286,0.615,3.114,2.785
2023,12,RB,00-0036842,Kene Nwangwu,0.0,1.2,-0.047,0.18,-0.194,-0.048,2.732,1.2,0.18,0.047,1.02,1.153
2023,12,RB,00-0036875,Rhamondre Stevenson,21.7,14.4,14.601,14.839,4.087,12.629,23.478,7.3,6.861,7.099,0.439,0.201
2023,12,RB,00-0036893,Najee Harris,15.9,12.325,12.1,12.086,3.117,9.534,21.642,3.575,3.814,3.8,-0.239,-0.225
2023,12,RB,00-0036906,Khalil Herbert,5.8,9.85,11.431,12.04,2.866,9.858,21.79,4.05,6.24,5.631,-2.19,-1.581
2023,12,RB,00-0036919,Kenny Gainwell,5.6,6.0,5.777,5.98,0.687,4.471,14.214,0.4,0.38,0.177,0.02,0.223
2023,12,RB,00-0036924,Michael Carter,7.4,2.275,4.052,4.029,0.188,3.569,12.04,5.125,3.371,3.348,1.754,1.777
2023,12,RB,00-0036973,Travis Etienne,12.6,15.975,15.139,14.235,4.257,11.698,25.853,3.375,1.635,2.539,1.74,0.836
2023,12,RB,00-0036997,Javonte Williams,10.1,14.925,11.755,10.731,2.938,9.819,21.911,4.825,0.631,1.655,4.194,3.17
2023,12,RB,00-0037197,Isiah Pacheco,25.9,9.85,13.27,13.914,3.551,10.779,23.256,16.05,11.986,12.63,4.064,3.42
2023,12,RB,00-0037228,Jaylen Warren,7.2,16.15,13.335,13.341,2.538,10.533,24.865,8.95,6.141,6.135,2.809,2.815
2023,12,RB,00-0037248,James Cook,16.0,11.85,10.851,11.485,2.73,9.175,20.94,4.15,4.515,5.149,-0.365,-0.999
2023,12,RB,00-0037256,Rachaad White,13.0,20.35,17.041,16.983,5.608,14.868,27.923,7.35,3.983,4.041,3.367,3.309
2023,12,RB,00-0037258,Dameon Pierce,2.8,7.25,9.543,10.074,1.601,8.477,20.885,4.45,7.274,6.743,-2.824,-2.293
2023,12,RB,00-0037263,Tyler Allgeier,6.4,8.275,7.536,8.149,1.207,6.185,17.901,1.875,1.749,1.136,0.126,0.739
2023,12,RB,00-0037267,Jerome Ford,11.9,10.35,13.047,12.769,2.877,9.6,22.147,1.55,0.869,1.147,0.681,0.403
2023,12,RB,00-0037276,Ty Chandler,2.1,6.925,7.355,7.019,0.884,5.275,16.317,4.825,4.919,5.255,-0.094,-0.43
2023,12,RB,00-0037525,Jordan Mason,0.0,0.0,0.531,0.327,-0.194,-0.009,2.976,0.0,0.327,0.531,-0.327,-0.531
2023,12,RB,00-0037746,Brian Robinson,8.4,17.375,13.662,13.402,3.692,10.259,24.036,8.975,5.002,5.262,3.973,3.713
2023,12,RB,00-0037840,Kyren Williams,38.4,16.425,16.298,16.244,5.811,13.276,27.114,21.975,22.156,22.102,-0.181,-0.127
2023,12,RB,00-0038040,Zamir White,0.0,2.25,2.867,3.768,0.148,2.788,12.002,2.25,3.768,2.867,-1.518,-0.617
2023,12,RB,00-0038120,Breece Hall,11.9,15.025,12.506,12.889,4.071,10.726,22.08,3.125,0.989,0.606,2.136,2.519
2023,12,RB,00-0038454,Keaton Mitchell,10.9,10.25,8.517,7.689,0.966,5.515,17.274,0.65,3.211,2.383,-2.561,-1.733
2023,12,RB,00-0038542,Bijan Robinson,27.3,9.0,11.631,10.966,2.72,9.504,21.549,18.3,16.334,15.669,1.966,2.631
2023,12,RB,00-0038555,Tank Bigsby,0.6,0.425,3.387,3.838,0.179,2.574,11.976,0.175,3.238,2.787,-3.063,-2.612
2023,12,RB,00-0038597,Chase Brown,0.0,1.025,-0.662,0.067,-0.194,-0.086,2.707,1.025,0.067,0.662,0.958,0.363
2023,12,RB,00-0038611,Chris Rodriguez Jr.,2.1,2.3,3.258,4.316,0.278,3.156,12.526,0.2,2.216,1.158,-2.016,-0.958
2023,12,RB,00-0038705,Emari Demercado,1.5,8.95,10.052,9.938,2.23,9.218,20.283,7.45,8.438,8.552,-0.988,-1.102
2023,12,RB,00-0038794,Jaleel McLaughlin,0.4,5.3,4.957,4.765,0.404,3.566,13.442,4.9,4.365,4.557,0.535,0.343
2023,12,RB,00-0039021,Roschon Johnson,12.5,4.7,7.011,7.204,0.83,5.409,15.904,7.8,5.296,5.489,2.504,2.311
2023,12,RB,00-0039032,Tyjae Spears,1.7,6.85,9.218,9.877,1.942,7.981,17.159,5.15,8.177,7.518,-3.027,-2.368
2023,12,RB,00-0039136,Zach Evans,0.6,0.5,3.19,4.076,0.141,2.105,11.804,0.1,3.476,2.59,-3.376,-2.49
2023,12,RB,00-0039139,Jahmyr Gibbs,11.3,26.3,19.401,20.085,7.751,17.112,27.541,15.0,8.785,8.101,6.215,6.899
2023,12,RB,00-0039165,Zach Charbonnet,9.8,8.45,9.923,10.33,2.363,9.03,20.344,1.35,0.53,0.123,0.82,1.227
2023,12,WR,00-0027944,Julio Jones,1.0,3.725,4.886,4.941,0.094,3.722,12.684,2.725,3.941,3.886,-1.216,-1.161
2023,12,WR,00-0030035,Adam Thielen,1.2,12.175,14.158,13.53,3.138,11.608,22.924,10.975,12.33,12.958,-1.355,-1.983
2023,12,WR,00-0030279,Keenan Allen,22.6,24.675,17.162,15.714,6.532,14.59,26.951,2.075,6.886,5.438,-4.811,-3.363
2023,12,WR,00-0030431,Robert Woods,6.0,6.375,8.405,8.46,1.0,6.936,17.784,0.375,2.46,2.405,-2.085,-2.03
2023,12,WR,00-0030564,DeAndre Hopkins,7.9,16.725,10.751,10.178,2.006,9.698,21.796,8.825,2.278,2.851,6.547,5.974
2023,12,WR,00-0031235,Odell Beckham Jr.,6.4,10.3,9.534,9.263,1.645,6.861,20.123,3.9,2.863,3.134,1.037,0.766
2023,12,WR,00-0031236,Brandin Cooks,17.2,13.85,11.164,11.808,2.588,8.333,19.539,3.35,5.392,6.036,-2.042,-2.686
2023,12,WR,00-0031381,Davante Adams,12.3,11.325,12.563,10.972,3.704,10.282,20.564,0.975,1.328,0.263,-0.353,0.712
2023,12,WR,00-0031408,Mike Evans,25.0,16.8,13.238,13.071,2.728,11.557,24.743,8.2,11.929,11.762,-3.729,-3.562
2023,12,WR,00-0031428,Allen Robinson,2.1,2.175,5.554,5.622,0.456,5.049,13.952,0.075,3.522,3.454,-3.447,-3.379
2023,12,WR,00-0031544,Amari Cooper,3.6,15.75,12.648,12.059,3.202,10.313,21.982,12.15,8.459,9.048,3.691,3.102
2023,12,WR,00-0031547,DeVante Parker,7.2,2.475,5.078,5.577,-0.004,4.06,13.833,4.725,1.623,2.122,3.102,2.603
2023,12,WR,00-0031549,Nelson Agholor,3.1,2.975,5.303,5.995,0.023,3.747,13.617,0.125,2.895,2.203,-2.77,-2.078
2023,12,WR,00-0031588,Stefon Diggs,19.4,12.925,14.104,14.146,3.919,12.023,23.839,6.475,5.254,5.296,1.221,1.179
2023,12,WR,00-0031763,DeAndre Carter,0.0,1.0,-0.393,0.241,-0.191,0.064,3.684,1.0,0.241,0.393,0.759,0.607
2023,12,WR,00-0031941,Jamison Crowder,0.0,8.0,2.278,0.463,-0.198,-0.047,2.684,8.0,0.463,2.278,7.537,5.722
2023,12,WR,00-0032200,Ty Montgomery,0.0,0.475,1.903,3.308,0.002,2.418,10.64,0.475,3.308,1.903,-2.833,-1.428
2023,12,WR,00-0032211,Tyler Lockett,6.0,15.4,11.576,11.251,3.42,9.877,21.498,9.4,5.251,5.576,4.149,3.824
2023,12,WR,00-0032385,Sterling Shepard,1.6,3.075,3.064,3.079,-0.014,2.68,9.585,1.475,1.479,1.464,-0.004,0.011
2023,12,WR,00-0032398,Chris Moore,7.2,4.825,5.104,5.214,0.098,4.618,12.385,2.375,1.986,2.096,0.389,0.279
2023,12,WR,00-0032464,Kalif Raymond,14.6,4.075,5.407,5.507,0.104,4.171,13.413,10.525,9.093,9.193,1.432,1.332
2023,12,WR,00-0032543,Alex Erickson,2.7,0.55,2.607,3.222,-0.058,2.361,10.7,2.15,0.522,0.093,1.628,2.057
2023,12,WR,00-0032775,Demarcus Robinson,3.3,3.3,4.777,4.307,0.014,3.055,12.262,0.0,1.007,1.477,-1.007,-1.477
2023,12,WR,00-0033009,Tyler Boyd,5.3,11.775,9.544,9.273,1.533,8.853,20.391,6.475,3.973,4.244,2.502,2.231
2023,12,WR,00-0033040,Tyreek Hill,25.4,23.525,16.795,15.887,6.705,15.226,26.428,1.875,9.513,8.605,-7.638,-6.73
2023,12,WR,00-0033282,Curtis Samuel,19.0,4.2,5.511,5.143,0.496,4.585,15.304,14.8,13.857,13.489,0.943,1.311
2023,12,WR,00-0033292,Trent Taylor,0.0,-0.05,2.035,3.672,-0.021,2.2,11.164,0.05,3.672,2.035,-3.622,-1.985
2023,12,WR,00-0033466,Isaiah McKenzie,0.3,2.75,4.907,4.728,-0.017,2.995,13.468,2.45,4.428,4.607,-1.978,-2.157
2023,12,WR,00-0033589,David Moore,0.0,1.75,3.097,3.59,-0.021,2.372,11.331,1.75,3.59,3.097,-1.84,-1.347
2023,12,WR,00-0033857,JuJu Smith-Schuster,3.0,5.975,5.749,5.618,0.455,4.923,14.533,2.975,2.618,2.749,0.357,0.226
2023,12,WR,00-0033891,Zay Jones,2.0,8.45,7.969,8.201,0.474,7.121,17.434,6.45,6.201,5.969,0.249,0.481
2023,12,WR,00-0033908,Cooper Kupp,4.8,5.475,9.579,9.369,2.388,11.044,21.435,0.675,4.569,4.779,-3.894,-4.104
2023,12,WR,00-0033921,Chris Godwin Jr.,7.5,10.175,10.827,10.933,2.16,9.387,20.634,2.675,3.433,3.327,-0.758,-0.652
2023,12,WR,00-0033943,Josh Reynolds,9.5,3.05,6.477,6.766,0.468,5.21,15.215,6.45,2.734,3.023,3.716,3.427
2023,12,WR,00-0034272,Marquez Valdes-Scantling,0.9,6.075,5.821,6.087,0.046,4.762,14.238,5.175,5.187,4.921,-0.012,0.254
2023,12,WR,00-0034286,Richie James,0.0,5.55,2.42,0.285,-0.224,-0.191,3.378,5.55,0.285,2.42,5.265,3.13
2023,12,WR,00-0034297,Byron Pringle,4.7,3.85,4.462,4.722,0.002,2.826,12.953,0.85,0.022,0.238,0.828,0.612
2023,12,WR,00-0034317,Keith Kirkwood,4.0,0.275,2.86,3.434,-0.051,2.415,11.103,3.725,0.566,1.14,3.159,2.585
2023,12,WR,00-0034348,Courtland Sutton,9.1,16.1,12.087,12.199,2.129,9.775,21.795,7.0,3.099,2.987,3.901,4.013
2023,12,WR,00-0034386,Justin Watson,7.3,6.5,7.133,6.721,0.581,5.746,15.557,0.8,0.579,0.167,0.221,0.633
2023,12,WR,00-0034407,Ray-Ray McCloud,3.3,2.575,3.296,3.958,-0.007,2.536,12.127,0.725,0.658,0.004,0.067,0.721
2023,12,WR,00-0034419,Braxton Berrios,0.0,2.125,4.134,4.898,0.036,3.505,12.713,2.125,4.898,4.134,-2.773,-2.009
2023,12,WR,00-0034487,Trent Sherfield,0.0,0.85,2.962,3.642,-0.059,2.717,11.336,0.85,3.642,2.962,-2.792,-2.112
2023,12,WR,00-0034646,Brandon Powell,7.7,6.35,7.332,7.197,0.556,5.547,15.892,1.35,0.503,0.368,0.847,0.982
2023,12,WR,00-0034764,Michael Gallup,2.3,7.25,7.372,6.991,1.011,5.912,14.75,4.95,4.691,5.072,0.259,-0.122
2023,12,WR,00-0034775,Christian Kirk,12.9,12.45,12.548,12.693,3.35,11.42,22.55,0.45,0.207,0.352,0.243,0.098
2023,12,WR,00-0034777,DJ Chark,6.4,8.0,6.523,6.312,0.439,6.258,15.8,1.6,0.088,0.123,1.512,1.477
2023,12,WR,00-0034827,DJ Moore,22.4,12.1,13.149,12.78,3.582,10.809,23.6,10.3,9.62,9.251,0.68,1.049
2023,12,WR,00-0034837,Calvin Ridley,21.9,12.725,12.894,13.781,2.959,10.632,23.394,9.175,8.119,9.006,1.056,0.169
2023,12,WR,00-0034854,KhaDarel Hodge,0.0,5.6,2.686,0.452,-0.068,0.357,3.419,5.6,0.452,2.686,5.148,2.914
2023,12,WR,00-0034928,Steven Sims,0.0,3.55,1.762,0.452,-0.191,-0.023,2.684,3.55,0.452,1.762,3.098,1.788
2023,12,WR,00-0034960,Jakobi Meyers,20.1,7.35,8.692,8.868,1.055,7.383,17.881,12.75,11.232,11.408,1.518,1.342
2023,12,WR,00-0034983,Hunter Renfrow,7.8,4.95,5.491,5.973,0.366,4.266,13.595,2.85,1.827,2.309,1.023,0.541
2023,12,WR,00-0035208,Olamide Zaccheaus,9.9,0.825,4.666,5.082,0.023,3.605,12.538,9.075,4.818,5.234,4.257,3.841
2023,12,WR,00-0035216,Diontae Johnson,9.0,11.2,13.135,12.852,2.948,10.033,21.365,2.2,3.852,4.135,-1.652,-1.935
2023,12,WR,00-0035298,Scott Miller,1.4,5.9,3.508,3.397,-0.061,2.918,10.126,4.5,1.997,2.108,2.503,2.392
2023,12,WR,00-0035341,Trenton Irwin,3.5,6.1,4.886,5.299,0.766,5.298,14.737,2.6,1.799,1.386,0.801,1.214
2023,12,WR,00-0035406,Lil'Jordan Humphrey,2.3,1.475,3.215,3.457,-0.061,2.489,9.575,0.825,1.157,0.915,-0.332,-0.09
2023,12,WR,00-0035414,Jalen Guyton,1.4,5.625,6.812,6.242,0.361,5.097,14.5,4.225,4.842,5.412,-0.617,-1.187
2023,12,WR,00-0035500,Greg Dortch,11.7,3.7,4.835,5.822,0.357,4.553,13.971,8.0,5.878,6.865,2.122,1.135
2023,12,WR,00-0035527,Andy Isabella,0.0,1.05,0.707,0.208,-0.191,-0.037,2.684,1.05,0.208,0.707,0.842,0.343
2023,12,WR,00-0035535,Darius Slayton,3.6,8.525,7.671,8.097,0.818,9.331,17.611,4.925,4.497,4.071,0.428,0.854
2023,12,WR,00-0035639,Parris Campbell,0.8,1.275,2.24,3.056,0.0,2.677,11.24,0.475,2.256,1.44,-1.781,-0.965
2023,12,WR,00-0035640,DK Metcalf,6.2,13.725,12.917,12.078,2.941,10.753,21.669,7.525,5.878,6.717,1.647,0.808
2023,12,WR,00-0035645,Gunner Olszewski,0.0,0.0,-0.884,0.028,-0.187,0.288,5.349,0.0,0.028,0.884,-0.028,-0.884
2023,12,WR,00-0035659,Terry McLaurin,9.0,11.55,12.161,11.805,3.049,9.405,21.14,2.55,2.805,3.161,-0.255,-0.611
2023,12,WR,00-0035662,Marquise Brown,14.8,7.175,10.349,10.126,2.167,9.715,19.756,7.625,4.674,4.451,2.951,3.174
2023,12,WR,00-0035676,A.J. Brown,14.7,21.025,18.952,20.195,5.569,13.126,26.566,6.325,5.495,4.252,0.83,2.073
2023,12,WR,00-0035703,Miles Boykin,0.0,0.4,-0.275,-0.222,-0.191,-0.037,2.684,0.4,0.222,0.275,0.178,0.125
2023,12,WR,00-0035719,Deebo Samuel Sr.,22.4,9.425,7.612,8.061,0.142,5.826,18.153,12.975,14.339,14.788,-1.364,-1.813
2023,12,WR,00-0036133,James Proche,0.0,0.0,-0.206,0.082,-0.191,-0.037,2.733,0.0,0.082,0.206,-0.082,-0.206
2023,12,WR,00-0036165,Isaiah Hodgins,8.2,1.875,3.998,4.583,0.041,3.692,12.381,6.325,3.617,4.202,2.708,2.123
2023,12,WR,00-0036182,Nick Westbrook-Ikhine,8.1,4.3,4.856,4.685,0.032,4.021,11.781,3.8,3.415,3.244,0.385,0.556
2023,12,WR,00-0036196,Gabe Davis,22.5,8.725,10.805,11.391,2.474,9.339,18.648,13.775,11.109,11.695,2.666,2.08
2023,12,WR,00-0036233,Donovan Peoples-Jones,0.0,1.05,1.608,0.628,-0.172,0.072,3.108,1.05,0.628,1.608,0.422,-0.558
2023,12,WR,00-0036252,Michael Pittman,20.7,16.275,16.865,18.09,5.612,13.816,25.294,4.425,2.61,3.835,1.815,0.59
2023,12,WR,00-0036259,Jauan Jennings,1.7,3.05,5.39,5.648,0.066,4.368,13.925,1.35,3.948,3.69,-2.598,-2.34
2023,12,WR,00-0036261,Brandon Aiyuk,13.0,16.925,13.307,13.422,3.64,11.56,23.004,3.925,0.422,0.307,3.503,3.618
2023,12,WR,00-0036268,Laviska Shenault Jr.,1.8,3.3,2.972,3.305,-0.014,2.193,12.2,1.5,1.505,1.172,-0.005,0.328
2023,12,WR,00-0036309,Darnell Mooney,2.6,6.35,8.271,8.588,0.863,6.286,17.911,3.75,5.988,5.671,-2.238,-1.921
2023,12,WR,00-0036331,Devin Duvernay,0.0,0.75,2.76,3.708,-0.021,2.229,11.382,0.75,3.708,2.76,-2.958,-2.01
2023,12,WR,00-0036345,K.J. Osborn,6.4,8.25,9.514,10.038,1.494,7.95,18.369,1.85,3.638,3.114,-1.788,-1.264
2023,12,WR,00-0036358,CeeDee Lamb,17.3,31.275,21.264,22.251,8.182,17.977,29.422,13.975,4.951,3.964,9.024,10.011
2023,12,WR,00-0036364,Lynn Bowden,4.0,4.695,5.543,5.195,0.485,4.54,14.358,0.695,1.195,1.543,-0.5,-0.848
2023,12,WR,00-0036407,Jerry Jeudy,3.1,10.425,10.303,10.828,2.662,8.523,21.079,7.325,7.728,7.203,-0.403,0.122
2023,12,WR,00-0036415,Van Jefferson,2.3,2.325,4.998,5.229,0.046,3.86,12.304,0.025,2.929,2.698,-2.904,-2.673
2023,12,WR,00-0036550,Rashod Bateman,4.1,6.375,7.227,7.078,0.123,5.027,15.362,2.275,2.978,3.127,-0.703,-0.852
2023,12,WR,00-0036554,Nico Collins,23.4,11.725,11.841,12.541,3.148,11.215,21.814,11.675,10.859,11.559,0.816,0.116
2023,12,WR,00-0036613,Jaylen Waddle,19.4,13.825,12.603,12.496,2.731,10.911,23.895,5.575,6.904,6.797,-1.329,-1.222
2023,12,WR,00-0036620,Dee Eskridge,1.0,-0.125,2.371,3.562,-0.057,2.323,11.147,1.125,2.562,1.371,-1.437,-0.246
2023,12,WR,00-0036626,Dyami Brown,0.0,4.775,3.971,4.518,0.018,2.937,12.466,4.775,4.518,3.971,0.257,0.804
2023,12,WR,00-0036635,Ihmir Smith-Marsette,2.4,1.5,1.093,2.775,-0.048,1.862,10.377,0.9,0.375,1.307,0.525,-0.407
2023,12,WR,00-0036841,Austin Trammell,0.0,1.725,1.495,0.337,-0.191,-0.036,2.684,1.725,0.337,1.495,1.388,0.23
2023,12,WR,00-0036849,Tutu Atwell,10.6,6.25,7.408,6.96,0.704,5.461,16.55,4.35,3.64,3.192,0.71,1.158
2023,12,WR,00-0036862,Ben Skowronek,0.9,2.2,3.148,3.585,-0.055,2.046,11.171,1.3,2.685,2.248,-1.385,-0.948
2023,12,WR,00-0036900,Ja'Marr Chase,12.1,16.475,10.678,8.899,3.361,9.911,21.187,4.375,3.201,1.422,1.174,2.953
2023,12,WR,00-0036912,DeVonta Smith,23.6,15.45,15.721,17.901,4.346,12.255,23.235,8.15,5.699,7.879,2.451,0.271
2023,12,WR,00-0036936,Rondale Moore,5.5,6.9,7.239,7.52,0.231,5.063,17.535,1.4,2.02,1.739,-0.62,-0.339
2023,12,WR,00-0036963,Amon-Ra St. Brown,18.5,23.05,22.445,24.699,7.609,16.635,28.677,4.55,6.199,3.945,-1.649,0.605
2023,12,WR,00-0036980,Elijah Moore,5.4,8.95,8.854,9.077,1.62,7.649,18.587,3.55,3.677,3.454,-0.127,0.096
2023,12,WR,00-0037132,Britain Covey,0.0,0.0,0.089,0.389,-0.187,-0.066,4.351,0.0,0.389,0.089,-0.389,-0.089
2023,12,WR,00-0037156,Irvin Charles,0.0,0.0,0.261,0.65,-0.187,0.979,4.631,0.0,0.65,0.261,-0.65,-0.261
2023,12,WR,00-0037238,Drake London,14.1,12.5,12.699,12.728,3.276,10.959,23.501,1.6,1.372,1.401,0.228,0.199
2023,12,WR,00-0037239,Chris Olave,18.4,15.075,14.596,15.253,3.925,12.242,24.772,3.325,3.147,3.804,0.178,-0.479
2023,12,WR,00-0037240,Jameson Williams,7.1,4.95,6.539,5.68,0.055,4.331,13.134,2.15,1.42,0.561,0.73,1.589
2023,12,WR,00-0037247,George Pickens,8.8,6.575,8.756,7.918,0.923,7.159,18.478,2.225,0.882,0.044,1.343,2.181
2023,12,WR,00-0037257,David Bell,0.0,1.825,2.695,3.555,-0.011,2.43,11.34,1.825,3.555,2.695,-1.73,-0.87
2023,12,WR,00-0037261,Khalil Shakir,7.7,12.2,9.095,9.069,1.423,7.866,17.339,4.5,1.369,1.395,3.131,3.105
2023,12,WR,00-0037273,Kyle Philips,0.7,6.825,5.666,5.649,0.72,4.92,13.697,6.125,4.949,4.966,1.176,1.159
2023,12,WR,00-0037487,Deven Thompkins,0.0,0.95,0.578,0.313,-0.191,-0.04,2.684,0.95,0.313,0.578,0.637,0.372
2023,12,WR,00-0037545,Rashid Shaheed,2.9,11.025,8.797,8.991,1.492,7.028,19.188,8.125,6.091,5.897,2.034,2.228
2023,12,WR,00-0037614,John Metchie III,1.6,3.275,3.86,3.875,-0.025,2.637,12.069,1.675,2.275,2.26,-0.6,-0.585
2023,12,WR,00-0037664,Alec Pierce,6.7,4.625,7.801,8.146,1.01,5.539,15.997,2.075,1.446,1.101,0.629,0.974
2023,12,WR,00-0037666,Jalen Tolbert,6.9,4.825,5.369,5.294,0.062,4.454,13.897,2.075,1.606,1.531,0.469,0.544
2023,12,WR,00-0037740,Garrett Wilson,17.4,12.45,15.364,16.746,4.579,10.969,22.452,4.95,0.654,2.036,4.296,2.914
2023,12,WR,00-0037741,Jahan Dotson,10.2,13.25,8.804,8.792,1.904,7.409,19.472,3.05,1.408,1.396,1.642,1.654
2023,12,WR,00-0037745,Velus Jones Jr.,0.0,1.35,0.481,0.096,-0.191,-0.037,2.684,1.35,0.096,0.481,1.254,0.869
2023,12,WR,00-0037801,KaVontae Turpin,10.4,3.525,5.175,4.589,-0.009,2.856,12.304,6.875,5.811,5.225,1.064,1.65
2023,12,WR,00-0037816,Romeo Doubs,6.7,11.7,10.155,10.133,1.79,8.1,19.419,5.0,3.433,3.455,1.567,1.545
2023,12,WR,00-0037837,Calvin Austin III,1.5,1.95,2.713,2.991,-0.048,2.52,10.858,0.45,1.491,1.213,-1.041,-0.763
2023,12,WR,00-0038090,Skyy Moore,6.4,3.0,5.159,5.122,0.046,3.681,13.604,3.4,1.278,1.241,2.122,2.159
2023,12,WR,00-0038104,Tyquan Thornton,4.2,1.7,3.471,3.071,0.014,2.634,11.134,2.5,1.129,0.729,1.371,1.771
2023,12,WR,00-0038117,Wan'Dale Robinson,6.6,6.125,5.767,6.257,0.131,5.076,15.555,0.475,0.343,0.833,0.132,-0.358
2023,12,WR,00-0038124,Christian Watson,20.4,6.375,8.217,7.974,1.519,6.991,17.596,14.025,12.426,12.183,1.599,1.842
2023,12,WR,00-0038465,Malik Heath,8.6,0.425,2.876,3.629,-0.048,2.288,11.147,8.175,4.971,5.724,3.204,2.451
2023,12,WR,00-0038496,Xavier Gipson,3.5,2.65,4.718,5.269,0.089,3.801,12.746,0.85,1.769,1.218,-0.919,-0.368
2023,12,WR,00-0038543,Jaxon Smith-Njigba,6.1,10.3,9.457,9.543,2.133,7.549,19.098,4.2,3.443,3.357,0.757,0.843
2023,12,WR,00-0038544,Quentin Johnston,1.7,7.775,8.541,8.277,1.004,6.561,16.894,6.075,6.577,6.841,-0.502,-0.766
2023,12,WR,00-0038563,Tre Tucker,0.0,4.325,4.689,4.777,0.023,4.31,13.395,4.325,4.777,4.689,-0.452,-0.364
2023,12,WR,00-0038573,Derius Davis,1.1,3.2,3.399,3.856,-0.01,2.314,12.444,2.1,2.756,2.299,-0.656,-0.199
2023,12,WR,00-0038576,Charlie Jones,0.0,1.9,-0.594,-0.259,-0.191,0.045,2.684,1.9,0.259,0.594,1.641,1.306
2023,12,WR,00-0038606,Parker Washington,0.0,0.0,0.26,0.552,-0.187,0.597,4.411,0.0,0.552,0.26,-0.552,-0.26
2023,12,WR,00-0038608,Kayshon Boutte,1.8,1.05,4.086,4.563,0.033,3.88,12.485,0.75,2.763,2.286,-2.013,-1.536
2023,12,WR,00-0038612,A.T. Perry,1.7,11.8,6.848,7.033,0.136,6.275,17.175,10.1,5.333,5.148,4.767,4.952
2023,12,WR,00-0038618,Xavier Hutchinson,4.4,1.1,3.054,2.943,-0.051,1.894,9.291,3.3,1.457,1.346,1.843,1.954
2023,12,WR,00-0038619,Andrei Iosivas,2.6,4.1,2.44,3.052,-0.055,2.489,11.048,1.5,0.452,0.16,1.048,1.34
2023,12,WR,00-0038621,DeMario Douglas,10.9,11.05,10.656,10.484,2.706,9.53,20.959,0.15,0.416,0.244,-0.266,-0.094
2023,12,WR,00-0038632,Colton Dowell,0.0,0.0,-0.382,-0.524,-0.191,-0.036,2.733,0.0,0.524,0.382,-0.524,-0.382
2023,12,WR,00-0038640,Jalen Brooks,3.4,7.9,7.278,6.809,0.565,5.28,14.582,4.5,3.409,3.878,1.091,0.622
2023,12,WR,00-0038647,Ronnie Bell,0.0,1.175,0.759,-0.001,-0.191,-0.037,2.684,1.175,0.001,0.759,1.174,0.416
2023,12,WR,00-0038752,Jake Bobo,1.6,7.95,5.863,6.069,0.058,4.272,12.503,6.35,4.469,4.263,1.881,2.087
2023,12,WR,00-0038938,Jalin Hyatt,15.9,3.775,5.425,5.25,0.429,3.707,13.012,12.125,10.65,10.475,1.475,1.65
2023,12,WR,00-0038976,Marvin Mims Jr.,5.5,0.7,4.259,4.946,0.032,3.423,12.059,4.8,0.554,1.241,4.246,3.559
2023,12,WR,00-0038977,Tank Dell,17.2,20.875,14.704,15.477,4.67,12.17,25.222,3.675,1.723,2.496,1.952,1.179
2023,12,WR,00-0038979,Cedric Tillman,9.5,1.2,5.201,5.174,0.292,4.837,12.365,8.3,4.326,4.299,3.974,4.001
2023,12,WR,00-0038994,Jordan Addison,9.9,12.475,13.904,14.69,3.677,12.039,23.053,2.575,4.79,4.004,-2.215,-1.429
2023,12,WR,00-0038997,Josh Downs,9.3,11.425,9.01,8.703,1.303,6.573,19.296,2.125,0.597,0.29,1.528,1.835
2023,12,WR,00-0039052,Trey Palmer,5.7,6.05,7.684,8.045,0.924,5.712,16.752,0.35,2.345,1.984,-1.995,-1.634
2023,12,WR,00-0039062,Jonathan Mingo,10.0,4.575,8.07,9.651,0.745,7.995,17.014,5.425,0.349,1.93,5.076,3.495
2023,12,WR,00-0039064,Zay Flowers,23.2,7.325,10.318,9.885,2.105,7.11,19.115,15.875,13.315,12.882,2.56,2.993
2023,12,WR,00-0039067,Rashee Rice,24.7,11.125,8.195,7.893,1.257,6.739,17.637,13.575,16.807,16.505,-3.232,-2.93
2023,12,WR,00-0039075,Puka Nacua,6.7,13.9,14.764,15.523,3.485,12.749,23.72,7.2,8.823,8.064,-1.623,-0.864
2023,12,WR,00-0039146,Jayden Reed,15.0,14.475,10.244,10.565,1.235,9.147,20.463,0.525,4.435,4.756,-3.91,-4.231
2023,13,RB,00-0030578,Cordarrelle Patterson,2.7,2.575,5.426,6.05,0.536,4.035,13.881,0.125,3.35,2.726,-3.225,-2.601
2023,13,RB,00-0031687,Raheem Mostert,12.1,14.2,14.356,15.305,3.73,12.436,25.017,2.1,3.205,2.256,-1.105,-0.156
2023,13,RB,00-0032450,Dwayne Washington,0.0,0.6,0.056,0.127,-0.193,-0.091,2.739,0.6,0.127,0.056,0.473,0.544
2023,13,RB,00-0032764,Derrick Henry,25.0,12.05,11.721,11.681,2.725,10.198,21.923,12.95,13.319,13.279,-0.369,-0.329
2023,13,RB,00-0033045,Ezekiel Elliott,13.2,6.95,7.519,7.678,1.32,6.235,16.23,6.25,5.522,5.681,0.728,0.569
2023,13,RB,00-0033280,Christian McCaffrey,22.3,25.55,18.464,18.034,8.438,16.162,28.83,3.25,4.266,3.836,-1.016,-0.586
2023,13,RB,00-0033526,Samaje Perine,2.6,9.675,8.465,8.317,2.209,6.404,17.374,7.075,5.717,5.865,1.358,1.21
2023,13,RB,00-0033553,James Conner,22.5,6.85,9.744,9.519,2.415,8.641,19.58,15.65,12.981,12.756,2.669,2.894
2023,13,RB,00-0033699,Austin Ekeler,4.7,14.725,16.301,17.134,6.122,12.462,24.702,10.025,12.434,11.601,-2.409,-1.576
2023,13,RB,00-0033854,Dare Ogunbowale,2.5,2.3,5.064,4.055,0.335,3.735,13.89,0.2,1.555,2.564,-1.355,-2.364
2023,13,RB,00-0033893,Dalvin Cook,3.6,2.45,4.333,5.186,0.515,3.612,12.722,1.15,1.586,0.733,-0.436,0.417
2023,13,RB,00-0033897,Joe Mixon,29.7,14.825,11.815,11.751,3.72,10.413,21.396,14.875,17.949,17.885,-3.074,-3.01
2023,13,RB,00-0033906,Alvin Kamara,28.9,18.1,16.038,16.025,5.153,13.867,26.66,10.8,12.875,12.862,-2.075,-2.062
2023,13,RB,00-0033923,Kareem Hunt,5.8,6.975,6.82,6.789,1.047,5.695,16.663,1.175,0.989,1.02,0.186,0.155
2023,13,RB,00-0033948,Jamaal Williams,2.6,3.25,5.143,5.728,0.512,4.228,14.052,0.65,3.128,2.543,-2.478,-1.893
2023,13,RB,00-0034115,Jeff Wilson,1.1,6.05,7.675,6.995,0.964,4.727,15.532,4.95,5.895,6.575,-0.945,-1.625
2023,13,RB,00-0034414,Boston Scott,3.9,0.9,3.084,3.958,0.11,2.58,11.636,3.0,0.058,0.816,2.942,2.184
2023,13,RB,00-0034614,Godwin Igwebuike,0.0,0.0,-0.636,-0.064,-0.193,0.13,2.816,0.0,0.064,0.636,-0.064,-0.636
2023,13,RB,00-0034681,Chase Edmonds,1.9,1.525,4.094,3.997,0.239,3.116,13.193,0.375,2.097,2.194,-1.722,-1.819
2023,13,RB,00-0034838,Royce Freeman,0.0,8.65,9.683,11.301,1.629,8.434,20.532,8.65,11.301,9.683,-2.651,-1.033
2023,13,RB,00-0035243,Miles Sanders,3.9,5.275,6.228,5.761,1.0,5.429,15.988,1.375,1.861,2.328,-0.486,-0.953
2023,13,RB,00-0035250,Devin Singletary,5.0,15.175,15.514,15.732,5.723,12.525,25.728,10.175,10.732,10.514,-0.557,-0.339
2023,13,RB,00-0035261,Tony Pollard,17.3,13.775,16.176,17.588,6.006,15.347,26.947,3.525,0.288,1.124,3.237,2.401
2023,13,RB,00-0035291,Trayveon Williams,0.0,1.125,-0.451,-0.121,-0.169,-0.067,2.739,1.125,0.121,0.451,1.004,0.674
2023,13,RB,00-0035567,Craig Reynolds,0.0,4.35,1.302,0.18,-0.177,0.036,2.739,4.35,0.18,1.302,4.17,3.048
2023,13,RB,00-0035628,D'Ernest Johnson,1.9,5.075,6.808,6.467,0.634,4.495,14.73,3.175,4.567,4.908,-1.392,-1.733
2023,13,RB,00-0035685,David Montgomery,12.5,13.7,11.244,11.206,2.753,9.223,25.606,1.2,1.294,1.256,-0.094,-0.056
2023,13,RB,00-0035831,James Robinson,1.0,4.25,5.49,6.14,0.56,3.955,15.028,3.25,5.14,4.49,-1.89,-1.24
2023,13,RB,00-0035973,Patrick Taylor,2.9,2.8,4.878,4.284,0.443,3.359,12.433,0.1,1.384,1.978,-1.284,-1.878
2023,13,RB,00-0036139,Rico Dowdle,3.2,7.075,7.63,7.306,0.943,5.001,16.364,3.875,4.106,4.43,-0.231,-0.555
2023,13,RB,00-0036251,Zack Moss,7.7,6.55,6.694,6.821,0.641,4.41,15.665,1.15,0.879,1.006,0.271,0.144
2023,13,RB,00-0036265,AJ Dillon,9.7,8.9,10.338,9.972,1.968,9.031,20.311,0.8,0.272,0.638,0.528,0.162
2023,13,RB,00-0036275,D'Andre Swift,4.0,13.225,12.623,13.081,3.783,11.505,23.373,9.225,9.081,8.623,0.144,0.602
2023,13,RB,00-0036328,Antonio Gibson,11.2,11.25,8.821,8.71,2.081,7.931,17.491,0.05,2.49,2.379,-2.44,-2.329
2023,13,RB,00-0036360,Clyde Edwards-Helaire,2.4,0.85,2.877,2.902,0.07,2.267,11.195,1.55,0.502,0.477,1.048,1.073
2023,13,RB,00-0036370,Joshua Kelley,4.5,2.375,5.079,5.961,0.539,3.685,13.602,2.125,1.461,0.579,0.664,1.546
2023,13,RB,00-0036425,DeeJay Dallas,0.6,1.225,2.44,2.893,0.067,2.271,8.484,0.625,2.293,1.84,-1.668,-1.215
2023,13,RB,00-0036555,Chuba Hubbard,22.4,11.325,10.579,11.3,2.693,10.815,21.099,11.075,11.1,11.821,-0.025,-0.746
2023,13,RB,00-0036567,Elijah Mitchell,1.3,2.375,5.032,5.333,0.349,4.278,15.01,1.075,4.033,3.732,-2.958,-2.657
2023,13,RB,00-0036875,Rhamondre Stevenson,2.9,16.2,13.859,12.523,4.503,13.957,24.27,13.3,9.623,10.959,3.677,2.341
2023,13,RB,00-0036893,Najee Harris,9.7,13.675,12.816,12.937,3.635,10.364,20.847,3.975,3.237,3.116,0.738,0.859
2023,13,RB,00-0036919,Kenny Gainwell,9.7,5.5,5.943,5.609,0.698,5.217,13.25,4.2,4.091,3.757,0.109,0.443
2023,13,RB,00-0036924,Michael Carter,2.5,4.0,5.012,5.636,0.662,4.254,13.556,1.5,3.136,2.512,-1.636,-1.012
2023,13,RB,00-0036973,Travis Etienne,17.9,13.45,13.548,13.762,5.381,14.045,24.728,4.45,4.138,4.352,0.312,0.098
2023,13,RB,00-0036984,Trey Sermon,0.0,1.425,3.788,4.31,0.133,2.832,12.64,1.425,4.31,3.788,-2.885,-2.363
2023,13,RB,00-0036997,Javonte Williams,10.0,14.3,13.915,14.357,4.354,11.425,24.695,4.3,4.357,3.915,-0.057,0.385
2023,13,RB,00-0037197,Isiah Pacheco,21.3,12.325,13.636,13.646,3.647,11.271,23.705,8.975,7.654,7.664,1.321,1.311
2023,13,RB,00-0037228,Jaylen Warren,6.5,16.0,13.21,13.373,3.561,10.929,22.612,9.5,6.873,6.71,2.627,2.79
2023,13,RB,00-0037256,Rachaad White,19.6,19.125,14.536,14.692,5.22,12.486,24.126,0.475,4.908,5.064,-4.433,-4.589
2023,13,RB,00-0037258,Dameon Pierce,10.1,5.0,7.876,7.918,1.52,6.485,18.036,5.1,2.182,2.224,2.918,2.876
2023,13,RB,00-0037263,Tyler Allgeier,2.6,6.325,8.278,8.572,1.296,6.154,16.383,3.725,5.972,5.678,-2.247,-1.953
2023,13,RB,00-0037267,Jerome Ford,14.2,12.1,12.319,12.109,3.575,10.718,22.912,2.1,2.091,1.881,0.009,0.219
2023,13,RB,00-0037429,Raheem Blackshear,0.6,2.225,3.157,3.691,0.164,2.798,12.11,1.625,3.091,2.557,-1.466,-0.932
2023,13,RB,00-0037525,Jordan Mason,1.0,0.0,2.918,3.512,0.26,2.129,10.862,1.0,2.512,1.918,-1.512,-0.918
2023,13,RB,00-0037746,Brian Robinson,5.3,17.0,12.428,10.628,3.593,9.919,23.615,11.7,5.328,7.128,6.372,4.572
2023,13,RB,00-0037840,Kyren Williams,20.2,23.9,17.658,18.307,5.892,14.807,24.949,3.7,1.893,2.542,1.807,1.158
2023,13,RB,00-0038098,Pierre Strong,2.0,2.975,3.63,4.495,0.261,3.079,13.078,0.975,2.495,1.63,-1.52,-0.655
2023,13,RB,00-0038120,Breece Hall,10.5,12.675,11.498,11.225,4.109,10.164,20.894,2.175,0.725,0.998,1.45,1.177
2023,13,RB,00-0038488,Brady Russell,0.0,0.0,-0.578,0.449,-0.189,0.521,5.362,0.0,0.449,0.578,-0.449,-0.578
2023,13,RB,00-0038489,Ben VanSumeren,0.0,0.0,0.475,0.524,-0.191,0.395,5.362,0.0,0.524,0.475,-0.524,-0.475
2023,13,RB,00-0038542,Bijan Robinson,10.9,15.75,13.469,12.517,3.923,11.909,24.251,4.85,1.617,2.569,3.233,2.281
2023,13,RB,00-0038597,Chase Brown,6.1,1.025,1.665,2.33,0.04,1.553,8.489,5.075,3.77,4.435,1.305,0.64
2023,13,RB,00-0038611,Chris Rodriguez Jr.,2.9,2.25,3.643,4.346,0.294,3.027,12.766,0.65,1.446,0.743,-0.796,-0.093
2023,13,RB,00-0038738,Hunter Luepke,0.0,0.2,0.086,-0.279,-0.193,0.118,2.816,0.2,0.279,0.086,-0.079,0.114
2023,13,RB,00-0038794,Jaleel McLaughlin,4.1,4.0,4.811,4.903,0.284,3.3,13.095,0.1,0.803,0.711,-0.703,-0.611
2023,13,RB,00-0039032,Tyjae Spears,12.8,5.625,8.613,8.951,1.888,7.42,16.375,7.175,3.849,4.187,3.326,2.988
2023,13,RB,00-0039040,De'Von Achane,25.3,25.325,14.137,14.521,2.722,13.669,23.364,0.025,10.779,11.163,-10.754,-11.138
2023,13,RB,00-0039139,Jahmyr Gibbs,6.4,22.225,18.61,18.817,7.291,14.904,26.867,15.825,12.417,12.21,3.408,3.615
2023,13,RB,00-0039165,Zach Charbonnet,16.9,8.8,11.7,12.069,2.956,9.845,21.421,8.1,4.831,5.2,3.269,2.9
2023,13,WR,00-0030035,Adam Thielen,5.5,8.675,11.295,10.644,2.587,11.243,19.91,3.175,5.144,5.795,-1.969,-2.62
2023,13,WR,00-0030279,Keenan Allen,10.8,26.6,15.62,12.513,5.226,14.381,26.984,15.8,1.713,4.82,14.087,10.98
2023,13,WR,00-0030431,Robert Woods,0.0,6.375,4.587,1.176,-0.092,0.041,3.557,6.375,1.176,4.587,5.199,1.788
2023,13,WR,00-0030564,DeAndre Hopkins,18.9,10.0,10.968,10.29,2.554,9.103,20.939,8.9,8.61,7.932,0.29,0.968
2023,13,WR,00-0031236,Brandin Cooks,16.5,14.6,11.042,11.153,2.442,8.475,20.211,1.9,5.347,5.458,-3.447,-3.558
2023,13,WR,00-0031408,Mike Evans,29.2,19.825,10.473,7.582,2.858,10.94,24.437,9.375,21.618,18.727,-12.243,-9.352
2023,13,WR,00-0031428,Allen Robinson,4.9,2.275,5.719,6.277,0.323,7.019,14.602,2.625,1.377,0.819,1.248,1.806
2023,13,WR,00-0031544,Amari Cooper,6.4,12.925,11.369,11.299,2.352,9.541,20.805,6.525,4.899,4.969,1.626,1.556
2023,13,WR,00-0031547,DeVante Parker,10.4,3.275,5.465,6.064,0.0,4.27,15.508,7.125,4.336,4.935,2.789,2.19
2023,13,WR,00-0031941,Jamison Crowder,0.0,2.375,1.913,0.04,-0.188,-0.032,2.66,2.375,0.04,1.913,2.335,0.462
2023,13,WR,00-0032200,Ty Montgomery,0.2,0.0,1.611,3.407,-0.024,1.863,10.805,0.2,3.207,1.411,-3.007,-1.211
2023,13,WR,00-0032211,Tyler Lockett,9.7,11.375,11.723,11.203,2.981,9.779,22.194,1.675,1.503,2.023,0.172,-0.348
2023,13,WR,00-0032398,Chris Moore,2.2,6.225,6.512,6.502,0.194,5.157,14.477,4.025,4.302,4.312,-0.277,-0.287
2023,13,WR,00-0032464,Kalif Raymond,0.9,6.725,6.926,7.167,0.505,5.199,16.076,5.825,6.267,6.026,-0.442,-0.201
2023,13,WR,00-0032543,Alex Erickson,3.3,1.225,3.488,4.375,0.018,3.461,11.994,2.075,1.075,0.188,1.0,1.887
2023,13,WR,00-0032775,Demarcus Robinson,15.5,3.65,4.998,4.537,0.008,2.99,12.758,11.85,10.963,10.502,0.887,1.348
2023,13,WR,00-0033009,Tyler Boyd,7.2,9.7,9.311,9.214,1.822,8.068,19.321,2.5,2.014,2.111,0.486,0.389
2023,13,WR,00-0033040,Tyreek Hill,32.3,23.425,19.507,19.193,7.161,15.802,28.403,8.875,13.107,12.793,-4.232,-3.918
2023,13,WR,00-0033282,Curtis Samuel,10.5,7.325,7.814,7.105,1.656,6.067,15.998,3.175,3.395,2.686,-0.22,0.489
2023,13,WR,00-0033466,Isaiah McKenzie,0.0,2.65,1.658,0.231,-0.19,-0.015,2.66,2.65,0.231,1.658,2.419,0.992
2023,13,WR,00-0033591,Noah Brown,0.0,16.475,13.026,13.159,1.879,9.248,20.35,16.475,13.159,13.026,3.316,3.449
2023,13,WR,00-0033857,JuJu Smith-Schuster,2.1,5.825,5.938,6.049,0.357,4.901,14.456,3.725,3.949,3.838,-0.224,-0.113
2023,13,WR,00-0033891,Zay Jones,12.8,4.825,7.665,7.469,0.404,6.328,17.009,7.975,5.331,5.135,2.644,2.84
2023,13,WR,00-0033908,Cooper Kupp,15.9,4.95,8.371,8.693,1.385,7.98,18.23,10.95,7.207,7.529,3.743,3.421
2023,13,WR,00-0033921,Chris Godwin Jr.,7.9,7.6,8.915,8.11,2.234,8.503,18.738,0.3,0.21,1.015,0.09,-0.715
2023,13,WR,00-0033943,Josh Reynolds,2.2,3.85,6.179,6.51,0.475,4.412,14.855,1.65,4.31,3.979,-2.66,-2.329
2023,13,WR,00-0034054,River Cracraft,3.6,5.55,5.867,5.032,0.051,3.835,12.548,1.95,1.432,2.267,0.518,-0.317
2023,13,WR,00-0034272,Marquez Valdes-Scantling,4.5,1.95,5.82,5.674,0.046,4.214,13.154,2.55,1.174,1.32,1.376,1.23
2023,13,WR,00-0034286,Richie James,2.2,0.4,3.96,5.188,0.15,4.485,12.617,1.8,2.988,1.76,-1.188,0.04
2023,13,WR,00-0034348,Courtland Sutton,15.7,13.475,12.827,12.329,2.065,10.646,22.495,2.225,3.371,2.873,-1.146,-0.648
2023,13,WR,00-0034419,Braxton Berrios,0.0,1.125,1.413,-0.029,-0.186,0.009,2.66,1.125,0.029,1.413,1.096,-0.288
2023,13,WR,00-0034521,Allen Lazard,0.0,3.5,4.791,4.741,0.226,4.964,14.102,3.5,4.741,4.791,-1.241,-1.291
2023,13,WR,00-0034764,Michael Gallup,0.0,6.825,5.864,5.685,0.087,4.807,13.474,6.825,5.685,5.864,1.14,0.961
2023,13,WR,00-0034775,Christian Kirk,3.6,10.925,13.043,13.677,3.539,12.108,22.662,7.325,10.077,9.443,-2.752,-2.118
2023,13,WR,00-0034777,DJ Chark,8.6,6.3,6.763,6.414,0.721,5.776,16.394,2.3,2.186,1.837,0.114,0.463
2023,13,WR,00-0034837,Calvin Ridley,7.3,17.825,13.6,14.609,3.178,11.714,23.371,10.525,7.309,6.3,3.216,4.225
2023,13,WR,00-0034854,KhaDarel Hodge,0.0,5.6,5.236,6.093,0.218,4.603,13.75,5.6,6.093,5.236,-0.493,0.364
2023,13,WR,00-0035216,Diontae Johnson,13.3,9.325,12.794,13.196,3.347,10.67,22.168,3.975,0.104,0.506,3.871,3.469
2023,13,WR,00-0035341,Trenton Irwin,3.5,5.875,6.052,6.523,0.644,5.586,14.917,2.375,3.023,2.552,-0.648,-0.177
2023,13,WR,00-0035406,Lil'Jordan Humphrey,2.2,1.7,3.533,3.653,-0.053,2.253,10.817,0.5,1.453,1.333,-0.953,-0.833
2023,13,WR,00-0035414,Jalen Guyton,1.5,5.975,6.017,5.867,0.225,4.806,14.092,4.475,4.367,4.517,0.108,-0.042
2023,13,WR,00-0035500,Greg Dortch,2.9,6.625,5.81,6.691,0.379,5.361,15.065,3.725,3.791,2.91,-0.066,0.815
2023,13,WR,00-0035640,DK Metcalf,37.4,12.35,12.838,12.374,3.15,10.9,21.873,25.05,25.026,24.562,0.024,0.488
2023,13,WR,00-0035659,Terry McLaurin,0.0,9.475,11.317,11.162,3.49,9.478,21.803,9.475,11.162,11.317,-1.687,-1.842
2023,13,WR,00-0035662,Marquise Brown,0.0,7.05,10.477,10.511,3.931,9.491,19.617,7.05,10.511,10.477,-3.461,-3.427
2023,13,WR,00-0035676,A.J. Brown,19.4,17.275,15.344,15.955,3.485,13.589,24.845,2.125,3.445,4.056,-1.32,-1.931
2023,13,WR,00-0035719,Deebo Samuel Sr.,35.8,12.15,11.769,10.928,1.667,9.942,21.127,23.65,24.872,24.031,-1.222,-0.381
2023,13,WR,00-0036133,James Proche,0.0,0.0,-0.301,0.116,-0.192,-0.132,2.692,0.0,0.116,0.301,-0.116,-0.301
2023,13,WR,00-0036182,Nick Westbrook-Ikhine,3.8,3.75,5.695,5.573,0.117,4.192,13.099,0.05,1.773,1.895,-1.723,-1.845
2023,13,WR,00-0036233,Donovan Peoples-Jones,0.0,1.05,3.1,4.341,-0.011,3.24,12.409,1.05,4.341,3.1,-3.291,-2.05
2023,13,WR,00-0036252,Michael Pittman,27.5,17.375,18.305,19.224,6.412,13.466,26.226,10.125,8.276,9.195,1.849,0.93
2023,13,WR,00-0036259,Jauan Jennings,13.4,0.875,4.484,5.002,0.0,3.551,13.179,12.525,8.398,8.916,4.127,3.609
2023,13,WR,00-0036261,Brandon Aiyuk,15.6,17.5,12.687,12.845,3.191,9.195,21.723,1.9,2.755,2.913,-0.855,-1.013
2023,13,WR,00-0036271,Quez Watkins,5.8,2.375,4.775,5.347,0.018,3.595,14.164,3.425,0.453,1.025,2.972,2.4
2023,13,WR,00-0036358,CeeDee Lamb,32.6,25.35,18.504,16.792,7.176,14.368,28.216,7.25,15.808,14.096,-8.558,-6.846
2023,13,WR,00-0036364,Lynn Bowden,0.9,4.795,5.679,5.708,0.331,3.891,15.258,3.895,4.808,4.779,-0.913,-0.884
2023,13,WR,00-0036387,Jalen Reagor,2.1,2.1,3.69,4.6,0.05,3.706,12.761,0.0,2.5,1.59,-2.5,-1.59
2023,13,WR,00-0036407,Jerry Jeudy,8.1,8.35,9.81,9.729,1.333,7.158,18.222,0.25,1.629,1.71,-1.379,-1.46
2023,13,WR,00-0036410,Tee Higgins,6.6,9.7,9.48,9.206,1.807,7.147,18.449,3.1,2.606,2.88,0.494,0.22
2023,13,WR,00-0036482,Mike Strachan,0.0,1.375,2.409,2.773,-0.052,2.281,10.092,1.375,2.773,2.409,-1.398,-1.034
2023,13,WR,00-0036497,Tim Jones,0.0,2.075,4.299,3.726,-0.024,2.626,11.283,2.075,3.726,4.299,-1.651,-2.224
2023,13,WR,00-0036554,Nico Collins,34.1,14.575,13.447,14.649,3.923,12.338,24.476,19.525,19.451,20.653,0.074,-1.128
2023,13,WR,00-0036613,Jaylen Waddle,10.2,15.6,14.372,14.652,3.361,11.083,25.499,5.4,4.452,4.172,0.948,1.228
2023,13,WR,00-0036626,Dyami Brown,1.0,4.775,4.139,4.272,-0.017,2.692,11.553,3.775,3.272,3.139,0.503,0.636
2023,13,WR,00-0036635,Ihmir Smith-Marsette,0.0,2.1,-0.803,-0.154,-0.192,-0.102,3.605,2.1,0.154,0.803,1.946,1.297
2023,13,WR,00-0036841,Austin Trammell,0.0,1.725,1.026,-0.035,-0.183,-0.032,2.66,1.725,0.035,1.026,1.69,0.699
2023,13,WR,00-0036849,Tutu Atwell,1.9,6.375,6.99,7.257,0.71,5.581,16.801,4.475,5.357,5.09,-0.882,-0.615
2023,13,WR,00-0036862,Ben Skowronek,3.2,2.425,2.244,2.765,-0.055,1.81,9.859,0.775,0.435,0.956,0.34,-0.181
2023,13,WR,00-0036900,Ja'Marr Chase,31.62,13.2,11.321,10.405,3.244,9.688,19.574,18.42,21.215,20.299,-2.795,-1.879
2023,13,WR,00-0036912,DeVonta Smith,24.6,19.125,14.036,14.263,3.602,12.254,23.364,5.475,10.337,10.564,-4.862,-5.089
2023,13,WR,00-0036913,Kadarius Toney,0.6,2.7,4.743,4.21,-0.008,2.661,11.58,2.1,3.61,4.143,-1.51,-2.043
2023,13,WR,00-0036936,Rondale Moore,1.6,7.25,7.267,8.004,0.211,5.595,17.231,5.65,6.404,5.667,-0.754,-0.017
2023,13,WR,00-0036963,Amon-Ra St. Brown,12.9,21.875,20.484,21.869,7.359,15.783,27.769,8.975,8.969,7.584,0.006,1.391
2023,13,WR,00-0036980,Elijah Moore,12.3,9.05,9.394,9.406,1.749,7.712,19.05,3.25,2.894,2.906,0.356,0.344
2023,13,WR,00-0037132,Britain Covey,0.0,0.0,-0.051,0.558,-0.187,0.028,4.584,0.0,0.558,0.051,-0.558,-0.051
2023,13,WR,00-0037238,Drake London,1.8,10.65,11.309,10.705,2.562,9.513,21.638,8.85,8.905,9.509,-0.055,-0.659
2023,13,WR,00-0037239,Chris Olave,16.9,16.5,13.959,13.411,2.879,10.973,24.568,0.4,3.489,2.941,-3.089,-2.541
2023,13,WR,00-0037240,Jameson Williams,10.0,6.725,6.892,6.629,0.137,4.899,14.485,3.275,3.371,3.108,-0.096,0.167
2023,13,WR,00-0037247,George Pickens,12.6,6.475,9.551,8.74,2.432,6.845,17.811,6.125,3.86,3.049,2.265,3.076
2023,13,WR,00-0037257,David Bell,3.2,1.825,2.843,3.496,-0.014,2.413,11.165,1.375,0.296,0.357,1.079,1.018
2023,13,WR,00-0037487,Deven Thompkins,2.1,0.95,2.054,3.069,0.009,2.481,11.171,1.15,0.969,0.046,0.181,1.104
2023,13,WR,00-0037614,John Metchie III,1.9,2.675,4.002,4.128,-0.019,2.721,11.721,0.775,2.228,2.102,-1.453,-1.327
2023,13,WR,00-0037664,Alec Pierce,19.0,4.225,7.628,8.489,1.163,7.05,16.123,14.775,10.511,11.372,4.264,3.403
2023,13,WR,00-0037666,Jalen Tolbert,2.7,6.55,5.896,5.421,0.495,4.901,13.915,3.85,2.721,3.196,1.129,0.654
2023,13,WR,00-0037740,Garrett Wilson,8.0,12.4,13.593,13.672,3.83,11.401,21.482,4.4,5.672,5.593,-1.272,-1.193
2023,13,WR,00-0037741,Jahan Dotson,4.3,9.6,9.48,9.072,1.846,7.31,18.698,5.3,4.772,5.18,0.528,0.12
2023,13,WR,00-0037801,KaVontae Turpin,2.0,6.125,4.978,4.41,-0.016,2.983,11.473,4.125,2.41,2.978,1.715,1.147
2023,13,WR,00-0037816,Romeo Doubs,11.2,10.425,9.142,9.021,1.572,7.575,18.539,0.775,2.179,2.058,-1.404,-1.283
2023,13,WR,00-0037837,Calvin Austin III,2.0,1.1,3.193,3.393,-0.059,2.443,10.792,0.9,1.393,1.193,-0.493,-0.293
2023,13,WR,00-0038090,Skyy Moore,1.5,3.725,5.951,6.331,0.074,4.457,14.457,2.225,4.831,4.451,-2.606,-2.226
2023,13,WR,00-0038104,Tyquan Thornton,3.9,2.175,3.121,3.462,0.025,3.394,11.702,1.725,0.438,0.779,1.287,0.946
2023,13,WR,00-0038124,Christian Watson,27.6,9.9,9.215,9.197,2.021,6.406,18.758,17.7,18.403,18.385,-0.703,-0.685
2023,13,WR,00-0038393,Dontayvion Wicks,7.3,7.975,6.822,7.079,0.567,5.546,16.16,0.675,0.221,0.478,0.454,0.197
2023,13,WR,00-0038465,Malik Heath,2.5,2.575,3.443,3.707,-0.024,2.451,11.089,0.075,1.207,0.943,-1.132,-0.868
2023,13,WR,00-0038496,Xavier Gipson,12.8,3.45,4.381,4.908,0.101,4.645,13.401,9.35,7.892,8.419,1.458,0.931
2023,13,WR,00-0038543,Jaxon Smith-Njigba,13.2,8.675,8.824,8.574,0.992,6.505,17.784,4.525,4.626,4.376,-0.101,0.149
2023,13,WR,00-0038544,Quentin Johnston,10.2,5.7,7.209,7.748,1.026,6.274,17.097,4.5,2.452,2.991,2.048,1.509
2023,13,WR,00-0038573,Derius Davis,0.0,2.875,0.67,0.208,-0.19,0.061,3.66,2.875,0.208,0.67,2.667,2.205
2023,13,WR,00-0038576,Charlie Jones,0.0,1.9,-0.29,0.175,-0.192,0.039,2.66,1.9,0.175,0.29,1.725,1.61
2023,13,WR,00-0038606,Parker Washington,18.1,0.0,0.034,0.502,-0.187,0.859,4.623,18.1,17.598,18.066,0.502,0.034
2023,13,WR,00-0038612,A.T. Perry,4.0,6.75,5.945,5.334,0.148,4.478,13.503,2.75,1.334,1.945,1.416,0.805
2023,13,WR,00-0038619,Andrei Iosivas,0.0,2.925,0.739,0.197,-0.192,-0.032,2.66,2.925,0.197,0.739,2.728,2.186
2023,13,WR,00-0038632,Colton Dowell,0.0,0.0,-0.223,-0.162,-0.192,-0.051,2.692,0.0,0.162,0.223,-0.162,-0.223
2023,13,WR,00-0038647,Ronnie Bell,0.0,0.75,0.677,0.201,-0.192,-0.035,2.66,0.75,0.201,0.677,0.549,0.073
2023,13,WR,00-0038752,Jake Bobo,1.9,4.325,5.589,5.118,-0.002,3.091,13.333,2.425,3.218,3.689,-0.793,-1.264
2023,13,WR,00-0038976,Marvin Mims Jr.,2.3,2.35,5.815,5.984,0.057,3.956,13.478,0.05,3.684,3.515,-3.634,-3.465
2023,13,WR,00-0038979,Cedric Tillman,4.0,3.2,6.156,6.771,0.286,4.684,15.358,0.8,2.771,2.156,-1.971,-1.356
2023,13,WR,00-0038997,Josh Downs,4.4,7.875,7.435,6.626,1.42,6.156,17.117,3.475,2.226,3.035,1.249,0.44
2023,13,WR,00-0039052,Trey Palmer,4.5,6.175,7.466,7.622,1.297,6.408,17.043,1.675,3.122,2.966,-1.447,-1.291
2023,13,WR,00-0039062,Jonathan Mingo,12.9,4.525,8.101,8.468,0.974,9.061,17.139,8.375,4.432,4.799,3.943,3.576
2023,13,WR,00-0039067,Rashee Rice,14.4,13.05,9.986,9.385,2.071,8.155,19.432,1.35,5.015,4.414,-3.665,-3.064
2023,13,WR,00-0039075,Puka Nacua,23.9,9.725,13.006,13.487,3.316,11.256,22.874,14.175,10.413,10.894,3.762,3.281
2023,13,WR,00-0039146,Jayden Reed,5.6,15.15,10.844,11.2,1.716,8.988,20.398,9.55,5.6,5.244,3.95,4.306
2023,14,RB,00-0029239,Brandon Bolden,0.0,0.8,-0.346,0.182,-0.194,-0.01,2.958,0.8,0.182,0.346,0.618,0.454
2023,14,RB,00-0030513,Latavius Murray,4.0,7.05,8.389,8.922,1.666,6.915,18.177,3.05,4.922,4.389,-1.872,-1.339
2023,14,RB,00-0030578,Cordarrelle Patterson,0.7,3.075,5.82,6.259,0.576,4.125,14.736,2.375,5.559,5.12,-3.184,-2.745
2023,14,RB,00-0031376,Jerick McKinnon,12.7,5.075,5.787,5.613,0.659,4.149,13.177,7.625,7.087,6.913,0.538,0.712
2023,14,RB,00-0031687,Raheem Mostert,23.0,14.575,12.733,11.888,3.401,11.454,22.371,8.425,11.112,10.267,-2.687,-1.842
2023,14,RB,00-0032104,Ameer Abdullah,3.9,2.4,3.215,3.167,0.068,2.989,10.242,1.5,0.733,0.685,0.767,0.815
2023,14,RB,00-0032764,Derrick Henry,18.1,13.5,10.473,9.226,3.136,9.348,22.064,4.6,8.874,7.627,-4.274,-3.027
2023,14,RB,00-0033045,Ezekiel Elliott,27.0,9.35,8.896,9.018,1.737,8.256,18.8,17.65,17.982,18.104,-0.332,-0.454
2023,14,RB,00-0033280,Christian McCaffrey,16.3,23.675,22.207,23.765,9.038,20.34,30.113,7.375,7.465,5.907,-0.09,1.468
2023,14,RB,00-0033308,Matt Breida,1.6,1.225,3.726,4.283,0.132,2.572,12.56,0.375,2.683,2.126,-2.308,-1.751
2023,14,RB,00-0033526,Samaje Perine,9.4,9.3,7.45,7.353,1.559,5.57,15.864,0.1,2.047,1.95,-1.947,-1.85
2023,14,RB,00-0033699,Austin Ekeler,21.0,10.65,12.736,12.81,4.117,10.901,23.827,10.35,8.19,8.264,2.16,2.086
2023,14,RB,00-0033854,Dare Ogunbowale,2.1,0.725,3.745,4.139,0.266,3.075,12.86,1.375,2.039,1.645,-0.664,-0.27
2023,14,RB,00-0033893,Dalvin Cook,1.8,2.9,4.99,5.455,0.573,4.089,13.842,1.1,3.655,3.19,-2.555,-2.09
2023,14,RB,00-0033897,Joe Mixon,21.5,17.8,15.178,15.362,4.292,11.27,25.583,3.7,6.138,6.322,-2.438,-2.622
2023,14,RB,00-0033906,Alvin Kamara,13.5,18.575,17.6,18.567,5.006,13.831,27.443,5.075,5.067,4.1,0.008,0.975
2023,14,RB,00-0033923,Kareem Hunt,10.0,5.975,7.403,7.381,1.085,5.978,17.258,4.025,2.619,2.597,1.406,1.428
2023,14,RB,00-0033925,D'Onta Foreman,9.2,9.375,10.23,9.95,2.022,7.989,19.859,0.175,0.75,1.03,-0.575,-0.855
2023,14,RB,00-0033948,Jamaal Williams,4.3,2.7,5.443,5.796,0.536,3.793,13.724,1.6,1.496,1.143,0.104,0.457
2023,14,RB,00-0034184,Gus Edwards,1.5,13.175,10.233,9.401,1.886,7.501,18.216,11.675,7.901,8.733,3.774,2.942
2023,14,RB,00-0034414,Boston Scott,0.9,1.875,3.365,3.957,0.109,2.76,11.359,0.975,3.057,2.465,-2.082,-1.49
2023,14,RB,00-0034433,Nick Bawden,0.3,2.35,1.712,2.305,0.087,1.548,10.286,2.05,2.005,1.412,0.045,0.638
2023,14,RB,00-0034614,Godwin Igwebuike,0.0,0.0,-0.6,0.462,-0.189,0.341,6.253,0.0,0.462,0.6,-0.462,-0.6
2023,14,RB,00-0034681,Chase Edmonds,7.8,1.9,3.136,3.809,0.169,2.57,11.65,5.9,3.991,4.664,1.909,1.236
2023,14,RB,00-0034838,Royce Freeman,0.9,6.05,6.675,7.338,1.254,6.259,17.318,5.15,6.438,5.775,-1.288,-0.625
2023,14,RB,00-0034844,Saquon Barkley,23.1,14.4,15.421,16.158,5.765,15.387,23.513,8.7,6.942,7.679,1.758,1.021
2023,14,RB,00-0034972,Alexander Mattison,6.6,9.225,9.856,10.665,2.699,8.852,20.674,2.625,4.065,3.256,-1.44,-0.631
2023,14,RB,00-0034975,Justice Hill,2.2,2.375,5.261,5.889,0.508,4.165,14.418,0.175,3.689,3.061,-3.514,-2.886
2023,14,RB,00-0035243,Miles Sanders,7.4,3.975,6.797,6.987,0.985,5.266,16.628,3.425,0.413,0.603,3.012,2.822
2023,14,RB,00-0035250,Devin Singletary,12.5,15.275,12.607,12.893,4.529,11.82,23.104,2.775,0.393,0.107,2.382,2.668
2023,14,RB,00-0035261,Tony Pollard,16.6,15.775,15.735,16.629,5.334,13.78,26.246,0.825,0.029,0.865,0.796,-0.04
2023,14,RB,00-0035291,Trayveon Williams,0.9,0.8,3.258,3.641,0.155,2.468,11.946,0.1,2.741,2.358,-2.641,-2.258
2023,14,RB,00-0035537,Ty Johnson,4.1,4.225,4.666,4.485,0.276,3.17,13.164,0.125,0.385,0.566,-0.26,-0.441
2023,14,RB,00-0035567,Craig Reynolds,0.0,2.775,0.098,0.195,-0.194,-0.014,2.734,2.775,0.195,0.098,2.58,2.677
2023,14,RB,00-0035594,Travis Homer,0.0,0.0,-0.354,0.572,-0.189,0.013,4.577,0.0,0.572,0.354,-0.572,-0.354
2023,14,RB,00-0035628,D'Ernest Johnson,4.8,5.35,6.393,6.295,0.774,4.828,15.429,0.55,1.495,1.593,-0.945,-1.043
2023,14,RB,00-0035685,David Montgomery,11.5,15.75,10.811,10.931,2.274,8.909,20.46,4.25,0.569,0.689,3.681,3.561
2023,14,RB,00-0035700,Josh Jacobs,7.0,15.775,12.77,11.591,5.249,11.841,23.733,8.775,4.591,5.77,4.184,3.005
2023,14,RB,00-0035726,Jakob Johnson,0.0,0.55,-0.234,0.186,-0.194,-0.064,2.763,0.55,0.186,0.234,0.364,0.316
2023,14,RB,00-0035973,Patrick Taylor,7.2,3.5,5.296,4.971,0.38,3.595,12.851,3.7,2.229,1.904,1.471,1.796
2023,14,RB,00-0036139,Rico Dowdle,12.2,7.675,5.892,6.182,0.318,4.404,15.468,4.525,6.018,6.308,-1.493,-1.783
2023,14,RB,00-0036251,Zack Moss,9.6,4.875,9.223,9.148,1.399,7.139,18.684,4.725,0.452,0.377,4.273,4.348
2023,14,RB,00-0036265,AJ Dillon,9.8,10.0,12.29,12.503,3.539,10.435,21.513,0.2,2.703,2.49,-2.503,-2.29
2023,14,RB,00-0036275,D'Andre Swift,3.9,10.625,11.404,11.676,3.265,10.13,22.584,6.725,7.776,7.504,-1.051,-0.779
2023,14,RB,00-0036360,Clyde Edwards-Helaire,8.8,1.325,3.923,3.829,0.151,3.103,11.747,7.475,4.971,4.877,2.504,2.598
2023,14,RB,00-0036370,Joshua Kelley,0.6,2.7,5.176,5.427,0.638,4.149,14.511,2.1,4.827,4.576,-2.727,-2.476
2023,14,RB,00-0036425,DeeJay Dallas,0.0,1.375,-0.26,-0.045,-0.194,-0.059,2.722,1.375,0.045,0.26,1.33,1.115
2023,14,RB,00-0036555,Chuba Hubbard,11.6,14.25,11.711,11.885,3.587,10.757,21.787,2.65,0.285,0.111,2.365,2.539
2023,14,RB,00-0036842,Kene Nwangwu,0.3,1.2,3.741,4.149,0.243,2.699,11.808,0.9,3.849,3.441,-2.949,-2.541
2023,14,RB,00-0036893,Najee Harris,7.8,12.2,10.966,10.523,2.763,9.253,21.613,4.4,2.723,3.166,1.677,1.234
2023,14,RB,00-0036906,Khalil Herbert,0.8,10.425,9.876,10.614,1.972,8.946,20.435,9.625,9.814,9.076,-0.189,0.549
2023,14,RB,00-0036919,Kenny Gainwell,2.8,6.525,7.142,7.179,0.918,6.138,15.953,3.725,4.379,4.342,-0.654,-0.617
2023,14,RB,00-0036973,Travis Etienne,17.2,11.45,12.755,12.947,3.632,11.262,22.749,5.75,4.253,4.445,1.497,1.305
2023,14,RB,00-0036984,Trey Sermon,1.3,0.95,3.177,4.083,0.099,2.534,12.007,0.35,2.783,1.877,-2.433,-1.527
2023,14,RB,00-0036997,Javonte Williams,18.1,12.1,12.403,12.218,4.181,10.998,23.417,6.0,5.882,5.697,0.118,0.303
2023,14,RB,00-0037120,Tyler Goodson,0.8,3.1,3.709,2.731,0.107,2.222,9.996,2.3,1.931,2.909,0.369,-0.609
2023,14,RB,00-0037228,Jaylen Warren,8.0,14.05,11.558,11.355,2.284,9.704,22.012,6.05,3.355,3.558,2.695,2.492
2023,14,RB,00-0037248,James Cook,25.1,13.775,12.938,13.294,3.068,10.275,22.874,11.325,11.806,12.162,-0.481,-0.837
2023,14,RB,00-0037256,Rachaad White,21.5,17.05,14.446,13.774,5.92,13.073,25.53,4.45,7.726,7.054,-3.276,-2.604
2023,14,RB,00-0037258,Dameon Pierce,1.7,5.225,7.027,7.336,1.378,5.535,17.132,3.525,5.636,5.327,-2.111,-1.802
2023,14,RB,00-0037263,Tyler Allgeier,4.0,6.2,6.826,7.519,0.679,5.111,15.757,2.2,3.519,2.826,-1.319,-0.626
2023,14,RB,00-0037267,Jerome Ford,13.2,12.475,12.231,12.984,3.711,9.692,21.573,0.725,0.216,0.969,0.509,-0.244
2023,14,RB,00-0037276,Ty Chandler,7.2,6.9,8.023,8.129,0.95,6.395,16.746,0.3,0.929,0.823,-0.629,-0.523
2023,14,RB,00-0037429,Raheem Blackshear,1.8,1.1,2.786,3.632,0.103,2.595,11.36,0.7,1.832,0.986,-1.132,-0.286
2023,14,RB,00-0037525,Jordan Mason,9.6,0.25,3.954,4.23,0.275,2.475,11.614,9.35,5.37,5.646,3.98,3.704
2023,14,RB,00-0037840,Kyren Williams,14.3,22.025,16.343,14.233,6.257,15.284,25.053,7.725,0.067,2.043,7.658,5.682
2023,14,RB,00-0038040,Zamir White,0.8,1.525,2.648,3.533,0.135,2.449,11.322,0.725,2.733,1.848,-2.008,-1.123
2023,14,RB,00-0038045,Isaiah Spiller,1.9,1.85,3.53,3.875,0.209,3.062,12.003,0.05,1.975,1.63,-1.925,-1.58
2023,14,RB,00-0038098,Pierre Strong,0.0,1.175,3.763,3.946,0.155,2.63,12.499,1.175,3.946,3.763,-2.771,-2.588
2023,14,RB,00-0038120,Breece Hall,26.6,12.8,12.004,12.266,4.391,10.166,19.937,13.8,14.334,14.596,-0.534,-0.796
2023,14,RB,00-0038134,Kenneth Walker III,9.4,8.25,8.137,8.112,1.69,7.284,18.952,1.15,1.288,1.263,-0.138,-0.113
2023,14,RB,00-0038389,Israel Abanikanda,-0.1,2.6,3.491,3.671,0.22,3.251,10.932,2.7,3.771,3.591,-1.071,-0.891
2023,14,RB,00-0038454,Keaton Mitchell,7.2,12.5,9.069,8.34,1.433,6.2,17.758,5.3,1.14,1.869,4.16,3.431
2023,14,RB,00-0038488,Brady Russell,0.0,0.0,-0.863,0.357,-0.189,0.529,5.278,0.0,0.357,0.863,-0.357,-0.863
2023,14,RB,00-0038542,Bijan Robinson,19.8,15.425,17.474,18.38,4.814,13.297,25.315,4.375,1.42,2.326,2.955,2.049
2023,14,RB,00-0038597,Chase Brown,19.5,2.375,3.799,4.112,0.167,2.58,11.969,17.125,15.388,15.701,1.737,1.424
2023,14,RB,00-0038794,Jaleel McLaughlin,4.2,3.55,4.487,4.511,0.291,3.277,13.23,0.65,0.311,0.287,0.339,0.363
2023,14,RB,00-0039021,Roschon Johnson,0.6,6.3,8.509,8.234,1.481,6.758,17.982,5.7,7.634,7.909,-1.934,-2.209
2023,14,RB,00-0039032,Tyjae Spears,17.8,7.275,8.781,9.434,2.582,8.181,18.548,10.525,8.366,9.019,2.159,1.506
2023,14,RB,00-0039040,De'Von Achane,12.1,18.825,18.143,20.772,4.707,14.483,23.347,6.725,8.672,6.043,-1.947,0.682
2023,14,RB,00-0039139,Jahmyr Gibbs,17.2,16.35,14.561,13.797,4.71,11.316,24.251,0.85,3.403,2.639,-2.553,-1.789
2023,14,RB,00-0039165,Zach Charbonnet,5.8,12.45,11.555,11.581,3.594,10.476,21.718,6.65,5.781,5.755,0.869,0.895
2023,14,WR,00-0026293,Matthew Slater,0.0,0.0,-1.498,-0.26,-0.184,0.833,5.561,0.0,0.26,1.498,-0.26,-1.498
2023,14,WR,00-0028002,Randall Cobb,8.5,1.75,2.742,3.348,0.007,3.368,11.236,6.75,5.152,5.758,1.598,0.992
2023,14,WR,00-0030035,Adam Thielen,12.4,8.075,10.391,9.559,2.692,9.348,19.023,4.325,2.841,2.009,1.484,2.316
2023,14,WR,00-0030279,Keenan Allen,12.8,25.375,17.703,17.208,7.558,15.804,26.995,12.575,4.408,4.903,8.167,7.672
2023,14,WR,00-0030431,Robert Woods,0.8,4.475,5.178,6.16,0.266,6.379,14.59,3.675,5.36,4.378,-1.685,-0.703
2023,14,WR,00-0030564,DeAndre Hopkins,25.4,12.1,11.958,11.388,3.3,8.997,20.729,13.3,14.012,13.442,-0.712,-0.142
2023,14,WR,00-0031235,Odell Beckham Jr.,19.7,11.9,8.684,8.248,1.449,6.622,19.599,7.8,11.452,11.016,-3.652,-3.216
2023,14,WR,00-0031236,Brandin Cooks,5.7,18.3,11.886,12.071,2.341,9.395,20.088,12.6,6.371,6.186,6.229,6.414
2023,14,WR,00-0031381,Davante Adams,12.3,13.875,13.734,13.849,4.331,10.045,21.238,1.575,1.549,1.434,0.026,0.141
2023,14,WR,00-0031408,Mike Evans,1.8,23.95,14.358,12.667,4.155,11.859,24.846,22.15,10.867,12.558,11.283,9.592
2023,14,WR,00-0031428,Allen Robinson,3.1,3.5,4.533,5.019,0.11,4.107,14.279,0.4,1.919,1.433,-1.519,-1.033
2023,14,WR,00-0031544,Amari Cooper,12.7,8.3,9.378,9.398,1.451,7.521,17.767,4.4,3.302,3.322,1.098,1.078
2023,14,WR,00-0031549,Nelson Agholor,8.2,3.75,4.646,5.502,0.029,3.705,13.159,4.45,2.698,3.554,1.752,0.896
2023,14,WR,00-0031588,Stefon Diggs,6.4,13.775,13.382,14.616,3.713,12.015,23.113,7.375,8.216,6.982,-0.841,0.393
2023,14,WR,00-0031763,DeAndre Carter,0.0,1.0,-0.424,0.267,-0.189,0.07,3.58,1.0,0.267,0.424,0.733,0.576
2023,14,WR,00-0032200,Ty Montgomery,2.7,0.05,0.622,2.443,-0.052,1.925,9.051,2.65,0.257,2.078,2.393,0.572
2023,14,WR,00-0032211,Tyler Lockett,14.9,12.25,10.179,9.885,1.979,8.747,20.232,2.65,5.015,4.721,-2.365,-2.071
2023,14,WR,00-0032398,Chris Moore,3.2,5.8,6.04,6.378,0.13,4.604,14.863,2.6,3.178,2.84,-0.578,-0.24
2023,14,WR,00-0032464,Kalif Raymond,4.5,5.9,5.854,5.897,0.072,4.367,14.379,1.4,1.397,1.354,0.003,0.046
2023,14,WR,00-0032543,Alex Erickson,1.9,2.05,4.271,4.798,0.017,3.36,12.476,0.15,2.898,2.371,-2.748,-2.221
2023,14,WR,00-0032775,Demarcus Robinson,13.6,6.425,6.072,5.963,0.222,4.787,14.485,7.175,7.637,7.528,-0.462,-0.353
2023,14,WR,00-0033009,Tyler Boyd,4.3,9.35,11.148,11.43,2.857,10.242,20.443,5.05,7.13,6.848,-2.08,-1.798
2023,14,WR,00-0033040,Tyreek Hill,10.1,25.2,20.188,20.529,7.03,13.869,28.813,15.1,10.429,10.088,4.671,5.012
2023,14,WR,00-0033292,Trent Taylor,0.0,0.0,-0.102,0.202,-0.189,0.07,3.64,0.0,0.202,0.102,-0.202,-0.102
2023,14,WR,00-0033466,Isaiah McKenzie,0.0,2.65,1.316,0.195,-0.189,-0.035,2.734,2.65,0.195,1.316,2.455,1.334
2023,14,WR,00-0033555,Mack Hollins,1.4,4.6,4.555,5.376,0.019,3.784,13.73,3.2,3.976,3.155,-0.776,0.045
2023,14,WR,00-0033589,David Moore,2.1,0.375,2.358,3.406,-0.024,2.241,10.618,1.725,1.306,0.258,0.419,1.467
2023,14,WR,00-0033591,Noah Brown,0.0,15.05,8.877,8.157,1.454,8.942,18.756,15.05,8.157,8.877,6.893,6.173
2023,14,WR,00-0033857,JuJu Smith-Schuster,13.0,4.525,5.349,5.323,0.784,4.97,14.369,8.475,7.677,7.651,0.798,0.824
2023,14,WR,00-0033891,Zay Jones,7.9,8.025,7.877,8.006,1.341,7.06,16.648,0.125,0.106,0.023,0.019,0.102
2023,14,WR,00-0033908,Cooper Kupp,25.5,7.4,8.319,8.122,2.224,8.174,18.018,18.1,17.378,17.181,0.722,0.919
2023,14,WR,00-0033921,Chris Godwin Jr.,10.3,8.675,10.025,10.637,2.378,7.723,18.412,1.625,0.337,0.275,1.288,1.35
2023,14,WR,00-0033943,Josh Reynolds,13.4,4.325,5.875,6.391,0.407,4.244,14.75,9.075,7.009,7.525,2.066,1.55
2023,14,WR,00-0034272,Marquez Valdes-Scantling,4.2,2.4,5.627,5.382,0.035,3.833,13.965,1.8,1.182,1.427,0.618,0.373
2023,14,WR,00-0034286,Richie James,1.4,0.95,2.822,3.826,0.222,2.767,11.166,0.45,2.426,1.422,-1.976,-0.972
2023,14,WR,00-0034348,Courtland Sutton,15.2,14.675,11.846,11.277,1.818,10.792,22.763,0.525,3.923,3.354,-3.398,-2.829
2023,14,WR,00-0034386,Justin Watson,2.8,8.325,7.622,7.375,0.837,6.17,15.932,5.525,4.575,4.822,0.95,0.703
2023,14,WR,00-0034418,Cedrick Wilson Jr.,5.0,7.325,6.456,6.115,0.073,5.101,13.421,2.325,1.115,1.456,1.21,0.869
2023,14,WR,00-0034419,Braxton Berrios,3.3,0.7,3.395,4.813,0.027,3.375,12.614,2.6,1.513,0.095,1.087,2.505
2023,14,WR,00-0034487,Trent Sherfield,1.9,0.85,2.953,3.701,-0.025,2.464,11.233,1.05,1.801,1.053,-0.751,-0.003
2023,14,WR,00-0034521,Allen Lazard,0.0,1.625,1.392,-0.311,-0.064,0.27,3.181,1.625,0.311,1.392,1.314,0.233
2023,14,WR,00-0034646,Brandon Powell,0.0,7.725,7.201,7.542,0.682,5.312,16.741,7.725,7.542,7.201,0.183,0.524
2023,14,WR,00-0034764,Michael Gallup,13.8,5.85,5.617,5.205,0.031,3.926,12.893,7.95,8.595,8.183,-0.645,-0.233
2023,14,WR,00-0034777,DJ Chark,4.6,7.05,6.698,6.491,0.396,5.202,15.478,2.45,1.891,2.098,0.559,0.352
2023,14,WR,00-0034827,DJ Moore,26.8,15.325,15.603,15.382,3.94,11.596,25.515,11.475,11.418,11.197,0.057,0.278
2023,14,WR,00-0034837,Calvin Ridley,9.3,16.075,11.616,11.155,2.977,10.007,20.882,6.775,1.855,2.316,4.92,4.459
2023,14,WR,00-0034854,KhaDarel Hodge,2.8,4.875,4.731,5.617,0.025,4.107,13.877,2.075,2.817,1.931,-0.742,0.144
2023,14,WR,00-0034960,Jakobi Meyers,7.5,11.65,10.47,10.973,2.426,8.338,18.841,4.15,3.473,2.97,0.677,1.18
2023,14,WR,00-0034983,Hunter Renfrow,5.6,5.925,6.207,6.433,0.508,4.86,14.705,0.325,0.833,0.607,-0.508,-0.282
2023,14,WR,00-0035208,Olamide Zaccheaus,3.8,3.3,4.58,4.654,-0.02,3.325,12.476,0.5,0.854,0.78,-0.354,-0.28
2023,14,WR,00-0035215,Deonte Harty,3.5,-0.05,3.102,3.607,-0.057,2.27,11.264,3.55,0.107,0.398,3.443,3.152
2023,14,WR,00-0035216,Diontae Johnson,14.7,7.15,9.35,8.632,1.634,9.44,19.165,7.55,6.068,5.35,1.482,2.2
2023,14,WR,00-0035298,Scott Miller,0.0,5.9,3.77,3.593,-0.022,2.888,10.194,5.9,3.593,3.77,2.307,2.13
2023,14,WR,00-0035406,Lil'Jordan Humphrey,2.2,1.725,3.71,4.228,-0.051,2.638,11.608,0.475,2.028,1.51,-1.553,-1.035
2023,14,WR,00-0035414,Jalen Guyton,1.8,4.25,5.951,5.342,0.102,4.782,14.067,2.45,3.542,4.151,-1.092,-1.701
2023,14,WR,00-0035535,Darius Slayton,3.4,9.2,8.051,8.669,1.423,5.999,17.431,5.8,5.269,4.651,0.531,1.149
2023,14,WR,00-0035640,DK Metcalf,13.2,20.2,11.634,10.05,3.1,9.547,21.043,7.0,3.15,1.566,3.85,5.434
2023,14,WR,00-0035645,Gunner Olszewski,0.0,0.0,-0.744,0.352,-0.184,0.616,5.561,0.0,0.352,0.744,-0.352,-0.744
2023,14,WR,00-0035676,A.J. Brown,16.4,13.875,15.659,15.602,5.035,13.031,25.002,2.525,0.798,0.741,1.727,1.784
2023,14,WR,00-0035719,Deebo Samuel Sr.,34.0,20.825,15.872,15.667,2.255,9.752,23.373,13.175,18.333,18.128,-5.158,-4.953
2023,14,WR,00-0036133,James Proche,0.0,0.0,-0.325,0.14,-0.189,-0.118,2.915,0.0,0.14,0.325,-0.14,-0.325
2023,14,WR,00-0036165,Isaiah Hodgins,10.2,3.1,4.048,4.606,0.029,3.57,12.055,7.1,5.594,6.152,1.506,0.948
2023,14,WR,00-0036182,Nick Westbrook-Ikhine,6.8,3.875,6.206,6.376,0.164,4.584,15.405,2.925,0.424,0.594,2.501,2.331
2023,14,WR,00-0036196,Gabe Davis,0.0,13.95,11.958,12.287,3.349,10.84,24.12,13.95,12.287,11.958,1.663,1.992
2023,14,WR,00-0036233,Donovan Peoples-Jones,2.7,0.0,2.094,3.389,-0.022,2.353,11.233,2.7,0.689,0.606,2.011,2.094
2023,14,WR,00-0036252,Michael Pittman,19.5,19.75,18.586,18.844,6.502,14.751,27.491,0.25,0.656,0.914,-0.406,-0.664
2023,14,WR,00-0036259,Jauan Jennings,0.0,4.225,5.225,5.347,0.045,3.86,13.437,4.225,5.347,5.225,-1.122,-1.0
2023,14,WR,00-0036261,Brandon Aiyuk,16.6,17.425,13.422,13.619,3.355,10.109,21.857,0.825,2.981,3.178,-2.156,-2.353
2023,14,WR,00-0036309,Darnell Mooney,6.4,5.65,7.235,7.825,0.558,5.634,17.509,0.75,1.425,0.835,-0.675,-0.085
2023,14,WR,00-0036322,Justin Jefferson,4.7,21.275,15.712,15.433,5.022,13.853,26.462,16.575,10.733,11.012,5.842,5.563
2023,14,WR,00-0036326,Chase Claypool,0.0,1.25,2.294,0.167,-0.189,-0.03,2.739,1.25,0.167,2.294,1.083,-1.044
2023,14,WR,00-0036331,Devin Duvernay,0.0,0.75,0.125,0.194,-0.189,0.06,3.558,0.75,0.194,0.125,0.556,0.625
2023,14,WR,00-0036345,K.J. Osborn,5.5,7.425,7.858,8.429,1.4,6.297,18.539,1.925,2.929,2.358,-1.004,-0.433
2023,14,WR,00-0036358,CeeDee Lamb,19.1,26.475,21.153,20.125,6.722,15.127,28.809,7.375,1.025,2.053,6.35,5.322
2023,14,WR,00-0036364,Lynn Bowden,6.4,1.775,5.313,5.246,0.051,3.755,13.084,4.625,1.154,1.087,3.471,3.538
2023,14,WR,00-0036387,Jalen Reagor,0.0,1.575,1.593,2.088,0.007,2.891,10.12,1.575,2.088,1.593,-0.513,-0.018
2023,14,WR,00-0036407,Jerry Jeudy,3.6,7.125,8.355,8.22,1.032,6.624,17.776,3.525,4.62,4.755,-1.095,-1.23
2023,14,WR,00-0036410,Tee Higgins,9.2,10.375,10.375,9.846,1.651,7.933,19.756,1.175,0.646,1.175,0.529,-0.0
2023,14,WR,00-0036527,DJ Turner,0.0,0.15,0.67,0.287,-0.189,0.083,3.616,0.15,0.287,0.67,-0.137,-0.52
2023,14,WR,00-0036550,Rashod Bateman,4.4,5.6,7.458,6.931,0.426,5.117,15.841,1.2,2.531,3.058,-1.331,-1.858
2023,14,WR,00-0036554,Nico Collins,2.3,21.35,12.653,12.189,3.533,11.457,22.215,19.05,9.889,10.353,9.161,8.697
2023,14,WR,00-0036613,Jaylen Waddle,13.9,11.875,15.042,15.353,3.918,11.636,25.741,2.025,1.453,1.142,0.572,0.883
2023,14,WR,00-0036630,Tylan Wallace,6.0,1.35,0.941,0.15,-0.189,-0.052,2.691,4.65,5.85,5.059,-1.2,-0.409
2023,14,WR,00-0036635,Ihmir Smith-Marsette,1.0,2.1,1.606,3.246,-0.024,2.134,10.406,1.1,2.246,0.606,-1.146,0.494
2023,14,WR,00-0036841,Austin Trammell,0.0,1.725,0.69,-0.018,-0.185,-0.035,2.691,1.725,0.018,0.69,1.707,1.035
2023,14,WR,00-0036849,Tutu Atwell,0.0,5.125,6.209,6.394,0.14,4.649,16.53,5.125,6.394,6.209,-1.269,-1.084
2023,14,WR,00-0036862,Ben Skowronek,0.0,0.975,0.483,0.007,-0.189,-0.035,2.691,0.975,0.007,0.483,0.968,0.492
2023,14,WR,00-0036900,Ja'Marr Chase,5.9,19.08,14.673,14.59,4.345,12.45,23.73,13.18,8.69,8.773,4.49,4.407
2023,14,WR,00-0036912,DeVonta Smith,10.3,19.55,15.758,14.675,4.957,13.612,26.034,9.25,4.375,5.458,4.875,3.792
2023,14,WR,00-0036913,Kadarius Toney,7.1,2.275,4.217,4.12,-0.057,2.434,11.314,4.825,2.98,2.883,1.845,1.942
2023,14,WR,00-0036963,Amon-Ra St. Brown,5.1,20.9,15.636,16.326,5.497,14.142,26.107,15.8,11.226,10.536,4.574,5.264
2023,14,WR,00-0036980,Elijah Moore,7.2,11.275,10.496,11.159,2.728,10.19,21.385,4.075,3.959,3.296,0.116,0.779
2023,14,WR,00-0037098,Samori Toure,4.2,2.35,3.075,3.332,-0.017,2.342,10.841,1.85,0.868,1.125,0.982,0.725
2023,14,WR,00-0037132,Britain Covey,0.0,0.0,0.318,0.547,-0.184,-0.103,4.463,0.0,0.547,0.318,-0.547,-0.318
2023,14,WR,00-0037238,Drake London,29.2,8.25,11.762,11.49,2.227,9.59,20.636,20.95,17.71,17.438,3.24,3.512
2023,14,WR,00-0037239,Chris Olave,12.8,18.325,12.881,12.321,2.866,10.934,24.321,5.525,0.479,0.081,5.046,5.444
2023,14,WR,00-0037240,Jameson Williams,0.4,8.325,7.598,8.404,0.183,5.476,14.8,7.925,8.004,7.198,-0.079,0.727
2023,14,WR,00-0037247,George Pickens,6.9,9.15,8.579,8.105,2.228,7.169,17.748,2.25,1.205,1.679,1.045,0.571
2023,14,WR,00-0037257,David Bell,11.1,2.625,3.191,3.578,-0.014,2.617,11.461,8.475,7.522,7.909,0.953,0.566
2023,14,WR,00-0037261,Khalil Shakir,2.2,10.325,8.956,8.666,1.625,6.792,17.512,8.125,6.466,6.756,1.659,1.369
2023,14,WR,00-0037291,Jalen Nailor,3.3,7.675,4.956,5.609,0.039,4.747,13.473,4.375,2.309,1.656,2.066,2.719
2023,14,WR,00-0037487,Deven Thompkins,0.0,1.475,0.441,0.263,-0.189,-0.041,2.691,1.475,0.263,0.441,1.212,1.034
2023,14,WR,00-0037614,John Metchie III,1.6,2.55,2.786,3.02,-0.013,2.636,11.408,0.95,1.42,1.186,-0.47,-0.236
2023,14,WR,00-0037664,Alec Pierce,4.2,7.2,7.794,7.926,1.504,7.149,16.904,3.0,3.726,3.594,-0.726,-0.594
2023,14,WR,00-0037666,Jalen Tolbert,0.0,3.75,6.493,5.907,0.084,4.662,13.978,3.75,5.907,6.493,-2.157,-2.743
2023,14,WR,00-0037740,Garrett Wilson,20.1,11.15,10.727,9.598,3.272,9.127,20.107,8.95,10.502,9.373,-1.552,-0.423
2023,14,WR,00-0037742,Treylon Burks,1.6,4.225,5.067,5.167,0.306,4.079,15.751,2.625,3.567,3.467,-0.942,-0.842
2023,14,WR,00-0037745,Velus Jones Jr.,2.1,0.6,2.442,3.621,-0.024,2.257,11.233,1.5,1.521,0.342,-0.021,1.158
2023,14,WR,00-0037801,KaVontae Turpin,2.2,6.05,5.645,5.0,-0.016,3.194,11.094,3.85,2.8,3.445,1.05,0.405
2023,14,WR,00-0037816,Romeo Doubs,7.2,11.575,9.332,9.538,1.618,8.06,19.451,4.375,2.338,2.132,2.037,2.243
2023,14,WR,00-0037837,Calvin Austin III,1.2,1.35,1.873,2.581,-0.057,2.394,9.115,0.15,1.381,0.673,-1.231,-0.523
2023,14,WR,00-0038090,Skyy Moore,0.0,3.65,6.061,6.164,0.037,4.021,14.113,3.65,6.164,6.061,-2.514,-2.411
2023,14,WR,00-0038104,Tyquan Thornton,4.7,2.75,2.566,2.448,0.05,3.785,12.259,1.95,2.252,2.134,-0.302,-0.184
2023,14,WR,00-0038117,Wan'Dale Robinson,17.5,7.35,6.763,6.943,0.474,4.797,15.961,10.15,10.557,10.737,-0.407,-0.587
2023,14,WR,00-0038393,Dontayvion Wicks,4.0,8.6,7.089,6.798,0.997,5.616,15.745,4.6,2.798,3.089,1.802,1.511
2023,14,WR,00-0038465,Malik Heath,7.6,3.2,3.612,3.643,0.001,2.628,11.606,4.4,3.957,3.988,0.443,0.412
2023,14,WR,00-0038496,Xavier Gipson,8.2,5.35,5.709,5.876,0.367,5.645,14.647,2.85,2.324,2.491,0.526,0.359
2023,14,WR,00-0038543,Jaxon Smith-Njigba,6.5,8.9,9.111,9.006,1.985,7.277,18.522,2.4,2.506,2.611,-0.106,-0.211
2023,14,WR,00-0038544,Quentin Johnston,12.1,7.35,7.565,7.717,1.093,6.035,17.32,4.75,4.383,4.535,0.367,0.215
2023,14,WR,00-0038563,Tre Tucker,0.0,3.375,3.229,3.196,0.011,2.794,10.993,3.375,3.196,3.229,0.179,0.146
2023,14,WR,00-0038573,Derius Davis,0.0,1.125,0.393,-0.048,-0.189,0.07,3.498,1.125,0.048,0.393,1.077,0.732
2023,14,WR,00-0038576,Charlie Jones,0.0,0.4,0.161,0.139,-0.189,0.109,2.773,0.4,0.139,0.161,0.261,0.239
2023,14,WR,00-0038606,Parker Washington,8.7,6.033,4.517,6.06,1.025,5.609,13.238,2.667,2.64,4.183,0.027,-1.516
2023,14,WR,00-0038612,A.T. Perry,5.4,5.833,5.743,5.161,0.13,4.606,11.629,0.433,0.239,0.343,0.194,0.09
2023,14,WR,00-0038618,Xavier Hutchinson,3.5,2.2,1.163,2.106,-0.057,2.172,8.619,1.3,1.394,2.337,-0.094,-1.037
2023,14,WR,00-0038647,Ronnie Bell,0.0,0.75,0.657,0.156,-0.189,-0.042,2.779,0.75,0.156,0.657,0.594,0.093
2023,14,WR,00-0038938,Jalin Hyatt,3.3,5.375,7.763,8.456,0.743,4.843,17.938,2.075,5.156,4.463,-3.081,-2.388
2023,14,WR,00-0038941,Tyler Scott,2.1,1.275,3.394,3.481,-0.017,2.661,11.356,0.825,1.381,1.294,-0.556,-0.469
2023,14,WR,00-0038976,Marvin Mims Jr.,3.1,2.675,5.544,6.087,0.041,4.007,14.093,0.425,2.987,2.444,-2.562,-2.019
2023,14,WR,00-0038979,Cedric Tillman,4.3,3.875,6.549,6.9,1.017,5.207,15.345,0.425,2.6,2.249,-2.175,-1.824
2023,14,WR,00-0038994,Jordan Addison,4.7,9.6,13.295,14.702,3.423,11.848,23.071,4.9,10.002,8.595,-5.102,-3.695
2023,14,WR,00-0038997,Josh Downs,6.2,5.425,7.255,6.526,1.417,6.165,15.969,0.775,0.326,1.055,0.449,-0.28
2023,14,WR,00-0039052,Trey Palmer,1.8,5.275,7.49,7.622,1.159,5.723,17.742,3.475,5.822,5.69,-2.347,-2.215
2023,14,WR,00-0039062,Jonathan Mingo,4.2,7.375,10.262,10.814,2.262,11.705,18.954,3.175,6.614,6.062,-3.439,-2.887
2023,14,WR,00-0039064,Zay Flowers,20.0,11.4,11.855,12.464,2.769,8.835,20.363,8.6,7.536,8.145,1.064,0.455
2023,14,WR,00-0039067,Rashee Rice,18.2,14.25,11.259,10.581,2.95,8.321,21.37,3.95,7.619,6.941,-3.669,-2.991
2023,14,WR,00-0039075,Puka Nacua,14.0,13.875,11.144,10.626,2.988,9.752,21.03,0.125,3.374,2.856,-3.249,-2.731
2023,14,WR,00-0039146,Jayden Reed,20.5,14.8,10.234,10.622,1.749,8.721,20.13,5.7,9.878,10.266,-4.178,-4.566
2023,15,RB,00-0029239,Brandon Bolden,8.5,0.8,2.341,3.189,0.17,2.31,11.751,7.7,5.311,6.159,2.389,1.541
2023,15,RB,00-0030513,Latavius Murray,7.1,7.55,6.738,6.861,1.23,6.101,17.126,0.45,0.239,0.362,0.211,0.088
2023,15,RB,00-0030578,Cordarrelle Patterson,7.0,2.925,5.006,5.589,0.552,3.948,14.393,4.075,1.411,1.994,2.664,2.081
2023,15,RB,00-0031376,Jerick McKinnon,16.16,7.1,6.203,6.56,0.834,4.865,14.278,9.06,9.6,9.957,-0.54,-0.897
2023,15,RB,00-0031687,Raheem Mostert,18.3,16.7,13.48,13.835,4.237,10.859,22.647,1.6,4.465,4.82,-2.865,-3.22
2023,15,RB,00-0032104,Ameer Abdullah,6.5,2.25,3.626,3.541,0.208,2.99,9.197,4.25,2.959,2.874,1.291,1.376
2023,15,RB,00-0032764,Derrick Henry,5.0,17.275,11.616,11.524,3.688,9.867,22.171,12.275,6.524,6.616,5.751,5.659
2023,15,RB,00-0032975,Jonathan Williams,-0.2,4.65,6.387,5.858,0.994,5.274,15.173,4.85,6.058,6.587,-1.208,-1.737
2023,15,RB,00-0033045,Ezekiel Elliott,9.6,14.55,12.255,11.516,3.865,10.629,22.763,4.95,1.916,2.655,3.034,2.295
2023,15,RB,00-0033118,Kenyan Drake,0.0,6.95,6.633,6.768,0.696,4.857,15.008,6.95,6.768,6.633,0.182,0.317
2023,15,RB,00-0033280,Christian McCaffrey,41.7,22.7,21.898,23.731,10.912,19.905,30.184,19.0,17.969,19.802,1.031,-0.802
2023,15,RB,00-0033293,Aaron Jones,10.9,9.65,10.821,10.644,2.127,9.157,22.518,1.25,0.256,0.079,0.994,1.171
2023,15,RB,00-0033308,Matt Breida,4.1,1.1,2.494,3.328,0.137,2.547,12.195,3.0,0.772,1.606,2.228,1.394
2023,15,RB,00-0033526,Samaje Perine,5.8,9.825,7.439,7.763,1.335,5.892,15.609,4.025,1.963,1.639,2.062,2.386
2023,15,RB,00-0033553,James Conner,17.9,11.325,11.65,13.005,3.599,10.294,23.277,6.575,4.895,6.25,1.68,0.325
2023,15,RB,00-0033699,Austin Ekeler,7.8,10.525,13.852,14.266,4.236,10.38,22.48,2.725,6.466,6.052,-3.741,-3.327
2023,15,RB,00-0033854,Dare Ogunbowale,1.7,1.15,2.697,3.111,0.165,2.502,11.66,0.55,1.411,0.997,-0.861,-0.447
2023,15,RB,00-0033893,Dalvin Cook,2.0,2.7,4.794,5.079,0.561,4.056,14.453,0.7,3.079,2.794,-2.379,-2.094
2023,15,RB,00-0033897,Joe Mixon,15.1,20.05,14.066,14.048,4.831,12.652,24.833,4.95,1.052,1.034,3.898,3.916
2023,15,RB,00-0033906,Alvin Kamara,16.0,19.2,15.125,16.127,5.245,11.374,24.128,3.2,0.127,0.875,3.073,2.325
2023,15,RB,00-0033923,Kareem Hunt,3.0,6.175,7.034,7.316,1.119,5.689,17.062,3.175,4.316,4.034,-1.141,-0.859
2023,15,RB,00-0033925,D'Onta Foreman,-0.6,10.525,9.815,10.683,1.691,8.841,20.703,11.125,11.283,10.415,-0.158,0.71
2023,15,RB,00-0033948,Jamaal Williams,3.6,2.975,6.067,6.566,0.666,4.806,15.605,0.625,2.966,2.467,-2.341,-1.842
2023,15,RB,00-0034115,Jeff Wilson,1.6,5.975,5.495,5.339,0.424,3.656,14.318,4.375,3.739,3.895,0.636,0.48
2023,15,RB,00-0034184,Gus Edwards,13.9,9.25,7.604,7.575,0.927,6.117,17.723,4.65,6.325,6.296,-1.675,-1.646
2023,15,RB,00-0034414,Boston Scott,0.0,1.75,0.469,0.484,-0.194,-0.037,2.748,1.75,0.484,0.469,1.266,1.281
2023,15,RB,00-0034614,Godwin Igwebuike,0.0,0.0,-0.188,0.497,-0.189,0.082,5.044,0.0,0.497,0.188,-0.497,-0.188
2023,15,RB,00-0034681,Chase Edmonds,1.3,3.425,4.048,4.64,0.247,3.325,12.878,2.125,3.34,2.748,-1.215,-0.623
2023,15,RB,00-0034838,Royce Freeman,1.6,5.475,4.428,4.324,0.267,3.538,13.627,3.875,2.724,2.828,1.151,1.047
2023,15,RB,00-0034844,Saquon Barkley,5.7,16.6,16.754,17.91,4.856,13.861,23.36,10.9,12.21,11.054,-1.31,-0.154
2023,15,RB,00-0034975,Justice Hill,2.3,1.925,5.259,5.983,0.531,4.026,12.939,0.375,3.683,2.959,-3.308,-2.584
2023,15,RB,00-0035243,Miles Sanders,3.3,5.075,5.599,6.279,0.923,5.706,15.553,1.775,2.979,2.299,-1.204,-0.524
2023,15,RB,00-0035250,Devin Singletary,21.0,12.625,12.915,13.098,3.756,11.725,22.024,8.375,7.902,8.085,0.473,0.29
2023,15,RB,00-0035261,Tony Pollard,7.7,18.55,15.964,15.993,5.571,12.718,26.284,10.85,8.293,8.264,2.557,2.586
2023,15,RB,00-0035291,Trayveon Williams,2.2,0.725,2.742,3.068,0.071,1.911,10.491,1.475,0.868,0.542,0.607,0.933
2023,15,RB,00-0035537,Ty Johnson,6.8,5.25,5.467,5.582,0.299,3.62,13.749,1.55,1.218,1.333,0.332,0.217
2023,15,RB,00-0035567,Craig Reynolds,0.0,1.9,1.753,1.082,-0.194,-0.052,2.748,1.9,1.082,1.753,0.818,0.147
2023,15,RB,00-0035594,Travis Homer,0.0,0.0,-0.526,0.353,-0.189,0.012,4.958,0.0,0.353,0.526,-0.353,-0.526
2023,15,RB,00-0035628,D'Ernest Johnson,0.5,5.05,5.966,6.227,0.814,4.701,15.009,4.55,5.727,5.466,-1.177,-0.916
2023,15,RB,00-0035685,David Montgomery,10.2,14.225,13.162,13.857,2.453,12.858,22.317,4.025,3.657,2.962,0.368,1.063
2023,15,RB,00-0035726,Jakob Johnson,0.0,0.55,-0.058,0.067,-0.194,-0.101,2.748,0.55,0.067,0.058,0.483,0.492
2023,15,RB,00-0035973,Patrick Taylor,2.2,3.825,5.954,4.926,0.311,3.508,12.558,1.625,2.726,3.754,-1.101,-2.129
2023,15,RB,00-0036139,Rico Dowdle,3.2,7.25,6.42,6.212,0.286,4.578,15.328,4.05,3.012,3.22,1.038,0.83
2023,15,RB,00-0036251,Zack Moss,12.3,6.625,11.246,11.258,2.518,8.324,20.073,5.675,1.042,1.054,4.633,4.621
2023,15,RB,00-0036275,D'Andre Swift,9.5,9.25,11.487,12.186,2.894,9.073,21.899,0.25,2.686,1.987,-2.436,-1.737
2023,15,RB,00-0036328,Antonio Gibson,8.5,11.75,10.011,9.584,2.354,8.085,19.665,3.25,1.084,1.511,2.166,1.739
2023,15,RB,00-0036360,Clyde Edwards-Helaire,20.1,3.425,5.859,6.097,0.605,5.046,14.227,16.675,14.003,14.241,2.672,2.434
2023,15,RB,00-0036370,Joshua Kelley,1.8,2.45,4.166,5.105,0.548,3.803,13.741,0.65,3.305,2.366,-2.655,-1.716
2023,15,RB,00-0036425,DeeJay Dallas,0.0,1.375,0.211,0.147,-0.194,-0.052,2.735,1.375,0.147,0.211,1.228,1.164
2023,15,RB,00-0036555,Chuba Hubbard,12.3,15.675,12.718,12.561,3.711,10.188,22.96,3.375,0.261,0.418,3.114,2.957
2023,15,RB,00-0036842,Kene Nwangwu,0.1,0.3,3.032,3.667,0.133,2.458,11.728,0.2,3.567,2.932,-3.367,-2.732
2023,15,RB,00-0036893,Najee Harris,1.3,9.5,11.419,10.736,2.835,9.33,20.534,8.2,9.436,10.119,-1.236,-1.919
2023,15,RB,00-0036906,Khalil Herbert,2.2,5.075,7.095,7.172,1.183,5.986,16.029,2.875,4.972,4.895,-2.097,-2.02
2023,15,RB,00-0036919,Kenny Gainwell,2.1,4.9,7.781,7.808,0.995,5.564,16.261,2.8,5.708,5.681,-2.908,-2.881
2023,15,RB,00-0036924,Michael Carter,6.7,4.575,4.858,5.56,0.638,4.438,12.785,2.125,1.14,1.842,0.985,0.283
2023,15,RB,00-0036973,Travis Etienne,9.9,14.15,12.317,12.54,3.993,11.395,23.452,4.25,2.64,2.417,1.61,1.833
2023,15,RB,00-0036984,Trey Sermon,8.8,0.5,3.083,3.809,0.111,2.397,11.28,8.3,4.991,5.717,3.309,2.583
2023,15,RB,00-0036997,Javonte Williams,4.0,11.375,13.916,14.237,4.094,11.022,24.984,7.375,10.237,9.916,-2.862,-2.541
2023,15,RB,00-0037120,Tyler Goodson,9.9,1.95,3.297,2.664,0.027,2.046,8.634,7.95,7.236,6.603,0.714,1.347
2023,15,RB,00-0037228,Jaylen Warren,11.8,11.3,11.234,11.098,2.413,9.631,21.087,0.5,0.702,0.566,-0.202,-0.066
2023,15,RB,00-0037248,James Cook,36.1,18.075,13.395,12.67,3.397,11.868,25.282,18.025,23.43,22.705,-5.405,-4.68
2023,15,RB,00-0037256,Rachaad White,21.9,17.975,17.154,17.803,5.684,14.24,25.285,3.925,4.097,4.746,-0.172,-0.821
2023,15,RB,00-0037258,Dameon Pierce,0.3,4.8,4.877,5.722,0.399,4.479,14.141,4.5,5.422,4.577,-0.922,-0.077
2023,15,RB,00-0037263,Tyler Allgeier,6.1,4.45,5.738,6.214,0.505,4.741,15.516,1.65,0.114,0.362,1.536,1.288
2023,15,RB,00-0037267,Jerome Ford,7.1,12.8,11.895,11.912,2.605,10.477,21.565,5.7,4.812,4.795,0.888,0.905
2023,15,RB,00-0037276,Ty Chandler,24.7,8.7,8.308,8.599,1.501,7.297,18.798,16.0,16.101,16.392,-0.101,-0.392
2023,15,RB,00-0037286,Kevin Harris,8.5,2.675,3.74,3.972,0.137,2.617,12.69,5.825,4.528,4.76,1.297,1.065
2023,15,RB,00-0037525,Jordan Mason,2.0,2.65,3.971,4.323,0.209,2.782,12.598,0.65,2.323,1.971,-1.673,-1.321
2023,15,RB,00-0037563,Malik Davis,0.0,6.125,1.281,0.238,-0.177,-0.01,3.173,6.125,0.238,1.281,5.887,4.844
2023,15,RB,00-0037840,Kyren Williams,24.5,23.675,21.834,24.653,8.824,20.903,30.286,0.825,0.153,2.666,0.672,-1.841
2023,15,RB,00-0038040,Zamir White,17.5,0.275,2.913,3.426,0.132,1.945,10.798,17.225,14.074,14.587,3.151,2.638
2023,15,RB,00-0038045,Isaiah Spiller,5.0,2.15,3.063,4.019,0.128,2.667,12.547,2.85,0.981,1.937,1.869,0.913
2023,15,RB,00-0038098,Pierre Strong,3.1,0.875,2.894,3.759,0.135,2.574,12.474,2.225,0.659,0.206,1.566,2.019
2023,15,RB,00-0038120,Breece Hall,2.8,16.825,14.01,14.99,4.828,12.819,24.009,14.025,12.19,11.21,1.835,2.815
2023,15,RB,00-0038134,Kenneth Walker III,20.2,8.6,9.348,9.178,1.291,7.083,19.154,11.6,11.022,10.852,0.578,0.748
2023,15,RB,00-0038389,Israel Abanikanda,3.9,1.25,2.804,3.714,0.257,2.547,12.101,2.65,0.186,1.096,2.464,1.554
2023,15,RB,00-0038396,Eric Gray,3.6,0.95,2.696,4.118,0.237,2.863,13.121,2.65,0.518,0.904,2.132,1.746
2023,15,RB,00-0038454,Keaton Mitchell,10.8,9.2,10.283,9.368,1.495,7.015,19.503,1.6,1.432,0.517,0.168,1.083
2023,15,RB,00-0038542,Bijan Robinson,0.4,18.9,15.51,15.376,4.877,13.136,23.685,18.5,14.976,15.11,3.524,3.39
2023,15,RB,00-0038555,Tank Bigsby,-0.2,0.525,2.39,3.62,0.144,2.553,12.059,0.725,3.82,2.59,-3.095,-1.865
2023,15,RB,00-0038597,Chase Brown,8.1,6.95,5.794,6.157,0.246,3.975,15.847,1.15,1.943,2.306,-0.793,-1.156
2023,15,RB,00-0038611,Chris Rodriguez Jr.,3.5,2.2,4.766,5.245,0.267,3.593,13.908,1.3,1.745,1.266,-0.445,0.034
2023,15,RB,00-0038705,Emari Demercado,14.0,6.15,6.709,6.79,1.183,6.243,17.433,7.85,7.21,7.291,0.64,0.559
2023,15,RB,00-0038738,Hunter Luepke,0.3,0.2,2.464,2.466,0.097,1.314,10.205,0.1,2.166,2.164,-2.066,-2.064
2023,15,RB,00-0038794,Jaleel McLaughlin,3.8,3.8,4.761,4.695,0.305,3.311,12.799,0.0,0.895,0.961,-0.895,-0.961
2023,15,RB,00-0039021,Roschon Johnson,10.0,5.825,7.484,7.195,1.035,5.9,16.415,4.175,2.805,2.516,1.37,1.659
2023,15,RB,00-0039032,Tyjae Spears,4.7,9.225,10.71,10.834,2.95,8.797,19.744,4.525,6.134,6.01,-1.609,-1.485
2023,15,RB,00-0039040,De'Von Achane,9.2,15.1,12.662,11.923,2.638,10.8,21.009,5.9,2.723,3.462,3.177,2.438
2023,15,RB,00-0039139,Jahmyr Gibbs,24.8,14.1,13.565,13.727,3.691,11.887,23.871,10.7,11.073,11.235,-0.373,-0.535
2023,15,RB,00-0039165,Zach Charbonnet,1.6,11.35,11.727,12.673,3.093,11.082,22.739,9.75,11.073,10.127,-1.323,-0.377
2023,15,WR,00-0027944,Julio Jones,1.6,3.15,4.582,4.928,0.184,3.98,11.923,1.55,3.328,2.982,-1.778,-1.432
2023,15,WR,00-0028002,Randall Cobb,0.0,3.325,2.706,3.024,-0.001,2.697,10.021,3.325,3.024,2.706,0.301,0.619
2023,15,WR,00-0030035,Adam Thielen,8.3,8.625,9.274,8.875,1.829,8.73,17.487,0.325,0.575,0.974,-0.25,-0.649
2023,15,WR,00-0030068,Marquise Goodwin,6.7,1.55,2.618,3.122,-0.051,2.24,10.589,5.15,3.578,4.082,1.572,1.068
2023,15,WR,00-0030431,Robert Woods,6.0,4.05,5.288,5.785,0.087,5.401,15.03,1.95,0.215,0.712,1.735,1.238
2023,15,WR,00-0030564,DeAndre Hopkins,4.1,17.025,12.641,12.631,3.283,10.149,23.177,12.925,8.531,8.541,4.394,4.384
2023,15,WR,00-0031235,Odell Beckham Jr.,2.4,13.175,9.592,9.084,2.474,8.599,21.831,10.775,6.684,7.192,4.091,3.583
2023,15,WR,00-0031236,Brandin Cooks,3.0,11.65,10.644,10.439,2.674,9.237,20.987,8.65,7.439,7.644,1.211,1.006
2023,15,WR,00-0031381,Davante Adams,24.1,15.1,14.085,14.022,5.047,12.379,24.344,9.0,10.078,10.015,-1.078,-1.015
2023,15,WR,00-0031408,Mike Evans,15.7,17.825,14.811,13.912,3.415,11.449,21.439,2.125,1.788,0.889,0.337,1.236
2023,15,WR,00-0031428,Allen Robinson,4.9,3.775,5.406,5.887,0.062,4.263,14.546,1.125,0.987,0.506,0.138,0.619
2023,15,WR,00-0031544,Amari Cooper,20.9,7.525,9.073,9.03,1.672,8.726,18.481,13.375,11.87,11.827,1.505,1.548
2023,15,WR,00-0031547,DeVante Parker,9.4,5.45,6.951,7.206,1.055,5.27,16.835,3.95,2.194,2.449,1.756,1.501
2023,15,WR,00-0031549,Nelson Agholor,0.0,5.5,5.61,5.884,0.06,4.19,14.147,5.5,5.884,5.61,-0.384,-0.11
2023,15,WR,00-0031588,Stefon Diggs,8.8,9.725,12.929,13.984,3.498,11.42,23.424,0.925,5.184,4.129,-4.259,-3.204
2023,15,WR,00-0031763,DeAndre Carter,0.0,0.375,-0.854,-0.158,-0.192,0.045,3.693,0.375,0.158,0.854,0.217,-0.479
2023,15,WR,00-0031941,Jamison Crowder,0.0,0.8,1.088,0.167,-0.192,-0.035,2.724,0.8,0.167,1.088,0.633,-0.288
2023,15,WR,00-0032211,Tyler Lockett,5.1,10.175,11.823,11.347,2.797,9.8,20.71,5.075,6.247,6.723,-1.172,-1.648
2023,15,WR,00-0032398,Chris Moore,6.9,5.575,5.369,5.942,0.144,4.267,13.983,1.325,0.958,1.531,0.367,-0.206
2023,15,WR,00-0032464,Kalif Raymond,2.2,5.375,6.745,6.57,0.214,4.48,14.983,3.175,4.37,4.545,-1.195,-1.37
2023,15,WR,00-0032543,Alex Erickson,8.3,2.525,3.263,4.283,0.046,3.756,11.858,5.775,4.017,5.037,1.758,0.738
2023,15,WR,00-0032688,Robbie Chosen,0.0,5.5,0.366,-0.499,-0.183,-0.02,2.693,5.5,0.499,0.366,5.001,5.134
2023,15,WR,00-0032775,Demarcus Robinson,14.7,9.2,8.343,7.635,1.07,5.851,15.933,5.5,7.065,6.357,-1.565,-0.857
2023,15,WR,00-0033009,Tyler Boyd,7.3,5.5,9.169,8.802,2.111,7.032,18.033,1.8,1.502,1.869,0.298,-0.069
2023,15,WR,00-0033251,Zach Pascal,0.0,0.0,2.936,3.71,-0.043,2.288,11.125,0.0,3.71,2.936,-3.71,-2.936
2023,15,WR,00-0033282,Curtis Samuel,21.1,8.4,8.761,8.462,2.059,6.105,16.994,12.7,12.638,12.339,0.062,0.361
2023,15,WR,00-0033292,Trent Taylor,0.0,0.0,-0.441,0.111,-0.192,0.045,3.587,0.0,0.111,0.441,-0.111,-0.441
2023,15,WR,00-0033572,Jamal Agnew,15.0,1.875,3.31,4.317,0.018,3.64,11.897,13.125,10.683,11.69,2.442,1.435
2023,15,WR,00-0033589,David Moore,14.8,0.525,2.626,3.42,-0.018,2.407,10.485,14.275,11.38,12.174,2.895,2.101
2023,15,WR,00-0033591,Noah Brown,22.2,12.875,8.967,9.925,1.671,8.5,19.481,9.325,12.275,13.233,-2.95,-3.908
2023,15,WR,00-0033891,Zay Jones,10.9,7.175,8.556,7.899,0.995,7.445,18.204,3.725,3.001,2.344,0.724,1.381
2023,15,WR,00-0033908,Cooper Kupp,25.1,12.075,11.769,11.035,2.507,9.078,22.053,13.025,14.065,13.331,-1.04,-0.306
2023,15,WR,00-0033921,Chris Godwin Jr.,25.5,8.9,10.543,10.789,2.164,9.64,20.149,16.6,14.711,14.957,1.889,1.643
2023,15,WR,00-0033943,Josh Reynolds,6.1,6.8,6.729,6.436,0.163,4.796,15.025,0.7,0.336,0.629,0.364,0.071
2023,15,WR,00-0034272,Marquez Valdes-Scantling,2.7,2.4,5.276,4.986,0.043,3.713,12.313,0.3,2.286,2.576,-1.986,-2.276
2023,15,WR,00-0034286,Richie James,2.7,0.9,2.816,3.503,-0.003,2.506,10.528,1.8,0.803,0.116,0.997,1.684
2023,15,WR,00-0034297,Byron Pringle,1.5,5.025,4.618,4.771,0.01,2.995,12.498,3.525,3.271,3.118,0.254,0.407
2023,15,WR,00-0034317,Keith Kirkwood,7.7,1.275,3.771,4.332,-0.017,3.315,11.708,6.425,3.368,3.929,3.057,2.496
2023,15,WR,00-0034348,Courtland Sutton,12.1,14.15,12.458,12.506,2.221,10.777,23.179,2.05,0.406,0.358,1.644,1.692
2023,15,WR,00-0034386,Justin Watson,4.1,7.475,6.828,6.588,1.007,6.23,15.187,3.375,2.488,2.728,0.887,0.647
2023,15,WR,00-0034418,Cedrick Wilson Jr.,2.2,6.875,4.906,4.783,0.054,5.042,12.465,4.675,2.583,2.706,2.092,1.969
2023,15,WR,00-0034419,Braxton Berrios,2.2,0.825,3.048,3.973,0.027,3.487,11.484,1.375,1.773,0.848,-0.398,0.527
2023,15,WR,00-0034521,Allen Lazard,5.1,0.675,4.403,6.237,0.139,4.25,12.656,4.425,1.137,0.697,3.288,3.728
2023,15,WR,00-0034646,Brandon Powell,0.0,5.35,2.737,0.172,-0.198,0.119,3.346,5.35,0.172,2.737,5.178,2.613
2023,15,WR,00-0034764,Michael Gallup,1.9,5.55,5.639,5.369,0.043,4.645,12.96,3.65,3.469,3.739,0.181,-0.089
2023,15,WR,00-0034777,DJ Chark,2.8,7.125,5.533,5.466,0.526,5.236,14.569,4.325,2.666,2.733,1.659,1.592
2023,15,WR,00-0034827,DJ Moore,9.2,20.675,16.117,15.113,3.688,12.242,22.856,11.475,5.913,6.917,5.562,4.558
2023,15,WR,00-0034837,Calvin Ridley,8.9,17.4,11.825,11.366,3.332,9.99,22.802,8.5,2.466,2.925,6.034,5.575
2023,15,WR,00-0034854,KhaDarel Hodge,2.0,2.95,3.821,4.268,0.015,4.08,12.563,0.95,2.268,1.821,-1.318,-0.871
2023,15,WR,00-0034928,Steven Sims,1.1,3.125,3.008,4.087,-0.02,2.412,11.587,2.025,2.987,1.908,-0.962,0.117
2023,15,WR,00-0034960,Jakobi Meyers,15.68,10.15,9.018,8.519,2.02,7.269,18.319,5.53,7.161,6.662,-1.631,-1.132
2023,15,WR,00-0034983,Hunter Renfrow,0.0,6.025,6.048,6.09,0.891,5.392,13.997,6.025,6.09,6.048,-0.065,-0.023
2023,15,WR,00-0035045,D.J. Montgomery,12.8,3.3,4.368,5.326,1.073,5.709,13.924,9.5,7.474,8.432,2.026,1.068
2023,15,WR,00-0035215,Deonte Harty,0.0,0.825,0.832,0.144,-0.192,-0.039,2.724,0.825,0.144,0.832,0.681,-0.007
2023,15,WR,00-0035216,Diontae Johnson,16.2,10.15,10.452,11.476,2.187,9.358,20.496,6.05,4.724,5.748,1.326,0.302
2023,15,WR,00-0035298,Scott Miller,0.0,4.5,0.498,-0.375,-0.192,-0.029,2.693,4.5,0.375,0.498,4.125,4.002
2023,15,WR,00-0035406,Lil'Jordan Humphrey,10.6,1.675,4.106,4.524,-0.008,2.849,12.393,8.925,6.076,6.494,2.849,2.431
2023,15,WR,00-0035414,Jalen Guyton,3.9,4.7,4.271,4.412,0.043,4.141,14.068,0.8,0.512,0.371,0.288,0.429
2023,15,WR,00-0035500,Greg Dortch,4.0,7.05,7.52,7.176,1.237,5.749,16.51,3.05,3.176,3.52,-0.126,-0.47
2023,15,WR,00-0035535,Darius Slayton,10.3,7.575,7.431,7.42,1.21,6.013,14.561,2.725,2.88,2.869,-0.155,-0.144
2023,15,WR,00-0035640,DK Metcalf,12.8,19.3,12.662,11.406,2.802,10.883,25.311,6.5,1.394,0.138,5.106,6.362
2023,15,WR,00-0035645,Gunner Olszewski,0.0,0.0,-0.637,0.379,-0.187,0.594,4.754,0.0,0.379,0.637,-0.379,-0.637
2023,15,WR,00-0035659,Terry McLaurin,26.1,6.4,9.398,8.861,1.591,8.242,18.69,19.7,17.239,16.702,2.461,2.998
2023,15,WR,00-0035676,A.J. Brown,10.6,13.075,17.432,19.05,5.205,13.637,24.791,2.475,8.45,6.832,-5.975,-4.357
2023,15,WR,00-0035703,Miles Boykin,0.0,0.4,-0.037,0.083,-0.192,0.183,3.464,0.4,0.083,0.037,0.317,0.363
2023,15,WR,00-0035719,Deebo Samuel Sr.,21.9,25.35,18.529,17.439,4.465,13.096,25.729,3.45,4.461,3.371,-1.011,0.079
2023,15,WR,00-0036133,James Proche,0.0,0.0,-0.198,0.068,-0.192,0.024,3.715,0.0,0.068,0.198,-0.068,-0.198
2023,15,WR,00-0036165,Isaiah Hodgins,0.0,5.65,3.999,4.541,0.02,3.52,12.103,5.65,4.541,3.999,1.109,1.651
2023,15,WR,00-0036176,Mason Kinsey,0.0,0.325,0.553,0.193,-0.192,0.072,3.532,0.325,0.193,0.553,0.132,-0.228
2023,15,WR,00-0036182,Nick Westbrook-Ikhine,4.3,5.1,6.808,6.719,0.924,5.485,15.727,0.8,2.419,2.508,-1.619,-1.708
2023,15,WR,00-0036196,Gabe Davis,0.0,8.025,10.809,10.511,2.541,8.866,22.168,8.025,10.511,10.809,-2.486,-2.784
2023,15,WR,00-0036233,Donovan Peoples-Jones,1.5,0.675,3.265,3.618,-0.054,2.325,11.144,0.825,2.118,1.765,-1.293,-0.94
2023,15,WR,00-0036252,Michael Pittman,11.8,21.025,17.81,17.662,6.319,15.382,26.894,9.225,5.862,6.01,3.363,3.215
2023,15,WR,00-0036259,Jauan Jennings,4.5,3.775,5.586,5.244,0.02,3.591,13.467,0.725,0.744,1.086,-0.019,-0.361
2023,15,WR,00-0036261,Brandon Aiyuk,6.7,17.95,14.092,15.11,3.821,12.492,24.852,11.25,8.41,7.392,2.84,3.858
2023,15,WR,00-0036271,Quez Watkins,0.0,3.825,5.74,5.981,0.104,4.26,13.391,3.825,5.981,5.74,-2.156,-1.915
2023,15,WR,00-0036309,Darnell Mooney,3.4,3.95,7.18,7.041,1.367,6.226,16.508,0.55,3.641,3.78,-3.091,-3.23
2023,15,WR,00-0036322,Justin Jefferson,15.4,16.225,13.438,13.869,3.018,11.301,24.836,0.825,1.531,1.962,-0.706,-1.137
2023,15,WR,00-0036326,Chase Claypool,2.8,0.625,1.584,3.026,0.034,3.64,10.621,2.175,0.226,1.216,1.949,0.959
2023,15,WR,00-0036345,K.J. Osborn,1.3,4.325,8.071,7.526,1.046,6.312,16.659,3.025,6.226,6.771,-3.201,-3.746
2023,15,WR,00-0036358,CeeDee Lamb,18.6,21.375,17.886,17.216,6.964,14.271,26.97,2.775,1.384,0.714,1.391,2.061
2023,15,WR,00-0036364,Lynn Bowden,6.1,3.375,5.534,5.375,0.526,4.009,13.158,2.725,0.725,0.566,2.0,2.159
2023,15,WR,00-0036387,Jalen Reagor,0.0,1.05,2.382,3.339,-0.007,2.499,10.395,1.05,3.339,2.382,-2.289,-1.332
2023,15,WR,00-0036407,Jerry Jeudy,10.4,6.4,8.364,8.159,1.229,6.437,17.427,4.0,2.241,2.036,1.759,1.964
2023,15,WR,00-0036410,Tee Higgins,22.1,11.675,10.468,10.381,1.93,8.493,19.282,10.425,11.719,11.632,-1.294,-1.207
2023,15,WR,00-0036415,Van Jefferson,0.0,2.525,3.774,3.824,0.043,3.545,11.909,2.525,3.824,3.774,-1.299,-1.249
2023,15,WR,00-0036527,DJ Turner,0.0,0.0,0.24,-0.132,-0.192,0.072,3.674,0.0,0.132,0.24,-0.132,-0.24
2023,15,WR,00-0036550,Rashod Bateman,6.9,5.25,7.0,6.919,0.178,5.075,16.375,1.65,0.019,0.1,1.631,1.55
2023,15,WR,00-0036613,Jaylen Waddle,28.2,13.25,11.193,10.034,3.594,10.672,23.677,14.95,18.166,17.007,-3.216,-2.057
2023,15,WR,00-0036626,Dyami Brown,0.0,3.7,3.937,4.211,-0.012,2.578,11.942,3.7,4.211,3.937,-0.511,-0.237
2023,15,WR,00-0036630,Tylan Wallace,0.0,2.4,0.274,0.23,-0.192,-0.039,2.724,2.4,0.23,0.274,2.17,2.126
2023,15,WR,00-0036635,Ihmir Smith-Marsette,5.2,0.85,1.625,2.694,-0.054,2.364,9.979,4.35,2.506,3.575,1.844,0.775
2023,15,WR,00-0036841,Austin Trammell,0.0,1.325,0.897,0.296,-0.187,-0.039,2.762,1.325,0.296,0.897,1.029,0.428
2023,15,WR,00-0036862,Ben Skowronek,0.0,1.025,1.051,0.17,-0.192,-0.035,2.693,1.025,0.17,1.051,0.855,-0.026
2023,15,WR,00-0036900,Ja'Marr Chase,10.4,14.705,13.949,13.885,3.878,11.629,22.618,4.305,3.485,3.549,0.82,0.756
2023,15,WR,00-0036912,DeVonta Smith,10.0,18.6,16.269,16.726,5.003,13.56,26.136,8.6,6.726,6.269,1.874,2.331
2023,15,WR,00-0036913,Kadarius Toney,2.5,3.775,4.673,4.422,-0.008,2.7,12.14,1.275,1.922,2.173,-0.647,-0.898
2023,15,WR,00-0036936,Rondale Moore,2.8,7.2,6.834,7.413,0.125,5.316,16.881,4.4,4.613,4.034,-0.213,0.366
2023,15,WR,00-0036963,Amon-Ra St. Brown,24.2,14.55,15.056,15.596,5.243,13.903,26.904,9.65,8.604,9.144,1.046,0.506
2023,15,WR,00-0036980,Elijah Moore,3.7,9.225,10.331,10.644,2.567,10.074,21.303,5.525,6.944,6.631,-1.419,-1.106
2023,15,WR,00-0036988,Josh Palmer,21.3,11.1,11.175,11.536,1.492,8.671,19.708,10.2,9.764,10.125,0.436,0.075
2023,15,WR,00-0037132,Britain Covey,0.0,0.0,0.176,0.585,-0.187,0.016,4.542,0.0,0.585,0.176,-0.585,-0.176
2023,15,WR,00-0037238,Drake London,4.4,12.925,10.211,9.215,2.301,9.527,20.688,8.525,4.815,5.811,3.71,2.714
2023,15,WR,00-0037240,Jameson Williams,8.7,7.475,7.179,7.148,0.038,4.689,13.969,1.225,1.552,1.521,-0.327,-0.296
2023,15,WR,00-0037247,George Pickens,7.7,9.0,9.083,8.865,1.973,7.039,18.448,1.3,1.165,1.383,0.135,-0.083
2023,15,WR,00-0037261,Khalil Shakir,0.0,8.45,8.401,8.752,1.024,6.278,16.829,8.45,8.752,8.401,-0.302,0.049
2023,15,WR,00-0037382,Brandon Johnson,0.0,3.125,4.111,3.571,-0.046,2.515,11.708,3.125,3.571,4.111,-0.446,-0.986
2023,15,WR,00-0037487,Deven Thompkins,-0.1,0.95,2.67,3.546,-0.067,2.418,10.531,1.05,3.646,2.77,-2.596,-1.72
2023,15,WR,00-0037545,Rashid Shaheed,6.6,9.95,6.822,6.682,0.952,6.205,17.961,3.35,0.082,0.222,3.268,3.128
2023,15,WR,00-0037614,John Metchie III,1.1,1.825,3.946,4.351,0.05,3.63,12.813,0.725,3.251,2.846,-2.526,-2.121
2023,15,WR,00-0037664,Alec Pierce,2.3,8.25,7.736,8.202,1.745,8.282,17.313,5.95,5.902,5.436,0.048,0.514
2023,15,WR,00-0037740,Garrett Wilson,5.9,11.6,12.202,10.051,4.116,9.591,21.24,5.7,4.151,6.302,1.549,-0.602
2023,15,WR,00-0037741,Jahan Dotson,2.2,6.45,7.859,7.836,1.164,6.421,17.088,4.25,5.636,5.659,-1.386,-1.409
2023,15,WR,00-0037742,Treylon Burks,9.4,1.975,5.72,5.878,0.037,3.796,14.562,7.425,3.522,3.68,3.903,3.745
2023,15,WR,00-0037745,Velus Jones Jr.,2.3,0.875,2.391,3.323,-0.018,2.292,10.386,1.425,1.023,0.091,0.402,1.334
2023,15,WR,00-0037801,KaVontae Turpin,0.0,4.725,2.23,0.26,-0.192,-0.035,2.693,4.725,0.26,2.23,4.465,2.495
2023,15,WR,00-0037816,Romeo Doubs,6.0,10.35,9.96,9.822,2.071,7.739,19.447,4.35,3.822,3.96,0.528,0.39
2023,15,WR,00-0038104,Tyquan Thornton,1.5,3.625,5.667,5.529,0.213,4.553,14.448,2.125,4.029,4.167,-1.904,-2.042
2023,15,WR,00-0038117,Wan'Dale Robinson,6.5,8.35,9.439,8.633,1.986,6.946,17.82,1.85,2.133,2.939,-0.283,-1.089
2023,15,WR,00-0038393,Dontayvion Wicks,15.7,7.875,7.445,7.566,1.146,5.868,16.657,7.825,8.134,8.255,-0.309,-0.43
2023,15,WR,00-0038465,Malik Heath,5.9,5.1,4.207,4.376,-0.007,2.904,11.908,0.8,1.524,1.693,-0.724,-0.893
2023,15,WR,00-0038496,Xavier Gipson,4.9,6.55,5.89,6.319,0.311,5.181,15.085,1.65,1.419,0.99,0.231,0.66
2023,15,WR,00-0038543,Jaxon Smith-Njigba,14.8,8.2,9.993,9.584,2.121,7.647,18.667,6.6,5.216,4.807,1.384,1.793
2023,15,WR,00-0038544,Quentin Johnston,10.3,7.025,7.434,7.635,0.953,7.069,15.448,3.275,2.665,2.866,0.61,0.409
2023,15,WR,00-0038559,Michael Wilson,0.0,7.75,8.116,8.357,1.85,6.71,17.549,7.75,8.357,8.116,-0.607,-0.366
2023,15,WR,00-0038563,Tre Tucker,20.7,1.475,2.809,2.999,-0.004,2.733,10.472,19.225,17.701,17.891,1.524,1.334
2023,15,WR,00-0038573,Derius Davis,0.8,0.45,1.961,2.997,-0.017,2.156,10.154,0.35,2.197,1.161,-1.847,-0.811
2023,15,WR,00-0038576,Charlie Jones,3.0,0.0,2.012,3.406,-0.005,2.547,10.384,3.0,0.406,0.988,2.594,2.012
2023,15,WR,00-0038606,Parker Washington,5.2,6.7,4.9,5.546,0.282,4.459,13.597,1.5,0.346,0.3,1.154,1.2
2023,15,WR,00-0038612,A.T. Perry,5.4,5.725,5.366,5.429,0.135,4.253,12.313,0.325,0.029,0.034,0.296,0.291
2023,15,WR,00-0038618,Xavier Hutchinson,0.5,2.7,2.85,3.611,-0.018,2.648,10.431,2.2,3.111,2.35,-0.911,-0.15
2023,15,WR,00-0038619,Andrei Iosivas,1.5,1.125,3.271,3.668,-0.054,2.455,10.504,0.375,2.168,1.771,-1.793,-1.396
2023,15,WR,00-0038621,DeMario Douglas,6.3,10.925,9.888,8.51,2.577,8.391,20.461,4.625,2.21,3.588,2.415,1.037
2023,15,WR,00-0038647,Ronnie Bell,0.0,0.75,2.63,3.454,-0.058,2.308,10.918,0.75,3.454,2.63,-2.704,-1.88
2023,15,WR,00-0038667,Elijah Cooks,0.0,0.0,-0.062,0.574,-0.187,0.91,5.543,0.0,0.574,0.062,-0.574,-0.062
2023,15,WR,00-0038752,Jake Bobo,1.4,2.15,3.601,3.978,-0.012,2.414,11.652,0.75,2.578,2.201,-1.828,-1.451
2023,15,WR,00-0038938,Jalin Hyatt,0.0,5.225,6.489,5.842,0.389,4.742,12.732,5.225,5.842,6.489,-0.617,-1.264
2023,15,WR,00-0038941,Tyler Scott,7.6,1.275,3.272,3.637,-0.043,2.574,10.431,6.325,3.963,4.328,2.362,1.997
2023,15,WR,00-0038976,Marvin Mims Jr.,1.1,3.525,5.816,6.074,0.047,3.831,13.814,2.425,4.974,4.716,-2.549,-2.291
2023,15,WR,00-0038979,Cedric Tillman,9.2,4.95,6.229,6.913,0.586,5.368,15.688,4.25,2.287,2.971,1.963,1.279
2023,15,WR,00-0038994,Jordan Addison,29.1,8.225,10.649,11.12,3.099,9.608,20.274,20.875,17.98,18.451,2.895,2.424
2023,15,WR,00-0038997,Josh Downs,4.9,6.475,6.729,5.986,0.876,5.919,15.497,1.575,1.086,1.829,0.489,-0.254
2023,15,WR,00-0039052,Trey Palmer,1.5,4.7,6.956,7.062,0.821,4.931,16.06,3.2,5.562,5.456,-2.362,-2.256
2023,15,WR,00-0039062,Jonathan Mingo,7.2,7.175,10.202,9.981,2.289,10.18,17.994,0.025,2.781,3.002,-2.756,-2.977
2023,15,WR,00-0039064,Zay Flowers,1.7,15.875,13.384,14.9,3.267,10.901,21.12,14.175,13.2,11.684,0.975,2.491
2023,15,WR,00-0039067,Rashee Rice,24.1,16.375,12.541,12.21,3.139,12.587,24.356,7.725,11.89,11.559,-4.165,-3.834
2023,15,WR,00-0039075,Puka Nacua,10.3,15.825,13.146,13.435,3.631,12.407,24.784,5.525,3.135,2.846,2.39,2.679
2023,15,WR,00-0039146,Jayden Reed,17.2,15.075,12.815,12.109,1.988,8.399,21.077,2.125,5.091,4.385,-2.966,-2.26
2023,16,RB,00-0029239,Brandon Bolden,2.0,2.125,1.846,2.85,0.174,2.419,11.97,0.125,0.85,0.154,-0.725,-0.029
2023,16,RB,00-0030578,Cordarrelle Patterson,5.3,3.675,5.275,5.747,0.624,4.004,14.174,1.625,0.447,0.025,1.178,1.6
2023,16,RB,00-0031687,Raheem Mostert,12.0,18.7,12.825,13.025,4.726,11.462,24.513,6.7,1.025,0.825,5.675,5.875
2023,16,RB,00-0032104,Ameer Abdullah,2.2,3.525,4.692,5.419,0.677,3.97,13.062,1.325,3.219,2.492,-1.894,-1.167
2023,16,RB,00-0032764,Derrick Henry,21.38,17.175,11.323,12.12,4.119,9.88,22.602,4.205,9.26,10.057,-5.055,-5.852
2023,16,RB,00-0033045,Ezekiel Elliott,21.0,14.25,14.225,13.306,5.353,11.28,23.08,6.75,7.694,6.775,-0.944,-0.025
2023,16,RB,00-0033280,Christian McCaffrey,25.1,27.8,21.407,22.344,9.85,20.289,28.499,2.7,2.756,3.693,-0.056,-0.993
2023,16,RB,00-0033293,Aaron Jones,14.5,10.225,9.853,9.315,2.753,9.122,21.715,4.275,5.185,4.647,-0.91,-0.372
2023,16,RB,00-0033308,Matt Breida,1.3,2.05,4.148,5.119,0.551,3.56,13.103,0.75,3.819,2.848,-3.069,-2.098
2023,16,RB,00-0033376,Patrick Ricard,0.0,1.6,3.438,3.261,0.15,2.459,9.687,1.6,3.261,3.438,-1.661,-1.838
2023,16,RB,00-0033526,Samaje Perine,6.9,7.85,6.696,6.719,0.736,4.971,14.239,0.95,0.181,0.204,0.769,0.746
2023,16,RB,00-0033553,James Conner,22.2,13.975,11.401,11.121,3.723,10.514,22.997,8.225,11.079,10.799,-2.854,-2.574
2023,16,RB,00-0033699,Austin Ekeler,11.6,10.725,9.753,9.667,2.589,9.721,21.853,0.875,1.933,1.847,-1.058,-0.972
2023,16,RB,00-0033854,Dare Ogunbowale,0.6,1.575,4.165,4.74,0.335,2.704,12.107,0.975,4.14,3.565,-3.165,-2.59
2023,16,RB,00-0033856,Leonard Fournette,2.0,11.675,9.325,10.073,2.038,7.666,19.022,9.675,8.073,7.325,1.602,2.35
2023,16,RB,00-0033897,Joe Mixon,9.0,18.575,13.947,13.14,4.639,11.879,24.448,9.575,4.14,4.947,5.435,4.628
2023,16,RB,00-0033906,Alvin Kamara,8.5,18.575,13.865,14.241,3.971,13.479,23.733,10.075,5.741,5.365,4.334,4.71
2023,16,RB,00-0033923,Kareem Hunt,9.6,5.25,5.947,5.737,0.857,5.379,15.932,4.35,3.863,3.653,0.487,0.697
2023,16,RB,00-0033948,Jamaal Williams,2.3,3.375,6.222,6.571,0.718,5.203,16.985,1.075,4.271,3.922,-3.196,-2.847
2023,16,RB,00-0033955,Jeremy McNichols,0.0,3.55,0.754,0.104,-0.192,-0.042,3.662,3.55,0.104,0.754,3.446,2.796
2023,16,RB,00-0034115,Jeff Wilson,3.5,4.95,5.26,5.094,0.328,3.466,14.019,1.45,1.594,1.76,-0.144,-0.31
2023,16,RB,00-0034184,Gus Edwards,14.0,10.275,6.884,6.914,1.087,6.183,17.559,3.725,7.086,7.116,-3.361,-3.391
2023,16,RB,00-0034414,Boston Scott,0.3,1.55,3.195,3.867,0.138,2.605,11.583,1.25,3.567,2.895,-2.317,-1.645
2023,16,RB,00-0034681,Chase Edmonds,2.5,3.025,4.496,4.864,0.279,3.416,12.397,0.525,2.364,1.996,-1.839,-1.471
2023,16,RB,00-0034844,Saquon Barkley,19.4,16.25,12.321,13.438,3.24,11.157,22.844,3.15,5.962,7.079,-2.812,-3.929
2023,16,RB,00-0034972,Alexander Mattison,-0.1,6.55,10.325,11.09,2.667,8.333,19.849,6.65,11.19,10.425,-4.54,-3.775
2023,16,RB,00-0034975,Justice Hill,8.7,2.325,5.326,6.253,0.521,3.796,14.04,6.375,2.447,3.374,3.928,3.001
2023,16,RB,00-0035243,Miles Sanders,1.8,4.35,5.932,6.057,0.71,5.37,15.192,2.55,4.257,4.132,-1.707,-1.582
2023,16,RB,00-0035250,Devin Singletary,9.3,12.925,12.648,11.956,3.498,10.851,21.769,3.625,2.656,3.348,0.969,0.277
2023,16,RB,00-0035261,Tony Pollard,5.3,15.975,15.343,14.925,5.167,12.385,25.635,10.675,9.625,10.043,1.05,0.632
2023,16,RB,00-0035628,D'Ernest Johnson,0.2,3.575,5.789,5.835,0.591,4.551,14.042,3.375,5.635,5.589,-2.26,-2.214
2023,16,RB,00-0035685,David Montgomery,14.9,12.325,12.048,11.707,2.602,9.478,21.803,2.575,3.193,2.852,-0.618,-0.277
2023,16,RB,00-0035924,Jonathan Ward,0.0,1.3,-0.255,0.171,-0.195,-0.07,2.713,1.3,0.171,0.255,1.129,1.045
2023,16,RB,00-0035973,Patrick Taylor,1.3,3.7,4.836,4.561,0.346,3.35,11.866,2.4,3.261,3.536,-0.861,-1.136
2023,16,RB,00-0036139,Rico Dowdle,0.4,7.05,5.841,5.782,0.545,4.272,14.647,6.65,5.382,5.441,1.268,1.209
2023,16,RB,00-0036187,Reggie Gilliam,0.0,0.325,1.095,0.239,-0.195,-0.041,2.876,0.325,0.239,1.095,0.086,-0.77
2023,16,RB,00-0036223,Jonathan Taylor,10.3,16.05,13.367,12.161,4.276,11.832,23.658,5.75,1.861,3.067,3.889,2.683
2023,16,RB,00-0036265,AJ Dillon,7.2,10.175,10.834,10.431,2.921,9.1,20.893,2.975,3.231,3.634,-0.256,-0.659
2023,16,RB,00-0036275,D'Andre Swift,15.2,6.7,11.719,12.954,2.929,9.092,20.253,8.5,2.246,3.481,6.254,5.019
2023,16,RB,00-0036328,Antonio Gibson,10.2,10.725,9.776,9.481,2.238,8.474,19.455,0.525,0.719,0.424,-0.194,0.101
2023,16,RB,00-0036360,Clyde Edwards-Helaire,7.8,7.95,9.114,9.056,1.257,6.703,19.749,0.15,1.256,1.314,-1.106,-1.164
2023,16,RB,00-0036370,Joshua Kelley,-0.2,2.575,4.572,5.625,0.565,3.861,13.248,2.775,5.825,4.772,-3.05,-1.997
2023,16,RB,00-0036425,DeeJay Dallas,0.2,0.775,3.376,3.697,0.129,2.478,10.498,0.575,3.497,3.176,-2.922,-2.601
2023,16,RB,00-0036555,Chuba Hubbard,12.1,16.625,13.309,11.968,4.585,11.703,23.048,4.525,0.132,1.209,4.393,3.316
2023,16,RB,00-0036842,Kene Nwangwu,0.0,0.325,-0.37,0.2,-0.197,0.112,2.836,0.325,0.2,0.37,0.125,-0.045
2023,16,RB,00-0036893,Najee Harris,13.8,8.675,9.601,10.665,1.95,8.852,20.328,5.125,3.135,4.199,1.99,0.926
2023,16,RB,00-0036906,Khalil Herbert,19.1,3.725,5.576,5.164,0.289,3.787,13.383,15.375,13.936,13.524,1.439,1.851
2023,16,RB,00-0036919,Kenny Gainwell,10.9,5.05,8.183,7.973,0.984,5.824,16.853,5.85,2.927,2.717,2.923,3.133
2023,16,RB,00-0036924,Michael Carter,0.0,4.15,5.977,5.903,0.655,4.256,14.275,4.15,5.903,5.977,-1.753,-1.827
2023,16,RB,00-0036973,Travis Etienne,6.1,14.4,13.752,14.553,4.293,11.144,25.125,8.3,8.453,7.652,-0.153,0.648
2023,16,RB,00-0036984,Trey Sermon,0.3,2.525,4.749,4.91,0.301,3.794,14.794,2.225,4.61,4.449,-2.385,-2.224
2023,16,RB,00-0036997,Javonte Williams,10.9,10.55,11.645,11.032,2.949,9.447,22.138,0.35,0.132,0.745,0.218,-0.395
2023,16,RB,00-0037120,Tyler Goodson,4.0,4.6,5.635,5.407,0.348,3.671,13.006,0.6,1.407,1.635,-0.807,-1.035
2023,16,RB,00-0037197,Isiah Pacheco,10.6,15.975,13.875,12.948,4.394,13.065,24.656,5.375,2.348,3.275,3.027,2.1
2023,16,RB,00-0037228,Jaylen Warren,10.4,8.375,11.621,11.216,3.037,8.702,21.675,2.025,0.816,1.221,1.209,0.804
2023,16,RB,00-0037248,James Cook,5.0,24.1,19.093,19.782,4.865,17.4,28.002,19.1,14.782,14.093,4.318,5.007
2023,16,RB,00-0037256,Rachaad White,19.7,19.0,16.257,16.232,5.294,14.306,25.014,0.7,3.468,3.443,-2.768,-2.743
2023,16,RB,00-0037258,Dameon Pierce,8.6,3.725,4.525,4.77,0.183,3.498,14.116,4.875,3.83,4.075,1.045,0.8
2023,16,RB,00-0037263,Tyler Allgeier,15.8,4.775,6.715,6.718,0.703,4.722,15.449,11.025,9.082,9.085,1.943,1.94
2023,16,RB,00-0037267,Jerome Ford,9.3,11.6,10.803,9.929,2.257,8.902,20.952,2.3,0.629,1.503,1.671,0.797
2023,16,RB,00-0037276,Ty Chandler,7.7,12.25,11.235,11.175,2.441,9.124,20.317,4.55,3.475,3.535,1.075,1.015
2023,16,RB,00-0037286,Kevin Harris,2.1,4.825,3.295,4.075,0.14,2.743,13.221,2.725,1.975,1.195,0.75,1.53
2023,16,RB,00-0037429,Raheem Blackshear,2.0,1.175,2.615,3.693,0.126,2.654,11.918,0.825,1.693,0.615,-0.868,0.21
2023,16,RB,00-0037525,Jordan Mason,0.0,3.15,0.599,0.061,-0.195,-0.058,3.662,3.15,0.061,0.599,3.089,2.551
2023,16,RB,00-0037557,Ronnie Rivers,2.0,2.525,4.906,4.781,0.287,3.263,12.844,0.525,2.781,2.906,-2.256,-2.381
2023,16,RB,00-0037840,Kyren Williams,16.4,24.35,19.57,19.581,8.274,16.017,26.353,7.95,3.181,3.17,4.769,4.78
2023,16,RB,00-0038040,Zamir White,14.5,4.7,5.073,5.314,0.529,4.142,14.616,9.8,9.186,9.427,0.614,0.373
2023,16,RB,00-0038045,Isaiah Spiller,1.5,2.225,4.505,5.032,0.337,3.816,14.545,0.725,3.532,3.005,-2.807,-2.28
2023,16,RB,00-0038098,Pierre Strong,2.2,1.65,3.323,4.064,0.14,2.616,11.86,0.55,1.864,1.123,-1.314,-0.573
2023,16,RB,00-0038120,Breece Hall,43.1,12.95,12.918,12.954,3.719,9.999,21.604,30.15,30.146,30.182,0.004,-0.032
2023,16,RB,00-0038134,Kenneth Walker III,6.6,12.975,9.331,9.895,1.776,8.765,20.008,6.375,3.295,2.731,3.08,3.644
2023,16,RB,00-0038389,Israel Abanikanda,4.3,2.133,4.61,5.093,0.302,3.424,13.392,2.167,0.793,0.31,1.374,1.857
2023,16,RB,00-0038488,Brady Russell,0.0,0.0,-0.191,0.482,-0.19,0.078,4.903,0.0,0.482,0.191,-0.482,-0.191
2023,16,RB,00-0038489,Ben VanSumeren,0.0,0.0,1.023,0.523,-0.19,0.248,4.87,0.0,0.523,1.023,-0.523,-1.023
2023,16,RB,00-0038542,Bijan Robinson,19.2,14.6,15.16,15.846,4.519,12.666,25.443,4.6,3.354,4.04,1.246,0.56
2023,16,RB,00-0038597,Chase Brown,4.4,8.425,7.299,7.32,0.619,5.189,16.785,4.025,2.92,2.899,1.105,1.126
2023,16,RB,00-0038611,Chris Rodriguez Jr.,19.5,3.075,5.059,5.228,0.247,3.719,15.085,16.425,14.272,14.441,2.153,1.984
2023,16,RB,00-0038705,Emari Demercado,12.0,8.975,6.348,7.348,0.657,5.846,16.143,3.025,4.652,5.652,-1.627,-2.627
2023,16,RB,00-0038738,Hunter Luepke,2.1,0.075,2.194,2.575,-0.016,1.402,9.795,2.025,0.475,0.094,1.55,1.931
2023,16,RB,00-0038794,Jaleel McLaughlin,10.7,3.125,4.655,4.591,0.328,3.356,12.712,7.575,6.109,6.045,1.466,1.53
2023,16,RB,00-0039021,Roschon Johnson,8.3,6.525,9.344,9.736,1.718,8.584,17.74,1.775,1.436,1.044,0.339,0.731
2023,16,RB,00-0039032,Tyjae Spears,11.7,9.25,11.812,12.046,2.887,9.256,20.454,2.45,0.346,0.112,2.104,2.338
2023,16,RB,00-0039040,De'Von Achane,4.1,12.025,13.577,13.17,2.192,8.901,21.635,7.925,9.07,9.477,-1.145,-1.552
2023,16,RB,00-0039139,Jahmyr Gibbs,24.0,14.925,13.251,13.396,3.385,11.047,23.253,9.075,10.604,10.749,-1.529,-1.674
2023,16,RB,00-0039165,Zach Charbonnet,0.6,8.525,9.775,10.414,1.924,8.969,21.129,7.925,9.814,9.175,-1.889,-1.25
2023,16,WR,00-0027944,Julio Jones,1.5,3.225,3.781,3.696,-0.012,2.709,10.354,1.725,2.196,2.281,-0.471,-0.556
2023,16,WR,00-0030035,Adam Thielen,15.4,6.85,10.138,9.77,2.224,8.86,19.491,8.55,5.63,5.262,2.92,3.288
2023,16,WR,00-0030068,Marquise Goodwin,0.0,2.375,2.904,3.475,-0.05,2.318,11.071,2.375,3.475,2.904,-1.1,-0.529
2023,16,WR,00-0030431,Robert Woods,4.1,3.2,6.359,7.25,0.595,6.175,16.411,0.9,3.15,2.259,-2.25,-1.359
2023,16,WR,00-0030564,DeAndre Hopkins,4.0,14.075,13.695,14.857,5.269,10.372,23.491,10.075,10.857,9.695,-0.782,0.38
2023,16,WR,00-0030663,Willie Snead,1.5,0.875,3.496,3.657,-0.046,2.303,11.205,0.625,2.157,1.996,-1.532,-1.371
2023,16,WR,00-0031235,Odell Beckham Jr.,3.3,11.025,9.254,8.803,1.369,7.675,19.203,7.725,5.503,5.954,2.222,1.771
2023,16,WR,00-0031236,Brandin Cooks,10.3,10.6,9.068,9.254,1.513,7.517,18.954,0.3,1.046,1.232,-0.746,-0.932
2023,16,WR,00-0031381,Davante Adams,1.4,17.475,13.483,11.758,3.488,10.075,21.869,16.075,10.358,12.083,5.717,3.992
2023,16,WR,00-0031408,Mike Evans,27.6,17.925,14.689,14.64,3.33,10.964,24.526,9.675,12.96,12.911,-3.285,-3.236
2023,16,WR,00-0031428,Allen Robinson,7.6,3.75,5.39,5.905,0.051,4.422,15.76,3.85,1.695,2.21,2.155,1.64
2023,16,WR,00-0031544,Amari Cooper,51.5,10.9,10.299,10.979,2.726,9.397,20.998,40.6,40.521,41.201,0.079,-0.601
2023,16,WR,00-0031547,DeVante Parker,10.5,7.35,7.994,7.5,1.496,5.461,16.228,3.15,3.0,2.506,0.15,0.644
2023,16,WR,00-0031549,Nelson Agholor,10.0,5.5,5.181,5.861,0.04,3.936,14.039,4.5,4.139,4.819,0.361,-0.319
2023,16,WR,00-0031588,Stefon Diggs,7.9,10.325,13.662,15.207,3.845,12.247,23.303,2.425,7.307,5.762,-4.882,-3.337
2023,16,WR,00-0031763,DeAndre Carter,0.0,0.0,-0.546,0.464,-0.186,1.079,5.272,0.0,0.464,0.546,-0.464,-0.546
2023,16,WR,00-0031941,Jamison Crowder,0.0,0.8,1.044,2.603,0.062,3.043,9.34,0.8,2.603,1.044,-1.803,-0.244
2023,16,WR,00-0032211,Tyler Lockett,16.1,8.925,11.946,12.6,3.083,10.453,20.762,7.175,3.5,4.154,3.675,3.021
2023,16,WR,00-0032398,Chris Moore,1.9,4.875,5.455,6.063,0.035,4.726,14.104,2.975,4.163,3.555,-1.188,-0.58
2023,16,WR,00-0032464,Kalif Raymond,5.7,5.55,5.153,5.465,0.051,3.22,13.719,0.15,0.235,0.547,-0.085,-0.397
2023,16,WR,00-0032543,Alex Erickson,5.1,4.05,4.362,5.077,0.034,3.945,12.676,1.05,0.023,0.738,1.027,0.312
2023,16,WR,00-0032688,Robbie Chosen,2.9,4.925,3.336,4.035,-0.05,2.44,11.887,2.025,1.135,0.436,0.89,1.589
2023,16,WR,00-0032775,Demarcus Robinson,20.2,11.775,9.331,9.671,1.519,8.619,18.345,8.425,10.529,10.869,-2.104,-2.444
2023,16,WR,00-0033009,Tyler Boyd,10.9,6.025,8.017,7.917,1.106,5.947,17.44,4.875,2.983,2.883,1.892,1.992
2023,16,WR,00-0033040,Tyreek Hill,18.9,24.6,16.32,16.006,5.1,10.647,25.769,5.7,2.894,2.58,2.806,3.12
2023,16,WR,00-0033282,Curtis Samuel,3.0,13.025,9.906,9.534,2.414,7.929,19.875,10.025,6.534,6.906,3.491,3.119
2023,16,WR,00-0033292,Trent Taylor,0.0,0.0,0.017,0.217,-0.19,0.048,3.478,0.0,0.217,0.017,-0.217,-0.017
2023,16,WR,00-0033572,Jamal Agnew,2.2,5.625,3.768,4.462,0.017,3.14,12.161,3.425,2.262,1.568,1.163,1.857
2023,16,WR,00-0033589,David Moore,1.7,4.225,3.524,4.246,-0.014,2.52,11.785,2.525,2.546,1.824,-0.021,0.701
2023,16,WR,00-0033591,Noah Brown,6.8,11.6,10.5,10.637,1.291,7.557,19.934,4.8,3.837,3.7,0.963,1.1
2023,16,WR,00-0033908,Cooper Kupp,10.9,17.825,14.943,16.673,3.785,13.028,22.321,6.925,5.773,4.043,1.152,2.882
2023,16,WR,00-0033921,Chris Godwin Jr.,13.9,12.8,13.788,13.941,3.847,10.808,23.256,1.1,0.041,0.112,1.059,0.988
2023,16,WR,00-0033943,Josh Reynolds,2.6,7.8,6.872,6.749,0.241,5.264,15.266,5.2,4.149,4.272,1.051,0.928
2023,16,WR,00-0034272,Marquez Valdes-Scantling,0.0,3.075,4.918,4.681,0.021,3.597,12.191,3.075,4.681,4.918,-1.606,-1.843
2023,16,WR,00-0034286,Richie James,8.4,1.575,3.046,3.617,-0.016,2.336,11.295,6.825,4.783,5.354,2.042,1.471
2023,16,WR,00-0034297,Byron Pringle,0.0,3.275,3.365,3.829,-0.007,2.833,11.419,3.275,3.829,3.365,-0.554,-0.09
2023,16,WR,00-0034317,Keith Kirkwood,1.9,3.2,4.217,4.749,-0.019,3.443,12.553,1.3,2.849,2.317,-1.549,-1.017
2023,16,WR,00-0034348,Courtland Sutton,0.0,13.025,11.081,11.243,2.784,9.897,21.088,13.025,11.243,11.081,1.782,1.944
2023,16,WR,00-0034386,Justin Watson,13.8,7.625,7.779,7.397,0.679,6.19,14.05,6.175,6.403,6.021,-0.228,0.154
2023,16,WR,00-0034418,Cedrick Wilson Jr.,7.2,5.65,6.513,5.748,0.144,4.749,13.225,1.55,1.452,0.687,0.098,0.863
2023,16,WR,00-0034419,Braxton Berrios,0.0,1.375,1.384,0.389,-0.183,0.014,2.682,1.375,0.389,1.384,0.986,-0.009
2023,16,WR,00-0034521,Allen Lazard,0.0,1.275,4.789,5.677,0.371,4.496,14.002,1.275,5.677,4.789,-4.402,-3.514
2023,16,WR,00-0034646,Brandon Powell,8.3,3.475,5.041,5.36,0.031,3.835,14.316,4.825,2.94,3.259,1.885,1.566
2023,16,WR,00-0034764,Michael Gallup,2.4,4.5,5.326,5.209,0.041,3.987,12.74,2.1,2.809,2.926,-0.709,-0.826
2023,16,WR,00-0034777,DJ Chark,27.8,5.6,6.47,6.473,0.219,4.966,14.757,22.2,21.327,21.33,0.873,0.87
2023,16,WR,00-0034827,DJ Moore,4.8,20.25,17.982,18.796,6.273,14.617,26.421,15.45,13.996,13.182,1.454,2.268
2023,16,WR,00-0034837,Calvin Ridley,25.8,11.85,13.801,14.827,3.945,11.832,24.073,13.95,10.973,11.999,2.977,1.951
2023,16,WR,00-0034854,KhaDarel Hodge,1.5,1.2,4.025,4.549,-0.009,3.426,12.436,0.3,3.049,2.525,-2.749,-2.225
2023,16,WR,00-0034960,Jakobi Meyers,7.2,13.045,9.617,9.405,2.214,8.433,18.717,5.845,2.205,2.417,3.64,3.428
2023,16,WR,00-0034983,Hunter Renfrow,0.0,5.65,5.563,5.955,0.301,5.045,14.676,5.65,5.955,5.563,-0.305,0.087
2023,16,WR,00-0035045,D.J. Montgomery,1.8,6.467,5.595,6.209,0.685,5.538,14.196,4.667,4.409,3.795,0.257,0.872
2023,16,WR,00-0035208,Olamide Zaccheaus,0.0,3.875,3.873,3.652,-0.052,2.622,10.97,3.875,3.652,3.873,0.223,0.002
2023,16,WR,00-0035215,Deonte Harty,0.0,0.825,0.87,0.239,-0.19,-0.037,2.735,0.825,0.239,0.87,0.586,-0.045
2023,16,WR,00-0035216,Diontae Johnson,3.5,13.3,10.705,10.469,2.083,9.129,21.762,9.8,6.969,7.205,2.831,2.595
2023,16,WR,00-0035298,Scott Miller,2.5,2.15,2.997,3.306,-0.015,2.664,11.15,0.35,0.806,0.497,-0.456,-0.147
2023,16,WR,00-0035341,Trenton Irwin,7.7,6.75,4.058,4.432,0.031,3.44,11.745,0.95,3.268,3.642,-2.318,-2.692
2023,16,WR,00-0035414,Jalen Guyton,2.2,2.15,5.15,5.476,0.031,4.468,14.288,0.05,3.276,2.95,-3.226,-2.9
2023,16,WR,00-0035500,Greg Dortch,12.5,8.05,7.694,8.121,1.18,5.836,16.251,4.45,4.379,4.806,0.071,-0.356
2023,16,WR,00-0035535,Darius Slayton,18.0,8.875,7.619,7.246,1.025,6.344,16.617,9.125,10.754,10.381,-1.629,-1.256
2023,16,WR,00-0035640,DK Metcalf,15.6,17.4,13.73,13.495,3.107,11.801,23.207,1.8,2.105,1.87,-0.305,-0.07
2023,16,WR,00-0035645,Gunner Olszewski,0.0,0.0,-0.567,0.522,-0.186,0.535,4.665,0.0,0.522,0.567,-0.522,-0.567
2023,16,WR,00-0035659,Terry McLaurin,8.0,11.1,10.096,10.291,2.183,9.599,20.886,3.1,2.291,2.096,0.809,1.004
2023,16,WR,00-0035676,A.J. Brown,14.0,15.275,17.263,18.44,6.037,14.326,26.118,1.275,4.44,3.263,-3.165,-1.988
2023,16,WR,00-0035703,Miles Boykin,1.6,0.4,1.707,2.82,-0.054,2.184,10.461,1.2,1.22,0.107,-0.02,1.093
2023,16,WR,00-0035719,Deebo Samuel Sr.,9.4,28.525,18.674,17.789,4.565,11.932,26.957,19.125,8.389,9.274,10.736,9.851
2023,16,WR,00-0035976,Dan Chisena,0.0,0.0,-0.305,0.576,-0.186,0.007,4.57,0.0,0.576,0.305,-0.576,-0.305
2023,16,WR,00-0036133,James Proche,0.0,0.0,-0.276,0.519,-0.186,0.007,4.776,0.0,0.519,0.276,-0.519,-0.276
2023,16,WR,00-0036176,Mason Kinsey,1.6,0.0,2.78,3.251,-0.054,2.399,10.031,1.6,1.651,1.18,-0.051,0.42
2023,16,WR,00-0036196,Gabe Davis,23.0,8.025,9.097,9.623,1.276,7.616,18.776,14.975,13.377,13.903,1.598,1.072
2023,16,WR,00-0036233,Donovan Peoples-Jones,2.1,1.05,3.173,3.782,-0.052,2.457,11.229,1.05,1.682,1.073,-0.632,-0.023
2023,16,WR,00-0036261,Brandon Aiyuk,17.3,12.975,13.822,14.521,3.772,11.682,25.247,4.325,2.779,3.478,1.546,0.847
2023,16,WR,00-0036309,Darnell Mooney,2.5,3.95,7.822,7.668,1.153,5.966,17.76,1.45,5.168,5.322,-3.718,-3.872
2023,16,WR,00-0036322,Justin Jefferson,26.1,13.1,13.318,13.859,3.085,11.152,23.822,13.0,12.241,12.782,0.759,0.218
2023,16,WR,00-0036326,Chase Claypool,0.0,1.325,0.479,0.165,-0.19,-0.047,2.735,1.325,0.165,0.479,1.16,0.846
2023,16,WR,00-0036345,K.J. Osborn,20.5,3.725,6.686,6.833,0.299,4.878,16.194,16.775,13.667,13.814,3.108,2.961
2023,16,WR,00-0036358,CeeDee Lamb,25.2,21.9,18.151,17.729,6.57,15.816,26.444,3.3,7.471,7.049,-4.171,-3.749
2023,16,WR,00-0036387,Jalen Reagor,5.3,1.05,3.683,4.194,-0.008,3.128,11.516,4.25,1.106,1.617,3.144,2.633
2023,16,WR,00-0036407,Jerry Jeudy,7.4,6.3,8.589,8.121,1.244,7.042,17.905,1.1,0.721,1.189,0.379,-0.089
2023,16,WR,00-0036410,Tee Higgins,25.0,14.225,11.01,11.599,2.67,9.483,19.645,10.775,13.401,13.99,-2.626,-3.215
2023,16,WR,00-0036415,Van Jefferson,2.3,1.175,4.412,4.118,-0.013,3.449,12.948,1.125,1.818,2.112,-0.693,-0.987
2023,16,WR,00-0036497,Tim Jones,6.2,1.85,4.014,3.793,-0.016,2.604,11.331,4.35,2.407,2.186,1.943,2.164
2023,16,WR,00-0036527,DJ Turner,0.0,0.0,0.189,0.513,-0.186,0.885,4.665,0.0,0.513,0.189,-0.513,-0.189
2023,16,WR,00-0036550,Rashod Bateman,2.4,5.85,7.141,6.978,0.111,5.389,16.629,3.45,4.578,4.741,-1.128,-1.291
2023,16,WR,00-0036554,Nico Collins,13.8,18.325,11.534,10.551,2.466,8.724,21.966,4.525,3.249,2.266,1.276,2.259
2023,16,WR,00-0036613,Jaylen Waddle,6.2,17.925,15.598,15.559,4.311,12.543,25.581,11.725,9.359,9.398,2.366,2.327
2023,16,WR,00-0036626,Dyami Brown,0.0,0.675,0.287,-0.266,-0.19,-0.034,2.65,0.675,0.266,0.287,0.409,0.388
2023,16,WR,00-0036630,Tylan Wallace,0.0,2.05,0.11,0.151,-0.19,-0.047,2.924,2.05,0.151,0.11,1.899,1.94
2023,16,WR,00-0036635,Ihmir Smith-Marsette,12.1,2.15,3.038,3.556,-0.019,2.317,11.327,9.95,8.544,9.062,1.406,0.888
2023,16,WR,00-0036841,Austin Trammell,0.0,0.0,0.458,0.253,-0.19,0.015,3.459,0.0,0.253,0.458,-0.253,-0.458
2023,16,WR,00-0036912,DeVonta Smith,17.9,17.125,15.584,16.189,4.993,14.151,26.064,0.775,1.711,2.316,-0.936,-1.541
2023,16,WR,00-0036936,Rondale Moore,5.6,5.575,6.527,7.145,0.168,4.871,16.418,0.025,1.545,0.927,-1.52,-0.902
2023,16,WR,00-0036963,Amon-Ra St. Brown,28.6,15.175,14.871,15.3,4.359,12.884,25.31,13.425,13.3,13.729,0.125,-0.304
2023,16,WR,00-0036980,Elijah Moore,3.9,7.15,9.223,8.987,1.651,9.171,19.459,3.25,5.087,5.323,-1.837,-2.073
2023,16,WR,00-0036988,Josh Palmer,9.7,13.75,10.92,10.925,2.12,8.698,19.818,4.05,1.225,1.22,2.825,2.83
2023,16,WR,00-0037091,Bo Melton,9.1,1.7,3.138,3.317,-0.017,2.367,10.577,7.4,5.783,5.962,1.617,1.438
2023,16,WR,00-0037098,Samori Toure,0.0,3.0,3.273,3.08,-0.025,2.339,10.414,3.0,3.08,3.273,-0.08,-0.273
2023,16,WR,00-0037132,Britain Covey,1.7,0.0,0.283,0.603,-0.186,0.351,4.665,1.7,1.097,1.417,0.603,0.283
2023,16,WR,00-0037156,Irvin Charles,0.0,0.0,0.286,0.255,-0.186,0.267,5.215,0.0,0.255,0.286,-0.255,-0.286
2023,16,WR,00-0037216,Justyn Ross,1.2,1.6,3.212,3.585,-0.012,2.495,10.582,0.4,2.385,2.012,-1.985,-1.612
2023,16,WR,00-0037238,Drake London,6.9,12.375,11.685,12.16,3.038,10.181,21.96,5.475,5.26,4.785,0.215,0.69
2023,16,WR,00-0037239,Chris Olave,23.3,17.375,13.376,12.77,3.239,10.431,24.23,5.925,10.53,9.924,-4.605,-3.999
2023,16,WR,00-0037240,Jameson Williams,9.3,6.55,7.897,7.939,0.17,5.517,16.151,2.75,1.361,1.403,1.389,1.347
2023,16,WR,00-0037247,George Pickens,35.5,9.0,9.662,9.668,2.118,8.006,19.343,26.5,25.832,25.838,0.668,0.662
2023,16,WR,00-0037257,David Bell,1.6,3.975,3.961,4.073,-0.003,2.716,11.725,2.375,2.473,2.361,-0.098,0.014
2023,16,WR,00-0037261,Khalil Shakir,7.5,7.6,6.989,7.794,0.192,5.228,15.294,0.1,0.294,0.511,-0.194,-0.411
2023,16,WR,00-0037382,Brandon Johnson,15.7,2.325,2.81,3.187,-0.048,2.275,10.538,13.375,12.513,12.89,0.862,0.485
2023,16,WR,00-0037487,Deven Thompkins,0.0,0.5,0.171,0.328,-0.19,0.148,3.291,0.5,0.328,0.171,0.172,0.329
2023,16,WR,00-0037545,Rashid Shaheed,18.4,5.525,6.726,6.369,0.73,5.781,16.542,12.875,12.031,11.674,0.844,1.201
2023,16,WR,00-0037614,John Metchie III,0.0,1.55,3.235,3.321,0.007,2.618,11.073,1.55,3.321,3.235,-1.771,-1.685
2023,16,WR,00-0037664,Alec Pierce,6.0,8.05,8.819,9.503,1.671,8.625,17.399,2.05,3.503,2.819,-1.453,-0.769
2023,16,WR,00-0037666,Jalen Tolbert,7.1,3.2,4.997,4.908,0.022,3.817,12.467,3.9,2.192,2.103,1.708,1.797
2023,16,WR,00-0037740,Garrett Wilson,15.8,12.85,12.658,13.064,2.974,10.472,22.665,2.95,2.736,3.142,0.214,-0.192
2023,16,WR,00-0037741,Jahan Dotson,5.1,7.0,5.79,6.017,0.572,5.116,13.891,1.9,0.917,0.69,0.983,1.21
2023,16,WR,00-0037742,Treylon Burks,4.2,3.95,5.992,6.041,0.035,4.088,14.078,0.25,1.841,1.792,-1.591,-1.542
2023,16,WR,00-0037745,Velus Jones Jr.,0.4,1.1,2.667,3.125,-0.05,1.886,9.748,0.7,2.725,2.267,-2.025,-1.567
2023,16,WR,00-0037801,KaVontae Turpin,1.8,3.65,3.983,3.7,-0.019,2.709,11.088,1.85,1.9,2.183,-0.05,-0.333
2023,16,WR,00-0037816,Romeo Doubs,17.9,7.775,8.68,8.708,1.571,7.33,17.959,10.125,9.192,9.22,0.933,0.905
2023,16,WR,00-0037837,Calvin Austin III,6.7,1.175,2.255,3.036,-0.054,1.969,10.067,5.525,3.664,4.445,1.861,1.08
2023,16,WR,00-0038104,Tyquan Thornton,3.0,3.575,4.737,4.868,0.127,4.001,13.396,0.575,1.868,1.737,-1.293,-1.162
2023,16,WR,00-0038117,Wan'Dale Robinson,4.6,9.325,9.137,8.792,1.507,5.543,17.301,4.725,4.192,4.537,0.533,0.188
2023,16,WR,00-0038393,Dontayvion Wicks,10.9,9.775,8.54,8.298,1.464,6.894,18.219,1.125,2.602,2.36,-1.477,-1.235
2023,16,WR,00-0038465,Malik Heath,1.0,6.15,4.482,4.582,0.054,3.28,12.979,5.15,3.582,3.482,1.568,1.668
2023,16,WR,00-0038492,Jason Brownlee,7.8,4.0,5.162,5.411,0.124,4.062,13.912,3.8,2.389,2.638,1.411,1.162
2023,16,WR,00-0038496,Xavier Gipson,2.7,7.35,7.331,7.644,0.304,5.385,16.983,4.65,4.944,4.631,-0.294,0.019
2023,16,WR,00-0038543,Jaxon Smith-Njigba,12.1,10.15,9.751,9.664,2.051,7.534,19.625,1.95,2.436,2.349,-0.486,-0.399
2023,16,WR,00-0038544,Quentin Johnston,5.0,8.575,8.096,7.798,1.896,6.779,16.801,3.575,2.798,3.096,0.777,0.479
2023,16,WR,00-0038559,Michael Wilson,0.0,5.45,8.059,8.409,1.081,6.855,18.022,5.45,8.409,8.059,-2.959,-2.609
2023,16,WR,00-0038563,Tre Tucker,1.1,6.425,3.759,3.595,-0.011,2.894,11.082,5.325,2.495,2.659,2.83,2.666
2023,16,WR,00-0038573,Derius Davis,2.4,0.475,2.678,3.546,-0.019,2.167,11.185,1.925,1.146,0.278,0.779,1.647
2023,16,WR,00-0038576,Charlie Jones,0.9,0.75,1.849,3.36,0.007,2.508,10.555,0.15,2.46,0.949,-2.31,-0.799
2023,16,WR,00-0038606,Parker Washington,3.9,8.0,6.046,6.338,0.618,5.094,14.501,4.1,2.438,2.146,1.662,1.954
2023,16,WR,00-0038612,A.T. Perry,10.5,4.125,6.149,6.393,0.033,4.449,15.411,6.375,4.107,4.351,2.268,2.024
2023,16,WR,00-0038618,Xavier Hutchinson,2.8,2.525,4.341,4.923,0.024,3.677,11.659,0.275,2.123,1.541,-1.848,-1.266
2023,16,WR,00-0038619,Andrei Iosivas,7.6,1.025,2.936,3.332,-0.016,2.402,11.295,6.575,4.268,4.664,2.307,1.911
2023,16,WR,00-0038621,DeMario Douglas,12.4,10.525,9.665,9.002,2.663,7.568,20.125,1.875,3.398,2.735,-1.523,-0.86
2023,16,WR,00-0038632,Colton Dowell,1.3,0.0,1.799,3.075,-0.055,2.165,9.194,1.3,1.775,0.499,-0.475,0.801
2023,16,WR,00-0038647,Ronnie Bell,8.2,0.0,2.509,3.393,-0.054,2.284,11.159,8.2,4.807,5.691,3.393,2.509
2023,16,WR,00-0038667,Elijah Cooks,6.8,0.0,2.613,3.427,-0.05,2.094,10.286,6.8,3.373,4.187,3.427,2.613
2023,16,WR,00-0038752,Jake Bobo,1.8,1.675,3.095,3.606,-0.018,2.022,10.879,0.125,1.806,1.295,-1.681,-1.17
2023,16,WR,00-0038976,Marvin Mims Jr.,9.3,3.0,4.166,4.343,0.018,3.43,12.688,6.3,4.957,5.134,1.343,1.166
2023,16,WR,00-0038979,Cedric Tillman,3.3,6.75,6.899,7.991,1.127,6.59,17.061,3.45,4.691,3.599,-1.241,-0.149
2023,16,WR,00-0038994,Jordan Addison,1.2,12.775,12.287,12.672,2.855,10.365,22.297,11.575,11.472,11.087,0.103,0.488
2023,16,WR,00-0038997,Josh Downs,9.9,6.2,7.784,7.618,1.412,6.502,16.38,3.7,2.282,2.116,1.418,1.584
2023,16,WR,00-0039052,Trey Palmer,8.2,3.375,6.186,6.205,0.642,4.488,15.913,4.825,1.995,2.014,2.83,2.811
2023,16,WR,00-0039062,Jonathan Mingo,1.9,8.575,10.364,10.259,2.514,8.987,19.597,6.675,8.359,8.464,-1.684,-1.789
2023,16,WR,00-0039064,Zay Flowers,22.2,13.225,11.123,11.492,3.093,8.712,21.255,8.975,10.708,11.077,-1.733,-2.102
2023,16,WR,00-0039067,Rashee Rice,11.7,20.35,14.931,15.244,5.425,14.147,25.597,8.65,3.544,3.231,5.106,5.419
2023,16,WR,00-0039075,Puka Nacua,33.0,13.725,13.176,12.788,4.218,12.38,23.958,19.275,20.212,19.824,-0.937,-0.549
2023,17,RB,00-0029239,Brandon Bolden,0.6,2.625,2.71,2.954,0.143,2.01,12.461,2.025,2.354,2.11,-0.329,-0.085
2023,17,RB,00-0030513,Latavius Murray,0.0,5.6,6.087,6.124,0.37,4.767,14.562,5.6,6.124,6.087,-0.524,-0.487
2023,17,RB,00-0032104,Ameer Abdullah,3.2,3.725,5.833,6.148,0.624,4.093,13.783,0.525,2.948,2.633,-2.423,-2.108
2023,17,RB,00-0032144,Melvin Gordon,7.0,8.975,8.72,8.423,1.576,7.428,18.982,1.975,1.423,1.72,0.552,0.255
2023,17,RB,00-0032764,Derrick Henry,4.2,17.37,8.859,9.203,3.859,10.648,22.529,13.17,5.003,4.659,8.167,8.511
2023,17,RB,00-0033045,Ezekiel Elliott,11.5,17.7,13.876,12.174,5.103,11.972,23.868,6.2,0.674,2.376,5.526,3.824
2023,17,RB,00-0033280,Christian McCaffrey,13.1,26.35,25.67,29.746,12.595,23.66,34.794,13.25,16.646,12.57,-3.396,0.68
2023,17,RB,00-0033293,Aaron Jones,14.0,9.375,12.513,12.435,3.15,9.27,21.664,4.625,1.565,1.487,3.06,3.138
2023,17,RB,00-0033376,Patrick Ricard,7.4,1.6,3.323,2.568,-0.001,2.002,9.037,5.8,4.832,4.077,0.968,1.723
2023,17,RB,00-0033526,Samaje Perine,4.6,6.175,7.168,6.686,0.915,4.629,14.378,1.575,2.086,2.568,-0.511,-0.993
2023,17,RB,00-0033553,James Conner,26.3,17.45,13.994,14.069,4.289,11.86,24.168,8.85,12.231,12.306,-3.381,-3.456
2023,17,RB,00-0033699,Austin Ekeler,4.0,11.275,11.457,12.155,4.364,9.827,21.816,7.275,8.155,7.457,-0.88,-0.182
2023,17,RB,00-0033854,Dare Ogunbowale,0.0,1.725,4.589,5.104,0.528,3.28,12.61,1.725,5.104,4.589,-3.379,-2.864
2023,17,RB,00-0033897,Joe Mixon,18.7,18.825,12.869,11.953,3.968,11.766,24.332,0.125,6.747,5.831,-6.622,-5.706
2023,17,RB,00-0033906,Alvin Kamara,6.9,16.725,13.201,12.196,3.612,11.563,22.764,9.825,5.296,6.301,4.529,3.524
2023,17,RB,00-0033923,Kareem Hunt,9.1,7.1,6.144,6.749,1.247,5.5,17.574,2.0,2.351,2.956,-0.351,-0.956
2023,17,RB,00-0033948,Jamaal Williams,11.1,3.2,6.185,6.761,0.805,4.913,17.039,7.9,4.339,4.915,3.561,2.985
2023,17,RB,00-0034115,Jeff Wilson,6.4,4.125,4.293,4.359,0.223,3.253,12.278,2.275,2.041,2.107,0.234,0.168
2023,17,RB,00-0034184,Gus Edwards,10.8,8.525,8.221,8.427,1.29,6.983,18.773,2.275,2.373,2.579,-0.098,-0.304
2023,17,RB,00-0034433,Nick Bawden,1.8,0.9,2.017,2.424,0.092,1.764,10.728,0.9,0.624,0.217,0.276,0.683
2023,17,RB,00-0034614,Godwin Igwebuike,0.0,0.0,-0.44,0.451,-0.189,0.081,4.78,0.0,0.451,0.44,-0.451,-0.44
2023,17,RB,00-0034681,Chase Edmonds,10.6,3.375,5.528,6.068,0.382,3.893,14.805,7.225,4.532,5.072,2.693,2.153
2023,17,RB,00-0034844,Saquon Barkley,8.8,13.6,13.847,15.375,5.694,12.956,23.4,4.8,6.575,5.047,-1.775,-0.247
2023,17,RB,00-0034972,Alexander Mattison,5.0,5.45,7.446,8.166,1.076,6.862,17.149,0.45,3.166,2.446,-2.716,-1.996
2023,17,RB,00-0034975,Justice Hill,22.2,4.075,6.534,6.997,0.847,5.618,15.204,18.125,15.203,15.666,2.922,2.459
2023,17,RB,00-0035243,Miles Sanders,4.2,4.1,5.845,5.85,0.502,4.304,15.144,0.1,1.65,1.645,-1.55,-1.545
2023,17,RB,00-0035250,Devin Singletary,11.6,11.95,12.4,12.26,3.873,10.375,22.6,0.35,0.66,0.8,-0.31,-0.45
2023,17,RB,00-0035261,Tony Pollard,5.9,11.725,14.59,14.71,4.601,12.43,24.167,5.825,8.81,8.69,-2.985,-2.865
2023,17,RB,00-0035291,Trayveon Williams,0.2,0.775,2.787,3.967,0.106,2.181,11.372,0.575,3.767,2.587,-3.192,-2.012
2023,17,RB,00-0035537,Ty Johnson,2.2,6.9,6.67,6.607,0.361,4.679,15.795,4.7,4.407,4.47,0.293,0.23
2023,17,RB,00-0035628,D'Ernest Johnson,0.0,1.85,4.218,4.869,0.382,3.056,13.186,1.85,4.869,4.218,-3.019,-2.368
2023,17,RB,00-0035685,David Montgomery,12.5,12.275,11.514,10.97,2.832,9.607,22.072,0.225,1.53,0.986,-1.305,-0.761
2023,17,RB,00-0035726,Jakob Johnson,0.0,0.0,0.578,0.033,-0.164,-0.062,2.82,0.0,0.033,0.578,-0.033,-0.578
2023,17,RB,00-0035924,Jonathan Ward,1.1,1.3,3.062,4.287,0.25,3.011,11.327,0.2,3.187,1.962,-2.987,-1.762
2023,17,RB,00-0035973,Patrick Taylor,3.0,3.4,5.032,4.682,0.284,3.551,11.854,0.4,1.682,2.032,-1.282,-1.632
2023,17,RB,00-0036187,Reggie Gilliam,0.0,0.325,0.745,0.15,-0.193,-0.053,2.82,0.325,0.15,0.745,0.175,-0.42
2023,17,RB,00-0036223,Jonathan Taylor,17.4,15.95,12.945,12.559,4.009,12.124,24.092,1.45,4.841,4.455,-3.391,-3.005
2023,17,RB,00-0036265,AJ Dillon,2.7,9.45,9.853,10.178,2.718,8.624,20.366,6.75,7.478,7.153,-0.728,-0.403
2023,17,RB,00-0036275,D'Andre Swift,7.6,8.15,14.96,16.258,4.652,10.282,21.907,0.55,8.658,7.36,-8.108,-6.81
2023,17,RB,00-0036328,Antonio Gibson,5.6,9.15,8.965,9.217,2.278,8.007,19.421,3.55,3.617,3.365,-0.067,0.185
2023,17,RB,00-0036370,Joshua Kelley,0.2,1.675,3.178,3.869,0.148,2.656,12.648,1.475,3.669,2.978,-2.194,-1.503
2023,17,RB,00-0036425,DeeJay Dallas,0.0,0.2,0.218,0.279,-0.193,-0.027,2.678,0.2,0.279,0.218,-0.079,-0.018
2023,17,RB,00-0036555,Chuba Hubbard,11.1,14.6,13.101,12.853,4.066,11.375,22.616,3.5,1.753,2.001,1.747,1.499
2023,17,RB,00-0036567,Elijah Mitchell,14.0,2.65,4.528,4.284,0.276,2.929,13.305,11.35,9.716,9.472,1.634,1.878
2023,17,RB,00-0036842,Kene Nwangwu,0.0,0.1,-0.016,0.211,-0.193,0.006,2.846,0.1,0.211,0.016,-0.111,0.084
2023,17,RB,00-0036893,Najee Harris,24.2,8.15,9.97,10.241,1.331,8.375,20.017,16.05,13.959,14.23,2.091,1.82
2023,17,RB,00-0036906,Khalil Herbert,20.9,6.975,7.111,6.819,1.04,6.003,15.282,13.925,14.081,13.789,-0.156,0.136
2023,17,RB,00-0036919,Kenny Gainwell,6.68,6.375,9.552,9.711,1.522,6.599,18.242,0.305,3.031,2.872,-2.726,-2.567
2023,17,RB,00-0036924,Michael Carter,13.7,4.15,4.17,4.647,0.287,3.242,12.293,9.55,9.053,9.53,0.497,0.02
2023,17,RB,00-0036973,Travis Etienne,25.8,12.775,11.685,10.581,4.263,10.276,22.385,13.025,15.219,14.115,-2.194,-1.09
2023,17,RB,00-0036984,Trey Sermon,6.1,2.6,5.605,6.275,0.339,4.279,14.77,3.5,0.175,0.495,3.325,3.005
2023,17,RB,00-0036997,Javonte Williams,8.8,10.75,10.781,11.269,3.136,9.064,21.649,1.95,2.469,1.981,-0.519,-0.031
2023,17,RB,00-0037120,Tyler Goodson,0.3,4.45,5.901,5.466,0.329,3.88,13.418,4.15,5.166,5.601,-1.016,-1.451
2023,17,RB,00-0037197,Isiah Pacheco,29.5,16.975,14.201,15.088,4.971,12.996,24.999,12.525,14.412,15.299,-1.887,-2.774
2023,17,RB,00-0037228,Jaylen Warren,19.8,9.175,11.379,10.987,4.003,9.515,22.135,10.625,8.813,8.421,1.812,2.204
2023,17,RB,00-0037248,James Cook,5.4,20.55,16.503,16.005,5.864,14.089,26.107,15.15,10.605,11.103,4.545,4.047
2023,17,RB,00-0037256,Rachaad White,8.6,20.675,16.785,16.408,6.797,15.297,25.611,12.075,7.808,8.185,4.267,3.89
2023,17,RB,00-0037258,Dameon Pierce,3.1,5.175,3.666,3.884,0.156,2.662,12.425,2.075,0.784,0.566,1.291,1.509
2023,17,RB,00-0037263,Tyler Allgeier,15.8,7.125,7.189,7.326,0.741,5.266,16.166,8.675,8.474,8.611,0.201,0.064
2023,17,RB,00-0037267,Jerome Ford,26.1,10.95,10.225,10.491,2.247,8.87,20.671,15.15,15.609,15.875,-0.459,-0.725
2023,17,RB,00-0037276,Ty Chandler,9.4,10.425,13.046,13.085,3.007,10.147,21.537,1.025,3.685,3.646,-2.66,-2.621
2023,17,RB,00-0037286,Kevin Harris,8.9,3.2,3.376,4.022,0.226,2.721,11.936,5.7,4.878,5.524,0.822,0.176
2023,17,RB,00-0037525,Jordan Mason,0.3,3.15,4.7,4.281,0.196,2.679,12.166,2.85,3.981,4.4,-1.131,-1.55
2023,17,RB,00-0037557,Ronnie Rivers,1.4,3.025,4.115,4.151,0.138,2.688,13.155,1.625,2.751,2.715,-1.126,-1.09
2023,17,RB,00-0037746,Brian Robinson,11.6,15.4,11.17,11.158,2.572,10.237,22.439,3.8,0.442,0.43,3.358,3.37
2023,17,RB,00-0037840,Kyren Williams,30.1,18.85,17.167,16.795,8.64,14.338,26.124,11.25,13.305,12.933,-2.055,-1.683
2023,17,RB,00-0038040,Zamir White,15.6,8.2,11.18,12.024,2.211,8.364,19.597,7.4,3.576,4.42,3.824,2.98
2023,17,RB,00-0038045,Isaiah Spiller,2.9,2.55,4.668,4.903,0.486,3.745,14.652,0.35,2.003,1.768,-1.653,-1.418
2023,17,RB,00-0038098,Pierre Strong,0.9,1.825,3.728,4.198,0.191,2.769,12.184,0.925,3.298,2.828,-2.373,-1.903
2023,17,RB,00-0038120,Breece Hall,27.6,20.75,13.78,13.011,4.659,11.203,25.981,6.85,14.589,13.82,-7.739,-6.97
2023,17,RB,00-0038134,Kenneth Walker III,16.5,9.7,11.75,11.377,2.385,9.229,19.988,6.8,5.123,4.75,1.677,2.05
2023,17,RB,00-0038389,Israel Abanikanda,7.0,2.675,4.421,5.349,0.324,3.606,14.063,4.325,1.651,2.579,2.674,1.746
2023,17,RB,00-0038396,Eric Gray,1.8,1.85,3.919,4.421,0.243,3.001,11.689,0.05,2.621,2.119,-2.571,-2.069
2023,17,RB,00-0038489,Ben VanSumeren,0.0,0.0,1.512,0.509,-0.189,0.918,4.608,0.0,0.509,1.512,-0.509,-1.512
2023,17,RB,00-0038542,Bijan Robinson,11.6,12.575,13.552,13.108,4.72,12.622,23.168,0.975,1.508,1.952,-0.533,-0.977
2023,17,RB,00-0038555,Tank Bigsby,3.2,0.75,2.887,3.634,0.142,2.5,12.066,2.45,0.434,0.313,2.016,2.137
2023,17,RB,00-0038597,Chase Brown,4.8,9.525,7.157,6.911,0.533,5.113,16.415,4.725,2.111,2.357,2.614,2.368
2023,17,RB,00-0038622,Deuce Vaughn,2.2,3.0,4.764,4.52,0.182,3.153,12.178,0.8,2.32,2.564,-1.52,-1.764
2023,17,RB,00-0038685,Chris Brooks,1.2,4.7,6.008,5.751,0.425,3.796,15.012,3.5,4.551,4.808,-1.051,-1.308
2023,17,RB,00-0038705,Emari Demercado,1.9,9.1,7.141,7.122,0.722,6.087,14.797,7.2,5.222,5.241,1.978,1.959
2023,17,RB,00-0038794,Jaleel McLaughlin,9.2,5.7,5.616,5.052,0.624,4.031,14.396,3.5,4.148,3.584,-0.648,-0.084
2023,17,RB,00-0039021,Roschon Johnson,14.9,7.85,7.541,8.238,1.527,7.15,18.711,7.05,6.662,7.359,0.388,-0.309
2023,17,RB,00-0039032,Tyjae Spears,6.9,11.75,10.859,10.579,3.374,9.381,20.316,4.85,3.679,3.959,1.171,0.891
2023,17,RB,00-0039040,De'Von Achane,23.7,12.675,9.636,9.438,1.969,8.438,20.633,11.025,14.262,14.064,-3.237,-3.039
2023,17,RB,00-0039139,Jahmyr Gibbs,5.3,18.1,14.36,14.116,3.903,11.045,24.086,12.8,8.816,9.06,3.984,3.74
2023,17,RB,00-0039165,Zach Charbonnet,9.1,6.225,7.174,7.763,0.979,6.842,16.964,2.875,1.337,1.926,1.538,0.949
2023,17,WR,00-0026293,Matthew Slater,0.0,0.0,-0.855,0.342,-0.187,0.218,4.977,0.0,0.342,0.855,-0.342,-0.855
2023,17,WR,00-0027944,Julio Jones,17.4,1.65,4.74,4.015,0.012,2.954,11.682,15.75,13.385,12.66,2.365,3.09
2023,17,WR,00-0030035,Adam Thielen,9.8,10.4,10.643,10.702,2.862,9.506,20.476,0.6,0.902,0.843,-0.302,-0.243
2023,17,WR,00-0030431,Robert Woods,9.8,2.725,6.84,7.628,0.407,6.271,16.582,7.075,2.172,2.96,4.903,4.115
2023,17,WR,00-0030564,DeAndre Hopkins,14.2,13.1,12.524,12.685,3.477,10.861,23.501,1.1,1.515,1.676,-0.415,-0.576
2023,17,WR,00-0031235,Odell Beckham Jr.,4.3,7.95,8.472,7.455,1.205,6.826,18.033,3.65,3.155,4.172,0.495,-0.522
2023,17,WR,00-0031236,Brandin Cooks,17.0,8.875,9.535,9.665,1.969,7.517,18.247,8.125,7.335,7.465,0.79,0.66
2023,17,WR,00-0031381,Davante Adams,37.6,12.525,13.34,12.988,4.071,10.99,23.114,25.075,24.612,24.26,0.463,0.815
2023,17,WR,00-0031408,Mike Evans,10.0,18.575,14.954,15.244,3.561,12.23,24.408,8.575,5.244,4.954,3.331,3.621
2023,17,WR,00-0031547,DeVante Parker,2.5,9.375,8.526,8.062,2.497,7.134,18.515,6.875,5.562,6.026,1.313,0.849
2023,17,WR,00-0031549,Nelson Agholor,3.8,5.325,6.01,6.181,0.129,4.45,15.108,1.525,2.381,2.21,-0.856,-0.685
2023,17,WR,00-0031588,Stefon Diggs,7.1,10.625,13.278,13.793,4.082,12.523,23.547,3.525,6.693,6.178,-3.168,-2.653
2023,17,WR,00-0031763,DeAndre Carter,0.0,0.0,-0.308,0.48,-0.187,0.266,4.858,0.0,0.48,0.308,-0.48,-0.308
2023,17,WR,00-0031941,Jamison Crowder,0.0,0.0,-0.19,0.056,-0.19,-0.09,2.717,0.0,0.056,0.19,-0.056,-0.19
2023,17,WR,00-0032208,Phillip Dorsett,0.0,2.975,4.692,5.258,0.049,3.979,13.51,2.975,5.258,4.692,-2.283,-1.717
2023,17,WR,00-0032211,Tyler Lockett,2.0,11.45,13.084,13.783,3.751,11.826,22.908,9.45,11.783,11.084,-2.333,-1.634
2023,17,WR,00-0032385,Sterling Shepard,0.0,2.9,3.575,3.659,-0.003,2.707,11.428,2.9,3.659,3.575,-0.759,-0.675
2023,17,WR,00-0032398,Chris Moore,4.2,3.55,5.645,6.047,0.056,4.627,14.462,0.65,1.847,1.445,-1.197,-0.795
2023,17,WR,00-0032464,Kalif Raymond,2.1,3.325,5.444,5.555,0.04,3.97,13.532,1.225,3.455,3.344,-2.23,-2.119
2023,17,WR,00-0032543,Alex Erickson,16.8,4.65,5.029,5.272,0.045,3.979,12.441,12.15,11.528,11.771,0.622,0.379
2023,17,WR,00-0032688,Robbie Chosen,0.0,2.2,2.962,3.603,-0.053,2.205,11.394,2.2,3.603,2.962,-1.403,-0.762
2023,17,WR,00-0032775,Demarcus Robinson,13.2,16.0,11.424,11.809,3.198,8.97,20.629,2.8,1.391,1.776,1.409,1.024
2023,17,WR,00-0033009,Tyler Boyd,4.9,7.425,8.087,8.216,1.399,6.294,17.54,2.525,3.316,3.187,-0.791,-0.662
2023,17,WR,00-0033040,Tyreek Hill,13.6,21.675,15.481,14.06,4.958,11.886,26.022,8.075,0.46,1.881,7.615,6.194
2023,17,WR,00-0033282,Curtis Samuel,6.3,13.4,10.236,10.337,2.379,8.984,20.814,7.1,4.037,3.936,3.063,3.164
2023,17,WR,00-0033292,Trent Taylor,0.0,0.0,-0.193,0.096,-0.19,0.03,3.634,0.0,0.096,0.193,-0.096,-0.193
2023,17,WR,00-0033555,Mack Hollins,0.0,3.175,1.226,0.117,-0.191,-0.034,2.694,3.175,0.117,1.226,3.058,1.949
2023,17,WR,00-0033572,Jamal Agnew,7.3,4.3,3.596,4.454,0.019,3.687,12.795,3.0,2.846,3.704,0.154,-0.704
2023,17,WR,00-0033589,David Moore,0.0,4.65,3.486,3.994,-0.004,2.451,11.373,4.65,3.994,3.486,0.656,1.164
2023,17,WR,00-0033591,Noah Brown,1.8,7.25,10.266,10.251,1.758,8.787,19.925,5.45,8.451,8.466,-3.001,-3.016
2023,17,WR,00-0033908,Cooper Kupp,12.7,19.35,15.931,16.795,5.259,14.817,26.33,6.65,4.095,3.231,2.555,3.419
2023,17,WR,00-0033921,Chris Godwin Jr.,17.1,14.4,16.053,15.981,3.881,12.335,24.897,2.7,1.119,1.047,1.581,1.653
2023,17,WR,00-0033943,Josh Reynolds,2.3,6.075,6.944,6.536,0.105,5.089,15.067,3.775,4.236,4.644,-0.461,-0.869
2023,17,WR,00-0034054,River Cracraft,0.0,6.075,5.446,5.028,0.022,3.585,12.635,6.075,5.028,5.446,1.047,0.629
2023,17,WR,00-0034272,Marquez Valdes-Scantling,1.3,2.85,5.546,5.454,0.023,3.912,12.959,1.55,4.154,4.246,-2.604,-2.696
2023,17,WR,00-0034286,Richie James,1.6,3.675,4.341,4.334,-0.004,2.575,11.909,2.075,2.734,2.741,-0.659,-0.666
2023,17,WR,00-0034297,Byron Pringle,0.0,2.85,3.323,3.622,-0.015,2.527,11.334,2.85,3.622,3.323,-0.772,-0.473
2023,17,WR,00-0034386,Justin Watson,5.1,7.0,8.094,7.782,0.377,6.096,15.129,1.9,2.682,2.994,-0.782,-1.094
2023,17,WR,00-0034418,Cedrick Wilson Jr.,10.7,4.925,6.894,6.585,0.756,5.442,15.406,5.775,4.115,3.806,1.66,1.969
2023,17,WR,00-0034419,Braxton Berrios,3.0,1.375,3.903,5.092,0.027,3.609,12.483,1.625,2.092,0.903,-0.467,0.722
2023,17,WR,00-0034487,Trent Sherfield,0.0,0.95,4.337,4.785,0.034,3.523,11.68,0.95,4.785,4.337,-3.835,-3.387
2023,17,WR,00-0034646,Brandon Powell,0.0,4.0,4.439,4.901,0.026,4.089,13.571,4.0,4.901,4.439,-0.901,-0.439
2023,17,WR,00-0034777,DJ Chark,2.8,10.95,8.31,7.94,0.988,6.285,17.977,8.15,5.14,5.51,3.01,2.64
2023,17,WR,00-0034827,DJ Moore,30.9,15.8,15.267,15.921,4.273,11.048,24.884,15.1,14.979,15.633,0.121,-0.533
2023,17,WR,00-0034837,Calvin Ridley,7.9,12.825,12.774,12.632,4.486,11.177,24.264,4.925,4.732,4.874,0.193,0.051
2023,17,WR,00-0034854,KhaDarel Hodge,0.0,1.575,3.179,4.24,-0.015,3.243,11.688,1.575,4.24,3.179,-2.665,-1.604
2023,17,WR,00-0034960,Jakobi Meyers,11.6,12.62,10.133,10.013,2.268,7.913,20.082,1.02,1.587,1.467,-0.567,-0.447
2023,17,WR,00-0035120,Keelan Doss,7.5,4.7,4.305,4.777,0.009,2.997,12.843,2.8,2.723,3.195,0.077,-0.395
2023,17,WR,00-0035215,Deonte Harty,0.0,0.825,0.465,0.126,-0.19,-0.034,2.793,0.825,0.126,0.465,0.699,0.36
2023,17,WR,00-0035216,Diontae Johnson,11.6,11.925,10.101,9.972,1.838,8.53,20.179,0.325,1.628,1.499,-1.303,-1.174
2023,17,WR,00-0035341,Trenton Irwin,1.4,5.325,5.366,5.064,0.054,3.706,13.29,3.925,3.664,3.966,0.261,-0.041
2023,17,WR,00-0035406,Lil'Jordan Humphrey,14.9,4.325,5.118,5.743,0.037,4.071,13.423,10.575,9.157,9.782,1.418,0.793
2023,17,WR,00-0035500,Greg Dortch,15.2,7.775,8.995,9.28,1.449,7.116,17.554,7.425,5.92,6.205,1.505,1.22
2023,17,WR,00-0035535,Darius Slayton,20.6,8.825,9.17,8.487,1.965,6.422,18.301,11.775,12.113,11.43,-0.338,0.345
2023,17,WR,00-0035640,DK Metcalf,15.6,19.75,11.582,11.388,2.47,10.676,20.99,4.15,4.212,4.018,-0.062,0.132
2023,17,WR,00-0035645,Gunner Olszewski,6.0,0.0,-0.198,0.569,-0.187,0.0,4.626,6.0,5.431,6.198,0.569,-0.198
2023,17,WR,00-0035659,Terry McLaurin,16.1,10.775,10.726,10.203,2.662,9.532,21.012,5.325,5.897,5.374,-0.572,-0.049
2023,17,WR,00-0035676,A.J. Brown,9.3,15.1,20.923,23.763,7.367,15.692,27.988,5.8,14.463,11.623,-8.663,-5.823
2023,17,WR,00-0035719,Deebo Samuel Sr.,18.2,25.275,16.096,13.951,5.279,13.41,25.871,7.075,4.249,2.104,2.826,4.971
2023,17,WR,00-0036133,James Proche,0.0,0.0,-0.679,0.16,-0.187,0.116,5.305,0.0,0.16,0.679,-0.16,-0.679
2023,17,WR,00-0036165,Isaiah Hodgins,2.8,5.65,4.468,4.653,-0.048,3.552,12.517,2.85,1.853,1.668,0.997,1.182
2023,17,WR,00-0036176,Mason Kinsey,0.0,0.4,0.548,0.278,-0.19,0.065,3.339,0.4,0.278,0.548,0.122,-0.148
2023,17,WR,00-0036196,Gabe Davis,4.1,11.375,10.55,10.876,1.837,10.142,20.863,7.275,6.776,6.45,0.499,0.825
2023,17,WR,00-0036252,Michael Pittman,9.6,19.875,17.634,19.246,6.833,13.937,26.219,10.275,9.646,8.034,0.629,2.241
2023,17,WR,00-0036254,Collin Johnson,2.1,1.825,2.878,3.238,-0.003,2.343,10.515,0.275,1.138,0.778,-0.863,-0.503
2023,17,WR,00-0036261,Brandon Aiyuk,24.4,14.05,14.098,14.422,3.596,13.032,24.611,10.35,9.978,10.302,0.372,0.048
2023,17,WR,00-0036322,Justin Jefferson,10.9,13.0,12.402,12.346,2.796,11.475,23.737,2.1,1.446,1.502,0.654,0.598
2023,17,WR,00-0036326,Chase Claypool,0.0,0.7,2.352,3.534,0.036,2.727,10.563,0.7,3.534,2.352,-2.834,-1.652
2023,17,WR,00-0036358,CeeDee Lamb,40.2,23.875,20.295,20.536,6.612,15.387,28.385,16.325,19.664,19.905,-3.339,-3.58
2023,17,WR,00-0036364,Lynn Bowden,1.6,4.35,5.692,6.25,0.139,4.94,14.981,2.75,4.65,4.092,-1.9,-1.342
2023,17,WR,00-0036387,Jalen Reagor,10.9,1.85,3.942,4.328,0.031,3.638,11.544,9.05,6.572,6.958,2.478,2.092
2023,17,WR,00-0036407,Jerry Jeudy,8.4,7.375,8.792,8.577,1.124,7.001,18.336,1.025,0.177,0.392,0.848,0.633
2023,17,WR,00-0036410,Tee Higgins,2.9,15.725,12.37,13.089,2.481,9.649,20.48,12.825,10.189,9.47,2.636,3.355
2023,17,WR,00-0036415,Van Jefferson,4.9,1.15,3.549,3.967,-0.01,3.345,12.103,3.75,0.933,1.351,2.817,2.399
2023,17,WR,00-0036497,Tim Jones,0.0,3.4,4.169,4.119,-0.004,3.013,11.907,3.4,4.119,4.169,-0.719,-0.769
2023,17,WR,00-0036550,Rashod Bateman,9.4,4.45,6.796,6.402,0.152,5.063,14.765,4.95,2.998,2.604,1.952,2.346
2023,17,WR,00-0036554,Nico Collins,15.7,18.4,11.867,11.965,2.379,10.594,22.913,2.7,3.735,3.833,-1.035,-1.133
2023,17,WR,00-0036630,Tylan Wallace,0.0,1.5,-0.092,0.106,-0.19,0.195,3.544,1.5,0.106,0.092,1.394,1.408
2023,17,WR,00-0036635,Ihmir Smith-Marsette,4.2,4.575,4.065,4.15,-0.017,2.587,11.505,0.375,0.05,0.135,0.325,0.24
2023,17,WR,00-0036841,Austin Trammell,0.0,0.0,0.053,0.579,-0.187,0.0,4.626,0.0,0.579,0.053,-0.579,-0.053
2023,17,WR,00-0036862,Ben Skowronek,0.0,1.025,0.253,0.146,-0.19,-0.034,2.702,1.025,0.146,0.253,0.879,0.772
2023,17,WR,00-0036900,Ja'Marr Chase,7.1,15.005,12.779,12.843,2.841,9.919,20.679,7.905,5.743,5.679,2.162,2.226
2023,17,WR,00-0036912,DeVonta Smith,6.0,15.7,15.83,16.982,4.182,13.626,25.969,9.7,10.982,9.83,-1.282,-0.13
2023,17,WR,00-0036936,Rondale Moore,6.4,3.875,6.325,6.903,0.183,4.435,15.801,2.525,0.503,0.075,2.022,2.45
2023,17,WR,00-0036959,Michael Bandy,0.0,0.625,1.557,0.171,-0.19,-0.033,2.702,0.625,0.171,1.557,0.454,-0.932
2023,17,WR,00-0036963,Amon-Ra St. Brown,22.1,17.7,15.629,15.636,5.42,13.86,26.86,4.4,6.464,6.471,-2.064,-2.071
2023,17,WR,00-0036980,Elijah Moore,17.1,6.775,8.782,7.653,0.746,8.067,18.016,10.325,9.447,8.318,0.878,2.007
2023,17,WR,00-0037091,Bo Melton,22.5,5.4,6.615,6.8,0.179,4.5,15.522,17.1,15.7,15.885,1.4,1.215
2023,17,WR,00-0037098,Samori Toure,0.4,2.5,3.581,3.385,-0.009,2.404,10.728,2.1,2.985,3.181,-0.885,-1.081
2023,17,WR,00-0037156,Irvin Charles,0.0,0.0,-0.268,0.167,-0.187,0.535,5.119,0.0,0.167,0.268,-0.167,-0.268
2023,17,WR,00-0037238,Drake London,9.6,10.575,10.545,10.531,2.041,8.596,20.556,0.975,0.931,0.945,0.044,0.03
2023,17,WR,00-0037239,Chris Olave,5.6,17.85,13.603,12.367,3.445,10.126,25.129,12.25,6.767,8.003,5.483,4.247
2023,17,WR,00-0037240,Jameson Williams,9.5,7.1,8.833,8.225,0.529,5.611,16.101,2.4,1.275,0.667,1.125,1.733
2023,17,WR,00-0037247,George Pickens,20.1,15.675,10.912,10.94,2.9,9.344,20.074,4.425,9.16,9.188,-4.735,-4.763
2023,17,WR,00-0037257,David Bell,2.7,3.975,2.948,3.208,0.007,2.579,11.325,1.275,0.508,0.248,0.767,1.027
2023,17,WR,00-0037261,Khalil Shakir,8.9,4.35,6.869,7.155,0.09,5.232,15.535,4.55,1.745,2.031,2.805,2.519
2023,17,WR,00-0037382,Brandon Johnson,6.7,4.4,4.332,4.193,-0.005,2.827,11.769,2.3,2.507,2.368,-0.207,-0.068
2023,17,WR,00-0037487,Deven Thompkins,1.0,0.5,2.914,3.481,-0.051,2.227,10.533,0.5,2.481,1.914,-1.981,-1.414
2023,17,WR,00-0037545,Rashid Shaheed,3.4,8.825,7.996,7.722,1.605,6.359,16.46,5.425,4.322,4.596,1.103,0.829
2023,17,WR,00-0037614,John Metchie III,2.2,1.15,3.638,3.235,0.006,2.674,11.347,1.05,1.035,1.438,0.015,-0.388
2023,17,WR,00-0037664,Alec Pierce,12.8,7.875,9.773,9.997,1.433,10.096,19.231,4.925,2.803,3.027,2.122,1.898
2023,17,WR,00-0037666,Jalen Tolbert,1.9,4.175,5.818,5.298,0.027,4.025,12.194,2.275,3.398,3.918,-1.123,-1.643
2023,17,WR,00-0037740,Garrett Wilson,9.9,12.45,12.788,11.706,2.908,9.302,21.863,2.55,1.806,2.888,0.744,-0.338
2023,17,WR,00-0037741,Jahan Dotson,0.0,5.45,7.103,6.838,0.605,5.529,16.544,5.45,6.838,7.103,-1.388,-1.653
2023,17,WR,00-0037742,Treylon Burks,3.1,5.0,6.963,6.66,0.183,4.425,13.846,1.9,3.56,3.863,-1.66,-1.963
2023,17,WR,00-0037745,Velus Jones Jr.,0.2,1.2,2.816,3.414,-0.05,2.067,10.355,1.0,3.214,2.616,-2.214,-1.616
2023,17,WR,00-0037801,KaVontae Turpin,0.0,1.5,1.99,0.414,-0.188,-0.033,2.702,1.5,0.414,1.99,1.086,-0.49
2023,17,WR,00-0037816,Romeo Doubs,5.8,10.575,9.439,9.765,2.232,7.814,19.701,4.775,3.965,3.639,0.81,1.136
2023,17,WR,00-0037837,Calvin Austin III,0.0,2.85,0.609,0.249,-0.188,-0.033,2.694,2.85,0.249,0.609,2.601,2.241
2023,17,WR,00-0038104,Tyquan Thornton,5.4,3.275,3.514,4.316,0.033,3.459,12.717,2.125,1.084,1.886,1.041,0.239
2023,17,WR,00-0038117,Wan'Dale Robinson,19.9,8.8,10.194,9.781,1.735,8.151,18.951,11.1,10.119,9.706,0.981,1.394
2023,17,WR,00-0038465,Malik Heath,2.3,4.25,4.977,5.118,0.033,3.965,12.494,1.95,2.818,2.677,-0.868,-0.727
2023,17,WR,00-0038492,Jason Brownlee,4.8,5.9,4.101,4.268,0.854,4.399,12.679,1.1,0.532,0.699,0.568,0.401
2023,17,WR,00-0038496,Xavier Gipson,8.1,7.15,5.663,5.501,0.14,4.957,14.69,0.95,2.599,2.437,-1.649,-1.487
2023,17,WR,00-0038543,Jaxon Smith-Njigba,8.2,11.65,10.293,10.092,2.188,8.459,19.874,3.45,1.892,2.093,1.558,1.357
2023,17,WR,00-0038544,Quentin Johnston,5.9,9.4,8.073,8.072,1.402,6.757,18.413,3.5,2.172,2.173,1.328,1.327
2023,17,WR,00-0038559,Michael Wilson,15.5,4.05,7.41,7.308,0.808,5.858,17.555,11.45,8.192,8.09,3.258,3.36
2023,17,WR,00-0038563,Tre Tucker,5.6,5.45,4.187,4.055,-0.007,2.981,10.763,0.15,1.545,1.413,-1.395,-1.263
2023,17,WR,00-0038573,Derius Davis,0.2,0.8,2.748,3.535,0.025,2.14,10.582,0.6,3.335,2.548,-2.735,-1.948
2023,17,WR,00-0038576,Charlie Jones,0.0,0.975,0.231,0.067,-0.19,-0.043,2.717,0.975,0.067,0.231,0.908,0.744
2023,17,WR,00-0038606,Parker Washington,1.2,8.975,5.372,5.693,0.425,5.148,15.89,7.775,4.493,4.172,3.282,3.603
2023,17,WR,00-0038612,A.T. Perry,1.5,6.325,5.274,5.622,-0.008,4.9,12.08,4.825,4.122,3.774,0.703,1.051
2023,17,WR,00-0038618,Xavier Hutchinson,2.8,2.8,5.449,5.584,0.161,3.793,12.854,0.0,2.784,2.649,-2.784,-2.649
2023,17,WR,00-0038621,DeMario Douglas,7.3,11.0,9.498,8.959,1.929,9.528,19.512,3.7,1.659,2.198,2.041,1.502
2023,17,WR,00-0038647,Ronnie Bell,0.0,2.05,3.085,3.595,-0.054,2.144,11.183,2.05,3.595,3.085,-1.545,-1.035
2023,17,WR,00-0038752,Jake Bobo,1.4,1.675,3.324,3.603,-0.015,2.451,11.321,0.275,2.203,1.924,-1.928,-1.649
2023,17,WR,00-0038938,Jalin Hyatt,5.5,5.225,6.406,6.096,0.183,4.738,13.862,0.275,0.596,0.906,-0.321,-0.631
2023,17,WR,00-0038941,Tyler Scott,3.5,3.3,4.655,5.253,0.038,3.782,13.144,0.2,1.753,1.155,-1.553,-0.955
2023,17,WR,00-0038979,Cedric Tillman,1.8,5.2,6.335,6.642,0.833,6.178,15.757,3.4,4.842,4.535,-1.442,-1.135
2023,17,WR,00-0038994,Jordan Addison,5.8,11.225,10.076,10.393,1.734,8.838,19.852,5.425,4.593,4.276,0.832,1.149
2023,17,WR,00-0038997,Josh Downs,7.3,6.35,9.324,9.471,1.933,7.824,18.263,0.95,2.171,2.024,-1.221,-1.074
2023,17,WR,00-0039052,Trey Palmer,16.4,4.0,6.786,7.089,0.496,4.444,16.63,12.4,9.311,9.614,3.089,2.786
2023,17,WR,00-0039062,Jonathan Mingo,2.0,6.55,9.163,8.845,2.018,8.152,19.007,4.55,6.845,7.163,-2.295,-2.613
2023,17,WR,00-0039064,Zay Flowers,19.6,16.775,14.43,14.852,3.968,12.587,23.362,2.825,4.748,5.17,-1.923,-2.345
2023,17,WR,00-0039067,Rashee Rice,17.7,17.1,15.857,15.53,6.245,13.75,26.906,0.6,2.17,1.843,-1.57,-1.243
2023,17,WR,00-0039075,Puka Nacua,18.7,20.3,15.678,15.54,4.648,12.896,25.088,1.6,3.16,3.022,-1.56,-1.422
2023,17,WR,00-0039146,Jayden Reed,26.9,14.575,12.212,12.848,1.754,9.343,19.486,12.325,14.052,14.688,-1.727,-2.363
2023,18,RB,00-0030578,Cordarrelle Patterson,2.0,3.925,4.846,5.106,0.257,3.934,14.408,1.925,3.106,2.846,-1.181,-0.921
2023,18,RB,00-0032104,Ameer Abdullah,1.7,3.95,5.73,6.01,0.558,4.155,12.762,2.25,4.31,4.03,-2.06,-1.78
2023,18,RB,00-0032144,Melvin Gordon,-0.2,7.975,6.522,7.024,1.038,5.37,16.283,8.175,7.224,6.722,0.951,1.453
2023,18,RB,00-0032764,Derrick Henry,21.3,12.17,8.661,9.516,2.668,9.241,22.32,9.13,11.784,12.639,-2.654,-3.509
2023,18,RB,00-0033045,Ezekiel Elliott,13.1,17.275,16.712,18.494,7.464,16.538,24.972,4.175,5.394,3.612,-1.219,0.563
2023,18,RB,00-0033293,Aaron Jones,19.1,10.525,13.182,12.31,3.316,10.745,23.589,8.575,6.79,5.918,1.785,2.657
2023,18,RB,00-0033296,Alex Armah,2.0,0.575,1.848,2.554,0.037,1.619,7.862,1.425,0.554,0.152,0.871,1.273
2023,18,RB,00-0033526,Samaje Perine,6.0,6.675,6.311,6.494,0.835,5.391,14.345,0.675,0.494,0.311,0.181,0.364
2023,18,RB,00-0033553,James Conner,30.4,22.225,14.138,13.13,4.487,11.205,24.515,8.175,17.27,16.262,-9.095,-8.087
2023,18,RB,00-0033699,Austin Ekeler,11.9,11.1,10.843,11.391,2.08,10.258,21.866,0.8,0.509,1.057,0.291,-0.257
2023,18,RB,00-0033854,Dare Ogunbowale,0.0,1.1,0.933,0.433,-0.139,-0.062,2.724,1.1,0.433,0.933,0.667,0.167
2023,18,RB,00-0033856,Leonard Fournette,2.0,9.325,6.888,6.161,0.437,5.262,15.849,7.325,4.161,4.888,3.164,2.437
2023,18,RB,00-0033897,Joe Mixon,24.7,16.075,12.949,12.833,4.752,12.602,23.836,8.625,11.867,11.751,-3.242,-3.126
2023,18,RB,00-0033923,Kareem Hunt,1.5,7.925,6.369,7.405,1.24,6.33,18.897,6.425,5.905,4.869,0.52,1.556
2023,18,RB,00-0033948,Jamaal Williams,12.4,5.325,7.611,7.674,1.195,6.204,17.25,7.075,4.726,4.789,2.349,2.286
2023,18,RB,00-0033955,Jeremy McNichols,0.0,3.15,0.122,0.078,-0.202,-0.045,3.646,3.15,0.078,0.122,3.072,3.028
2023,18,RB,00-0034115,Jeff Wilson,4.5,3.15,6.02,5.763,0.505,3.955,13.119,1.35,1.263,1.52,0.087,-0.17
2023,18,RB,00-0034184,Gus Edwards,2.8,10.05,8.388,8.591,1.862,7.744,19.663,7.25,5.791,5.588,1.459,1.662
2023,18,RB,00-0034414,Boston Scott,0.5,1.275,3.196,3.776,0.137,2.321,11.546,0.775,3.276,2.696,-2.501,-1.921
2023,18,RB,00-0034681,Chase Edmonds,3.4,5.55,5.943,6.034,0.532,4.148,14.74,2.15,2.634,2.543,-0.484,-0.393
2023,18,RB,00-0034750,Rashaad Penny,1.6,9.325,5.428,5.352,0.318,3.876,13.259,7.725,3.752,3.828,3.973,3.897
2023,18,RB,00-0034838,Royce Freeman,2.5,4.05,3.57,3.396,0.105,2.526,11.731,1.55,0.896,1.07,0.654,0.48
2023,18,RB,00-0034844,Saquon Barkley,23.7,14.25,15.1,15.042,5.705,12.158,23.847,9.45,8.658,8.6,0.792,0.85
2023,18,RB,00-0034972,Alexander Mattison,3.9,4.95,5.996,6.168,0.599,4.693,14.327,1.05,2.268,2.096,-1.218,-1.046
2023,18,RB,00-0034975,Justice Hill,5.6,8.85,8.625,8.765,1.449,6.092,18.517,3.25,3.165,3.025,0.085,0.225
2023,18,RB,00-0035243,Miles Sanders,1.8,4.175,4.942,5.481,0.495,4.366,13.572,2.375,3.681,3.142,-1.306,-0.767
2023,18,RB,00-0035250,Devin Singletary,13.5,13.6,14.501,14.399,3.879,11.495,24.719,0.1,0.899,1.001,-0.799,-0.901
2023,18,RB,00-0035261,Tony Pollard,16.6,8.875,14.404,14.973,6.707,12.395,25.166,7.725,1.627,2.196,6.098,5.529
2023,18,RB,00-0035291,Trayveon Williams,-0.2,0.825,3.055,3.884,0.085,1.278,11.391,1.025,4.084,3.255,-3.059,-2.23
2023,18,RB,00-0035537,Ty Johnson,2.4,3.75,6.404,6.491,0.482,4.562,15.911,1.35,4.091,4.004,-2.741,-2.654
2023,18,RB,00-0035567,Craig Reynolds,0.0,0.0,0.919,0.481,-0.194,-0.066,2.738,0.0,0.481,0.919,-0.481,-0.919
2023,18,RB,00-0035594,Travis Homer,0.0,0.0,-0.316,0.474,-0.19,0.009,4.641,0.0,0.474,0.316,-0.474,-0.316
2023,18,RB,00-0035628,D'Ernest Johnson,-0.1,1.375,4.077,4.668,0.318,2.774,12.355,1.475,4.768,4.177,-3.293,-2.702
2023,18,RB,00-0035685,David Montgomery,10.0,12.275,11.802,12.229,2.608,9.926,22.567,2.275,2.229,1.802,0.046,0.473
2023,18,RB,00-0035715,Derrick Gore,0.3,2.7,5.021,4.252,0.269,3.082,13.001,2.4,3.952,4.721,-1.552,-2.321
2023,18,RB,00-0035726,Jakob Johnson,0.0,0.0,0.486,0.565,-0.109,0.21,4.757,0.0,0.565,0.486,-0.565,-0.486
2023,18,RB,00-0035973,Patrick Taylor,0.0,3.425,1.765,0.478,-0.194,-0.045,2.724,3.425,0.478,1.765,2.947,1.66
2023,18,RB,00-0036139,Rico Dowdle,13.0,4.75,6.393,6.412,0.679,3.98,15.291,8.25,6.588,6.607,1.662,1.643
2023,18,RB,00-0036223,Jonathan Taylor,27.6,15.825,11.265,10.784,4.147,11.571,24.611,11.775,16.816,16.335,-5.041,-4.56
2023,18,RB,00-0036251,Zack Moss,3.0,9.65,10.54,10.075,2.821,8.385,21.843,6.65,7.075,7.54,-0.425,-0.89
2023,18,RB,00-0036269,La'Mical Perine,13.9,2.15,3.691,3.962,0.163,2.707,12.968,11.75,9.938,10.209,1.812,1.541
2023,18,RB,00-0036328,Antonio Gibson,6.6,8.875,8.73,9.275,2.152,8.793,19.716,2.275,2.675,2.13,-0.4,0.145
2023,18,RB,00-0036360,Clyde Edwards-Helaire,2.0,9.775,9.194,9.224,1.373,7.0,19.48,7.775,7.224,7.194,0.551,0.581
2023,18,RB,00-0036370,Joshua Kelley,0.1,0.6,3.351,3.793,0.137,2.597,12.207,0.5,3.693,3.251,-3.193,-2.751
2023,18,RB,00-0036425,DeeJay Dallas,0.0,0.05,-0.66,0.002,-0.194,0.123,2.738,0.05,0.002,0.66,0.048,-0.61
2023,18,RB,00-0036555,Chuba Hubbard,11.2,11.775,12.147,12.397,3.754,10.397,22.387,0.575,1.197,0.947,-0.622,-0.372
2023,18,RB,00-0036567,Elijah Mitchell,14.7,5.575,6.059,6.446,0.661,5.528,15.695,9.125,8.254,8.641,0.871,0.484
2023,18,RB,00-0036842,Kene Nwangwu,0.0,0.1,-0.623,-0.051,-0.202,1.265,3.901,0.1,0.051,0.623,0.049,-0.523
2023,18,RB,00-0036893,Najee Harris,24.3,11.775,10.843,11.151,2.086,9.074,21.412,12.525,13.149,13.457,-0.624,-0.932
2023,18,RB,00-0036906,Khalil Herbert,6.1,10.75,10.451,10.237,2.186,8.137,20.096,4.65,4.137,4.351,0.513,0.299
2023,18,RB,00-0036919,Kenny Gainwell,6.2,5.62,7.252,7.758,1.263,7.259,16.62,0.58,1.558,1.052,-0.978,-0.472
2023,18,RB,00-0036924,Michael Carter,2.9,5.725,5.614,5.796,0.35,3.916,14.233,2.825,2.896,2.714,-0.071,0.111
2023,18,RB,00-0036973,Travis Etienne,13.7,14.75,12.481,12.884,3.58,10.578,24.019,1.05,0.816,1.219,0.234,-0.169
2023,18,RB,00-0036997,Javonte Williams,20.5,10.45,9.301,9.808,2.459,9.159,22.056,10.05,10.692,11.199,-0.642,-1.149
2023,18,RB,00-0037120,Tyler Goodson,0.0,3.75,5.943,5.957,0.261,3.976,14.041,3.75,5.957,5.943,-2.207,-2.193
2023,18,RB,00-0037228,Jaylen Warren,8.0,12.5,13.179,13.237,3.486,10.349,23.134,4.5,5.237,5.179,-0.737,-0.679
2023,18,RB,00-0037248,James Cook,8.2,17.9,15.754,14.836,5.776,12.95,25.931,9.7,6.636,7.554,3.064,2.146
2023,18,RB,00-0037256,Rachaad White,13.3,17.925,15.557,16.1,5.959,12.465,23.278,4.625,2.8,2.257,1.825,2.368
2023,18,RB,00-0037258,Dameon Pierce,0.0,3.425,1.272,0.149,-0.194,-0.069,2.724,3.425,0.149,1.272,3.276,2.153
2023,18,RB,00-0037263,Tyler Allgeier,6.4,10.425,7.682,7.804,0.76,6.37,16.75,4.025,1.404,1.282,2.621,2.743
2023,18,RB,00-0037267,Jerome Ford,5.2,13.925,9.878,10.393,1.815,9.36,21.657,8.725,5.193,4.678,3.532,4.047
2023,18,RB,00-0037276,Ty Chandler,10.9,12.25,12.01,12.431,3.189,9.59,21.879,1.35,1.531,1.11,-0.181,0.24
2023,18,RB,00-0037286,Kevin Harris,1.8,4.95,5.485,6.693,0.345,3.33,13.131,3.15,4.893,3.685,-1.743,-0.535
2023,18,RB,00-0037410,Jashaun Corbin,0.0,2.15,0.705,-0.116,-0.194,-0.065,3.022,2.15,0.116,0.705,2.034,1.445
2023,18,RB,00-0037429,Raheem Blackshear,0.6,1.1,2.551,3.511,0.109,2.068,10.536,0.5,2.911,1.951,-2.411,-1.451
2023,18,RB,00-0037525,Jordan Mason,5.8,2.975,3.327,3.63,0.197,2.696,11.656,2.825,2.17,2.473,0.655,0.352
2023,18,RB,00-0037557,Ronnie Rivers,5.2,1.45,3.421,3.693,0.132,2.643,12.498,3.75,1.507,1.779,2.243,1.971
2023,18,RB,00-0037746,Brian Robinson,10.5,11.375,10.709,11.533,2.974,9.951,21.873,0.875,1.033,0.209,-0.158,0.666
2023,18,RB,00-0038040,Zamir White,13.1,12.1,13.07,12.684,3.179,11.224,21.352,1.0,0.416,0.03,0.584,0.97
2023,18,RB,00-0038098,Pierre Strong,6.5,1.55,3.837,5.004,0.239,3.148,12.977,4.95,1.496,2.663,3.454,2.287
2023,18,RB,00-0038120,Breece Hall,29.0,25.025,16.926,17.548,5.197,13.004,26.53,3.975,11.452,12.074,-7.477,-8.099
2023,18,RB,00-0038134,Kenneth Walker III,9.1,13.175,12.142,11.751,2.726,9.404,21.122,4.075,2.651,3.042,1.424,1.033
2023,18,RB,00-0038389,Israel Abanikanda,0.6,3.775,5.544,6.601,0.443,4.02,14.458,3.175,6.001,4.944,-2.826,-1.769
2023,18,RB,00-0038396,Eric Gray,3.8,1.4,3.379,3.256,0.031,2.622,11.241,2.4,0.544,0.421,1.856,1.979
2023,18,RB,00-0038489,Ben VanSumeren,0.0,0.0,0.744,0.5,-0.19,0.085,4.702,0.0,0.5,0.744,-0.5,-0.744
2023,18,RB,00-0038542,Bijan Robinson,26.1,12.75,13.748,14.031,4.59,11.783,23.997,13.35,12.069,12.352,1.281,0.998
2023,18,RB,00-0038551,Kendre Miller,14.9,5.55,4.387,4.569,0.274,3.292,13.555,9.35,10.331,10.513,-0.981,-1.163
2023,18,RB,00-0038555,Tank Bigsby,1.6,1.425,2.367,3.701,0.17,2.608,13.352,0.175,2.101,0.767,-1.926,-0.592
2023,18,RB,00-0038597,Chase Brown,6.3,9.2,6.484,6.1,0.369,4.278,14.081,2.9,0.2,0.184,2.7,2.716
2023,18,RB,00-0038678,Jordan Mims,0.0,0.0,-0.152,0.484,-0.19,0.085,4.757,0.0,0.484,0.152,-0.484,-0.152
2023,18,RB,00-0038794,Jaleel McLaughlin,0.6,6.975,6.303,6.028,0.68,4.728,15.6,6.375,5.428,5.703,0.947,0.672
2023,18,RB,00-0039021,Roschon Johnson,2.0,8.45,9.089,9.038,1.567,7.813,19.347,6.45,7.038,7.089,-0.588,-0.639
2023,18,RB,00-0039032,Tyjae Spears,21.6,10.275,11.321,10.956,3.912,10.383,22.216,11.325,10.644,10.279,0.681,1.046
2023,18,RB,00-0039040,De'Von Achane,13.1,12.275,12.435,11.678,2.715,9.851,22.836,0.825,1.422,0.665,-0.597,0.16
2023,18,RB,00-0039136,Zach Evans,0.3,0.533,2.453,3.653,0.137,2.265,11.654,0.233,3.353,2.153,-3.12,-1.92
2023,18,RB,00-0039139,Jahmyr Gibbs,9.0,17.825,15.576,16.754,4.466,10.684,24.84,8.825,7.754,6.576,1.071,2.249
2023,18,RB,00-0039165,Zach Charbonnet,8.0,4.275,7.889,7.14,1.017,6.357,15.71,3.725,0.86,0.111,2.865,3.614
2023,18,WR,00-0026293,Matthew Slater,0.0,0.0,-1.133,0.134,-0.187,0.139,5.145,0.0,0.134,1.133,-0.134,-1.133
2023,18,WR,00-0027944,Julio Jones,3.3,5.375,4.768,4.68,0.009,3.458,12.551,2.075,1.38,1.468,0.695,0.607
2023,18,WR,00-0028002,Randall Cobb,1.4,2.625,1.721,2.316,-0.014,2.317,10.154,1.225,0.916,0.321,0.309,0.904
2023,18,WR,00-0030035,Adam Thielen,3.2,11.475,10.147,8.918,2.127,8.995,19.922,8.275,5.718,6.947,2.557,1.328
2023,18,WR,00-0030564,DeAndre Hopkins,17.6,11.925,12.757,11.733,2.778,9.774,22.192,5.675,5.867,4.843,-0.192,0.832
2023,18,WR,00-0031236,Brandin Cooks,16.2,9.0,10.631,10.819,2.087,9.025,18.892,7.2,5.381,5.569,1.819,1.631
2023,18,WR,00-0031381,Davante Adams,15.6,18.85,15.307,15.121,6.334,13.173,25.553,3.25,0.479,0.293,2.771,2.957
2023,18,WR,00-0031408,Mike Evans,5.2,13.775,11.75,11.075,1.829,10.1,22.729,8.575,5.875,6.55,2.7,2.025
2023,18,WR,00-0031428,Allen Robinson,0.0,5.125,5.248,5.265,0.332,4.485,15.078,5.125,5.265,5.248,-0.14,-0.123
2023,18,WR,00-0031547,DeVante Parker,1.6,8.2,7.242,6.614,1.244,6.585,16.106,6.6,5.014,5.642,1.586,0.958
2023,18,WR,00-0031549,Nelson Agholor,8.9,5.5,4.148,4.764,0.085,4.197,14.15,3.4,4.136,4.752,-0.736,-1.352
2023,18,WR,00-0031588,Stefon Diggs,15.7,7.55,13.367,13.383,3.399,9.777,23.143,8.15,2.317,2.333,5.833,5.817
2023,18,WR,00-0031763,DeAndre Carter,1.3,0.0,1.486,2.934,-0.052,1.678,9.503,1.3,1.634,0.186,-0.334,1.114
2023,18,WR,00-0031941,Jamison Crowder,1.8,0.0,2.117,3.678,0.003,2.456,10.987,1.8,1.878,0.317,-0.078,1.483
2023,18,WR,00-0032128,Chris Conley,9.9,2.15,3.541,3.632,-0.016,2.529,10.731,7.75,6.268,6.359,1.482,1.391
2023,18,WR,00-0032211,Tyler Lockett,17.1,9.525,12.129,12.639,3.641,10.888,22.345,7.575,4.461,4.971,3.114,2.604
2023,18,WR,00-0032385,Sterling Shepard,5.4,2.575,3.43,3.572,-0.016,2.368,10.853,2.825,1.828,1.97,0.997,0.855
2023,18,WR,00-0032398,Chris Moore,6.0,4.05,5.82,5.913,0.16,4.295,14.788,1.95,0.087,0.18,1.863,1.77
2023,18,WR,00-0032464,Kalif Raymond,7.0,3.625,4.433,4.454,-0.016,2.685,11.616,3.375,2.546,2.567,0.829,0.808
2023,18,WR,00-0032543,Alex Erickson,4.9,8.025,6.777,6.349,0.732,6.24,14.776,3.125,1.449,1.877,1.676,1.248
2023,18,WR,00-0032951,Laquon Treadwell,2.6,2.275,2.229,2.89,0.192,3.145,9.578,0.325,0.29,0.371,0.035,-0.046
2023,18,WR,00-0033009,Tyler Boyd,1.4,6.85,7.648,7.371,1.258,6.097,17.259,5.45,5.971,6.248,-0.521,-0.798
2023,18,WR,00-0033040,Tyreek Hill,21.2,18.725,14.073,12.772,4.422,11.97,25.614,2.475,8.428,7.127,-5.953,-4.652
2023,18,WR,00-0033282,Curtis Samuel,5.0,10.225,9.7,9.158,1.786,7.289,20.737,5.225,4.158,4.7,1.067,0.525
2023,18,WR,00-0033555,Mack Hollins,0.0,3.175,0.896,0.184,-0.188,-0.03,2.681,3.175,0.184,0.896,2.991,2.279
2023,18,WR,00-0033589,David Moore,1.8,4.65,2.842,3.225,-0.011,2.426,11.204,2.85,1.425,1.042,1.425,1.808
2023,18,WR,00-0033891,Zay Jones,10.7,8.4,9.766,9.808,2.305,9.009,19.402,2.3,0.892,0.934,1.408,1.366
2023,18,WR,00-0033921,Chris Godwin Jr.,11.5,16.7,15.234,15.691,3.541,11.495,24.805,5.2,4.191,3.734,1.009,1.466
2023,18,WR,00-0033943,Josh Reynolds,9.4,6.1,6.807,6.617,0.19,4.856,15.422,3.3,2.783,2.593,0.517,0.707
2023,18,WR,00-0034054,River Cracraft,2.8,2.825,4.975,4.304,0.008,2.957,10.617,0.025,1.504,2.175,-1.479,-2.15
2023,18,WR,00-0034279,Equanimeous St. Brown,2.8,2.1,4.363,5.133,0.023,3.449,12.465,0.7,2.333,1.563,-1.633,-0.863
2023,18,WR,00-0034286,Richie James,3.5,3.525,3.0,3.395,-0.011,2.536,11.438,0.025,0.105,0.5,-0.08,-0.475
2023,18,WR,00-0034297,Byron Pringle,0.0,1.55,0.754,0.063,-0.19,-0.034,2.681,1.55,0.063,0.754,1.487,0.796
2023,18,WR,00-0034348,Courtland Sutton,1.2,10.75,8.971,9.283,1.089,7.405,19.261,9.55,8.083,7.771,1.467,1.779
2023,18,WR,00-0034386,Justin Watson,0.0,6.45,5.193,4.797,0.066,4.823,14.486,6.45,4.797,5.193,1.653,1.257
2023,18,WR,00-0034407,Ray-Ray McCloud,5.9,2.4,2.468,3.778,-0.01,2.365,11.461,3.5,2.122,3.432,1.378,0.068
2023,18,WR,00-0034418,Cedrick Wilson Jr.,3.4,6.275,7.283,7.095,0.763,5.776,16.529,2.875,3.695,3.883,-0.82,-1.008
2023,18,WR,00-0034419,Braxton Berrios,2.9,2.125,4.325,5.242,0.023,3.62,12.995,0.775,2.342,1.425,-1.567,-0.65
2023,18,WR,00-0034487,Trent Sherfield,11.4,0.95,4.329,4.562,0.031,3.76,12.624,10.45,6.838,7.071,3.612,3.379
2023,18,WR,00-0034646,Brandon Powell,1.2,2.075,3.278,3.777,0.003,2.597,11.335,0.875,2.577,2.078,-1.702,-1.203
2023,18,WR,00-0034764,Michael Gallup,0.0,4.525,5.419,5.529,0.027,3.94,12.663,4.525,5.529,5.419,-1.004,-0.894
2023,18,WR,00-0034777,DJ Chark,4.6,9.5,7.78,7.265,0.918,6.595,16.964,4.9,2.665,3.18,2.235,1.72
2023,18,WR,00-0034827,DJ Moore,10.4,17.925,16.179,15.79,4.027,12.65,25.583,7.525,5.39,5.779,2.135,1.746
2023,18,WR,00-0034837,Calvin Ridley,22.6,12.975,13.564,13.471,4.778,12.276,23.554,9.625,9.129,9.036,0.496,0.589
2023,18,WR,00-0034854,KhaDarel Hodge,0.0,1.575,3.259,3.657,-0.052,2.365,10.844,1.575,3.657,3.259,-2.082,-1.684
2023,18,WR,00-0034960,Jakobi Meyers,21.6,10.495,10.582,10.536,2.158,9.137,20.421,11.105,11.064,11.018,0.041,0.087
2023,18,WR,00-0035120,Keelan Doss,1.8,4.475,5.246,5.076,0.204,4.946,14.289,2.675,3.276,3.446,-0.601,-0.771
2023,18,WR,00-0035140,Mecole Hardman,13.7,3.1,3.541,3.975,0.024,2.915,11.771,10.6,9.725,10.159,0.875,0.441
2023,18,WR,00-0035208,Olamide Zaccheaus,4.0,3.425,3.08,3.38,-0.054,2.056,11.575,0.575,0.62,0.92,-0.045,-0.345
2023,18,WR,00-0035215,Deonte Harty,8.2,0.875,2.703,3.336,-0.053,2.088,11.043,7.325,4.864,5.497,2.461,1.828
2023,18,WR,00-0035216,Diontae Johnson,18.9,11.5,9.563,8.778,1.169,7.983,20.224,7.4,10.122,9.337,-2.722,-1.937
2023,18,WR,00-0035298,Scott Miller,8.6,0.975,2.956,3.454,-0.016,2.293,10.452,7.625,5.146,5.644,2.479,1.981
2023,18,WR,00-0035341,Trenton Irwin,5.4,4.025,4.698,4.781,0.01,4.01,13.609,1.375,0.619,0.702,0.756,0.673
2023,18,WR,00-0035406,Lil'Jordan Humphrey,0.0,7.475,5.705,6.37,0.249,5.505,14.061,7.475,6.37,5.705,1.105,1.77
2023,18,WR,00-0035500,Greg Dortch,3.4,8.65,10.322,10.386,1.516,7.643,18.388,5.25,6.986,6.922,-1.736,-1.672
2023,18,WR,00-0035535,Darius Slayton,17.2,13.075,9.824,10.218,2.229,7.864,19.322,4.125,6.982,7.376,-2.857,-3.251
2023,18,WR,00-0035640,DK Metcalf,2.0,14.3,13.636,13.026,3.099,10.479,22.283,12.3,11.026,11.636,1.274,0.664
2023,18,WR,00-0035645,Gunner Olszewski,0.0,1.5,-0.2,0.542,-0.187,0.044,4.659,1.5,0.542,0.2,0.958,1.3
2023,18,WR,00-0035659,Terry McLaurin,11.6,12.55,11.642,11.43,2.869,9.465,21.941,0.95,0.17,0.042,0.78,0.908
2023,18,WR,00-0035676,A.J. Brown,-0.1,12.575,17.967,19.001,5.74,13.688,25.731,12.675,19.101,18.067,-6.426,-5.392
2023,18,WR,00-0035719,Deebo Samuel Sr.,5.2,20.875,14.399,13.565,4.756,12.124,23.435,15.675,8.365,9.199,7.31,6.476
2023,18,WR,00-0036133,James Proche,0.0,0.0,1.018,2.795,-0.045,1.813,10.101,0.0,2.795,1.018,-2.795,-1.018
2023,18,WR,00-0036165,Isaiah Hodgins,6.6,5.3,3.982,4.22,-0.049,2.762,11.798,1.3,2.38,2.618,-1.08,-1.318
2023,18,WR,00-0036176,Mason Kinsey,0.0,0.4,0.4,0.22,-0.19,0.057,3.317,0.4,0.22,0.4,0.18,0.0
2023,18,WR,00-0036196,Gabe Davis,0.0,6.775,9.928,9.665,1.369,7.678,20.056,6.775,9.665,9.928,-2.89,-3.153
2023,18,WR,00-0036233,Donovan Peoples-Jones,4.5,1.575,3.192,3.491,-0.056,2.244,11.29,2.925,1.009,1.308,1.916,1.617
2023,18,WR,00-0036252,Michael Pittman,9.4,17.1,15.59,15.311,6.284,12.636,27.529,7.7,5.911,6.19,1.789,1.51
2023,18,WR,00-0036261,Brandon Aiyuk,5.5,16.25,14.049,13.866,4.209,12.125,24.218,10.75,8.366,8.549,2.384,2.201
2023,18,WR,00-0036271,Quez Watkins,23.3,2.975,4.66,5.111,0.01,3.79,13.758,20.325,18.189,18.64,2.136,1.685
2023,18,WR,00-0036322,Justin Jefferson,36.0,14.275,14.146,14.417,3.35,11.879,25.683,21.725,21.583,21.854,0.142,-0.129
2023,18,WR,00-0036326,Chase Claypool,1.3,0.7,2.512,3.664,0.003,2.597,10.624,0.6,2.364,1.212,-1.764,-0.612
2023,18,WR,00-0036345,K.J. Osborn,2.9,8.425,8.122,8.116,1.486,6.295,17.63,5.525,5.216,5.222,0.309,0.303
2023,18,WR,00-0036358,CeeDee Lamb,35.5,25.775,21.1,20.044,7.567,15.873,28.2,9.725,15.456,14.4,-5.731,-4.675
2023,18,WR,00-0036364,Lynn Bowden,1.3,3.75,4.984,5.657,0.088,4.468,14.612,2.45,4.357,3.684,-1.907,-1.234
2023,18,WR,00-0036387,Jalen Reagor,6.0,4.05,3.523,4.18,0.134,3.642,11.897,1.95,1.82,2.477,0.13,-0.527
2023,18,WR,00-0036407,Jerry Jeudy,16.9,7.45,8.572,8.722,1.62,7.041,17.373,9.45,8.178,8.328,1.272,1.122
2023,18,WR,00-0036415,Van Jefferson,3.3,2.375,4.405,4.434,0.002,3.404,12.287,0.925,1.134,1.105,-0.209,-0.18
2023,18,WR,00-0036427,Tyler Johnson,8.8,6.075,5.882,6.553,0.55,5.35,15.096,2.725,2.247,2.918,0.478,-0.193
2023,18,WR,00-0036497,Tim Jones,1.7,2.475,4.145,3.722,-0.008,2.658,10.86,0.775,2.022,2.445,-1.247,-1.67
2023,18,WR,00-0036527,DJ Turner,0.0,0.0,0.455,0.553,-0.187,0.25,4.91,0.0,0.553,0.455,-0.553,-0.455
2023,18,WR,00-0036554,Nico Collins,34.5,16.475,12.498,12.852,3.147,10.942,22.773,18.025,21.648,22.002,-3.623,-3.977
2023,18,WR,00-0036626,Dyami Brown,0.16,0.25,2.614,3.543,-0.055,2.306,11.53,0.09,3.383,2.454,-3.293,-2.364
2023,18,WR,00-0036630,Tylan Wallace,2.1,1.5,1.087,2.914,-0.022,2.048,10.509,0.6,0.814,1.013,-0.214,-0.413
2023,18,WR,00-0036635,Ihmir Smith-Marsette,1.6,5.625,4.084,3.878,-0.005,2.713,12.462,4.025,2.278,2.484,1.747,1.541
2023,18,WR,00-0036841,Austin Trammell,0.0,0.0,-0.495,0.447,-0.187,0.246,4.619,0.0,0.447,0.495,-0.447,-0.495
2023,18,WR,00-0036849,Tutu Atwell,4.3,3.8,3.807,3.607,0.003,3.099,10.785,0.5,0.693,0.493,-0.193,0.007
2023,18,WR,00-0036862,Ben Skowronek,4.2,0.8,2.186,3.246,-0.016,1.955,10.476,3.4,0.954,2.014,2.446,1.386
2023,18,WR,00-0036900,Ja'Marr Chase,5.9,13.755,9.926,9.229,2.6,9.427,20.557,7.855,3.329,4.026,4.526,3.829
2023,18,WR,00-0036936,Rondale Moore,7.6,4.1,7.324,7.416,0.179,4.794,17.238,3.5,0.184,0.276,3.316,3.224
2023,18,WR,00-0036955,Terrace Marshall Jr.,1.5,1.0,4.117,4.064,0.045,3.761,12.063,0.5,2.564,2.617,-2.064,-2.117
2023,18,WR,00-0036963,Amon-Ra St. Brown,27.4,20.0,17.748,18.819,5.657,14.476,26.946,7.4,8.581,9.652,-1.181,-2.252
2023,18,WR,00-0036988,Josh Palmer,11.0,13.675,9.169,8.408,1.182,8.761,19.327,2.675,2.592,1.831,0.083,0.844
2023,18,WR,00-0037091,Bo Melton,12.6,11.1,9.345,8.681,1.57,6.587,19.759,1.5,3.919,3.255,-2.419,-1.755
2023,18,WR,00-0037093,Dareke Young,0.0,1.1,0.395,0.084,-0.188,-0.186,3.317,1.1,0.084,0.395,1.016,0.705
2023,18,WR,00-0037132,Britain Covey,6.5,0.425,2.067,3.208,-0.016,1.624,9.887,6.075,3.292,4.433,2.783,1.642
2023,18,WR,00-0037156,Irvin Charles,0.0,0.0,-0.5,-0.008,-0.187,0.346,4.91,0.0,0.008,0.5,-0.008,-0.5
2023,18,WR,00-0037216,Justyn Ross,3.7,1.5,2.237,3.038,-0.02,2.318,10.61,2.2,0.662,1.463,1.538,0.737
2023,18,WR,00-0037238,Drake London,8.1,12.525,10.78,10.953,2.039,8.989,20.793,4.425,2.853,2.68,1.572,1.745
2023,18,WR,00-0037239,Chris Olave,14.6,14.65,12.757,12.454,3.668,10.886,24.353,0.05,2.146,1.843,-2.096,-1.793
2023,18,WR,00-0037247,George Pickens,0.3,17.55,11.125,9.273,3.33,9.67,20.788,17.25,8.973,10.825,8.277,6.425
2023,18,WR,00-0037257,David Bell,22.8,4.65,3.409,3.429,0.001,2.881,11.466,18.15,19.371,19.391,-1.221,-1.241
2023,18,WR,00-0037261,Khalil Shakir,16.5,4.65,7.496,7.736,0.375,5.308,16.604,11.85,8.764,9.004,3.086,2.846
2023,18,WR,00-0037273,Kyle Philips,3.5,5.65,5.044,5.153,0.101,3.549,12.295,2.15,1.653,1.544,0.497,0.606
2023,18,WR,00-0037382,Brandon Johnson,12.8,5.6,5.483,5.407,0.044,4.271,13.666,7.2,7.393,7.317,-0.193,-0.117
2023,18,WR,00-0037487,Deven Thompkins,1.1,0.225,2.319,2.812,-0.045,2.125,10.509,0.875,1.712,1.219,-0.837,-0.344
2023,18,WR,00-0037545,Rashid Shaheed,15.5,7.825,8.493,7.537,1.524,6.648,15.93,7.675,7.963,7.007,-0.288,0.668
2023,18,WR,00-0037614,John Metchie III,1.5,1.225,4.519,3.753,0.011,3.144,12.104,0.275,2.253,3.019,-1.978,-2.744
2023,18,WR,00-0037664,Alec Pierce,0.0,6.325,10.091,10.991,1.389,7.542,19.005,6.325,10.991,10.091,-4.666,-3.766
2023,18,WR,00-0037666,Jalen Tolbert,8.8,2.925,4.728,4.723,0.018,3.665,12.369,5.875,4.077,4.072,1.798,1.803
2023,18,WR,00-0037740,Garrett Wilson,5.4,12.925,11.916,11.315,3.622,9.174,21.144,7.525,5.915,6.516,1.61,1.009
2023,18,WR,00-0037741,Jahan Dotson,3.7,2.9,6.462,6.686,0.566,5.083,16.343,0.8,2.986,2.762,-2.186,-1.962
2023,18,WR,00-0037745,Velus Jones Jr.,0.0,1.25,0.309,0.371,-0.19,-0.034,2.681,1.25,0.371,0.309,0.879,0.941
2023,18,WR,00-0037801,KaVontae Turpin,0.5,1.0,4.18,3.965,-0.016,2.708,11.245,0.5,3.465,3.68,-2.965,-3.18
2023,18,WR,00-0037816,Romeo Doubs,0.0,9.225,10.027,9.969,2.093,8.113,20.033,9.225,9.969,10.027,-0.744,-0.802
2023,18,WR,00-0037837,Calvin Austin III,0.8,2.475,2.472,3.052,-0.053,2.058,10.477,1.675,2.252,1.672,-0.577,0.003
2023,18,WR,00-0038117,Wan'Dale Robinson,13.5,12.125,11.547,12.017,3.142,10.228,22.079,1.375,1.483,1.953,-0.108,-0.578
2023,18,WR,00-0038393,Dontayvion Wicks,24.1,9.475,8.276,7.592,1.381,6.187,18.185,14.625,16.508,15.824,-1.883,-1.199
2023,18,WR,00-0038465,Malik Heath,3.9,4.2,5.279,5.255,0.023,3.873,12.334,0.3,1.355,1.379,-1.055,-1.079
2023,18,WR,00-0038492,Jason Brownlee,0.0,5.533,4.139,5.131,0.232,6.058,13.359,5.533,5.131,4.139,0.402,1.394
2023,18,WR,00-0038496,Xavier Gipson,1.4,5.975,6.621,6.002,0.435,5.622,15.998,4.575,4.602,5.221,-0.027,-0.646
2023,18,WR,00-0038543,Jaxon Smith-Njigba,4.4,10.4,10.093,9.792,1.912,7.188,19.956,6.0,5.392,5.693,0.608,0.307
2023,18,WR,00-0038544,Quentin Johnston,4.3,8.325,8.542,8.193,1.669,6.954,17.688,4.025,3.893,4.242,0.132,-0.217
2023,18,WR,00-0038559,Michael Wilson,15.5,5.475,8.169,8.374,0.556,7.302,18.153,10.025,7.126,7.331,2.899,2.694
2023,18,WR,00-0038563,Tre Tucker,14.0,6.85,5.05,4.95,0.037,4.075,11.909,7.15,9.05,8.95,-1.9,-1.8
2023,18,WR,00-0038573,Derius Davis,4.5,0.85,1.871,2.544,-0.045,2.138,10.337,3.65,1.956,2.629,1.694,1.021
2023,18,WR,00-0038576,Charlie Jones,9.2,0.975,1.992,2.849,-0.012,2.317,10.554,8.225,6.351,7.208,1.874,1.017
2023,18,WR,00-0038606,Parker Washington,2.1,4.75,5.624,5.292,0.161,4.684,14.388,2.65,3.192,3.524,-0.542,-0.874
2023,18,WR,00-0038612,A.T. Perry,20.3,5.7,4.737,5.091,0.023,4.457,11.805,14.6,15.209,15.563,-0.609,-0.963
2023,18,WR,00-0038618,Xavier Hutchinson,1.6,2.4,5.239,5.404,0.04,3.994,12.807,0.8,3.804,3.639,-3.004,-2.839
2023,18,WR,00-0038619,Andrei Iosivas,20.6,2.925,4.167,4.155,0.042,4.062,13.476,17.675,16.445,16.433,1.23,1.242
2023,18,WR,00-0038621,DeMario Douglas,3.3,9.225,10.564,10.096,2.827,9.24,20.156,5.925,6.796,7.264,-0.871,-1.339
2023,18,WR,00-0038640,Jalen Brooks,1.1,5.65,5.184,4.936,0.263,3.741,13.142,4.55,3.836,4.084,0.714,0.466
2023,18,WR,00-0038647,Ronnie Bell,7.5,2.05,2.493,3.282,-0.053,2.357,10.748,5.45,4.218,5.007,1.232,0.443
2023,18,WR,00-0038667,Elijah Cooks,0.0,2.267,1.163,0.196,-0.19,-0.03,2.681,2.267,0.196,1.163,2.07,1.104
2023,18,WR,00-0038752,Jake Bobo,1.9,1.625,3.612,3.879,-0.012,2.43,11.747,0.275,1.979,1.712,-1.704,-1.437
2023,18,WR,00-0038938,Jalin Hyatt,1.5,6.175,6.559,6.541,0.209,5.19,16.955,4.675,5.041,5.059,-0.366,-0.384
2023,18,WR,00-0038941,Tyler Scott,2.2,3.15,5.985,6.126,0.036,4.212,13.934,0.95,3.926,3.785,-2.976,-2.835
2023,18,WR,00-0038976,Marvin Mims Jr.,2.7,3.95,4.805,5.377,0.041,3.839,13.753,1.25,2.677,2.105,-1.427,-0.855
2023,18,WR,00-0038979,Cedric Tillman,7.3,4.65,6.329,6.721,0.691,6.694,15.996,2.65,0.579,0.971,2.071,1.679
2023,18,WR,00-0038994,Jordan Addison,15.7,10.2,9.439,10.1,1.832,7.892,19.922,5.5,5.6,6.261,-0.1,-0.761
2023,18,WR,00-0038997,Josh Downs,7.8,7.075,8.114,8.027,1.25,6.282,17.718,0.725,0.227,0.314,0.498,0.411
2023,18,WR,00-0039052,Trey Palmer,3.0,6.975,6.087,6.439,0.328,5.607,16.11,3.975,3.439,3.087,0.536,0.888
2023,18,WR,00-0039075,Puka Nacua,14.1,19.0,13.674,11.741,4.79,9.687,21.681,4.9,2.359,0.426,2.541,4.474
2023,18,WR,00-0039146,Jayden Reed,15.2,17.55,13.187,13.307,3.25,10.865,23.466,2.35,1.893,2.013,0.457,0.337
